[main] WARN soot.jimple.infoflow.methodSummary.data.provider.LazySummaryProvider - Lazy loading summaries from a jar/zip file might throw a ClosedChannelException. Use the EagerSummaryProvider instead.
[main] INFO soot.jimple.infoflow.methodSummary.taintWrappers.SummaryTaintWrapper - Initializing summary taint wrapper with summaries for 347 classes...
[main] INFO soot.jimple.infoflow.cmd.MainClass - Analyzing app /home/julia/thesis-apk-study/data/eu/lu.bgl.spm.retail__vc458__E81541FB320BC58427611D50F6840C98F0D67D1AFD0B259342D996FB5BA03D66.apk (1 of 1)...
[main] INFO soot.jimple.infoflow.android.SetupApplication - Initializing Soot...
[main] INFO soot.jimple.infoflow.android.SetupApplication - Loading dex files...
[main] WARN soot.jimple.infoflow.android.resources.ARSCFileParser - Unsupported ResTable entry flags encountered: FLAG_WEAK 
[main] INFO soot.jimple.infoflow.android.SetupApplication - ARSC file parsing took 0.048450385 seconds
[main] INFO soot.jimple.infoflow.memory.MemoryWarningSystem - Registered a memory warning system for 165,888 MiB
[main] INFO soot.jimple.infoflow.memory.FlowDroidTimeoutWatcher - FlowDroid timeout watcher started
[main] INFO soot.jimple.infoflow.android.entryPointCreators.AndroidEntryPointCreator - Creating Android entry point for 57 components...
[main] INFO soot.jimple.infoflow.android.SetupApplication - Constructing the callgraph...
[main] INFO soot.jimple.infoflow.android.callbacks.DefaultCallbackAnalyzer - Collecting callbacks in DEFAULT mode...
[main] INFO soot.jimple.infoflow.android.callbacks.DefaultCallbackAnalyzer - Callback analysis done.
[main] INFO soot.jimple.infoflow.android.entryPointCreators.AndroidEntryPointCreator - Creating Android entry point for 57 components...
[main] WARN soot.jimple.infoflow.android.entryPointCreators.AndroidEntryPointCreator - Cannot create valid constructor for com.bumptech.glide.load.engine.cache.MemoryCache, because it is an interface and cannot substitute with subclass
[main] WARN soot.jimple.infoflow.android.entryPointCreators.AndroidEntryPointCreator - Cannot create valid constructor for com.bumptech.glide.load.engine.cache.DiskCache$Factory, because it is an interface and cannot substitute with subclass
[main] WARN soot.jimple.infoflow.android.entryPointCreators.AndroidEntryPointCreator - Cannot create valid constructor for com.bumptech.glide.load.engine.bitmap_recycle.BitmapPool, because it is an interface and cannot substitute with subclass
[main] WARN soot.jimple.infoflow.android.entryPointCreators.AndroidEntryPointCreator - Cannot create valid constructor for com.bumptech.glide.load.engine.bitmap_recycle.ArrayPool, because it is an interface and cannot substitute with subclass
[main] WARN soot.jimple.infoflow.android.entryPointCreators.AndroidEntryPointCreator - Cannot create valid constructor for com.bumptech.glide.manager.RequestManagerRetriever$RequestManagerFactory, because it is an interface and cannot substitute with subclass
[main] WARN soot.jimple.infoflow.android.entryPointCreators.AndroidEntryPointCreator - Cannot create valid constructor for com.bumptech.glide.manager.ConnectivityMonitorFactory, because it is an interface and cannot substitute with subclass
[main] WARN soot.jimple.infoflow.android.entryPointCreators.AndroidEntryPointCreator - Cannot create valid constructor for com.bumptech.glide.Glide$RequestOptionsFactory, because it is an interface and cannot substitute with subclass
[main] WARN soot.jimple.infoflow.android.entryPointCreators.AndroidEntryPointCreator - Cannot create valid constructor for com.bumptech.glide.manager.Lifecycle, because it is an interface and cannot substitute with subclass
[main] WARN soot.jimple.infoflow.android.entryPointCreators.AndroidEntryPointCreator - Cannot create valid constructor for com.bumptech.glide.manager.RequestManagerTreeNode, because it is an interface and cannot substitute with subclass
[main] WARN soot.jimple.infoflow.android.entryPointCreators.AndroidEntryPointCreator - Cannot create valid constructor for kotlin.Lazy, because it is an interface and cannot substitute with subclass
[main] WARN soot.jimple.infoflow.android.entryPointCreators.AndroidEntryPointCreator - Cannot create valid constructor for coil.EventListener$Factory, because it is an interface and cannot substitute with subclass
[main] WARN soot.jimple.infoflow.android.entryPointCreators.AndroidEntryPointCreator - Cannot create valid constructor for coil.util.Logger, because it is an interface and cannot substitute with subclass
[main] INFO soot.jimple.infoflow.android.SetupApplication - Constructing the callgraph...
[main] INFO soot.jimple.infoflow.android.callbacks.DefaultCallbackAnalyzer - Running incremental callback analysis for 37 components...
[main] INFO soot.jimple.infoflow.android.callbacks.DefaultCallbackAnalyzer - Incremental callback analysis done.
[main] INFO soot.jimple.infoflow.android.entryPointCreators.AndroidEntryPointCreator - Creating Android entry point for 57 components...
[main] WARN soot.jimple.infoflow.android.entryPointCreators.AndroidEntryPointCreator - Cannot create valid constructor for lu.bgl.spm.Hilt_SPMApplication, because it is abstract and cannot substitute with subclass
[main] WARN soot.jimple.infoflow.android.entryPointCreators.AndroidEntryPointCreator - Could not create call to application callback <lu.bgl.spm.Hilt_SPMApplication: void onCreate()>. Local was null.
[main] INFO soot.jimple.infoflow.android.SetupApplication - Constructing the callgraph...
[main] INFO soot.jimple.infoflow.android.callbacks.DefaultCallbackAnalyzer - Running incremental callback analysis for 9 components...
[main] INFO soot.jimple.infoflow.android.callbacks.DefaultCallbackAnalyzer - Incremental callback analysis done.
[main] INFO soot.jimple.infoflow.android.entryPointCreators.AndroidEntryPointCreator - Creating Android entry point for 57 components...
[main] WARN soot.jimple.infoflow.android.entryPointCreators.AndroidEntryPointCreator - Could not create call to application callback <lu.bgl.spm.Hilt_SPMApplication: void onCreate()>. Local was null.
[main] INFO soot.jimple.infoflow.android.SetupApplication - Constructing the callgraph...
[main] INFO soot.jimple.infoflow.android.callbacks.DefaultCallbackAnalyzer - Running incremental callback analysis for 4 components...
[main] INFO soot.jimple.infoflow.android.callbacks.DefaultCallbackAnalyzer - Incremental callback analysis done.
[main] INFO soot.jimple.infoflow.android.entryPointCreators.AndroidEntryPointCreator - Creating Android entry point for 57 components...
[main] WARN soot.jimple.infoflow.android.entryPointCreators.AndroidEntryPointCreator - Could not create call to application callback <lu.bgl.spm.Hilt_SPMApplication: void onCreate()>. Local was null.
[main] INFO soot.jimple.infoflow.android.SetupApplication - Constructing the callgraph...
[main] INFO soot.jimple.infoflow.android.callbacks.DefaultCallbackAnalyzer - Running incremental callback analysis for 4 components...
[main] INFO soot.jimple.infoflow.android.callbacks.DefaultCallbackAnalyzer - Incremental callback analysis done.
[main] INFO soot.jimple.infoflow.android.entryPointCreators.AndroidEntryPointCreator - Creating Android entry point for 57 components...
[main] WARN soot.jimple.infoflow.android.entryPointCreators.AndroidEntryPointCreator - Could not create call to application callback <lu.bgl.spm.Hilt_SPMApplication: void onCreate()>. Local was null.
[main] INFO soot.jimple.infoflow.android.SetupApplication - Constructing the callgraph...
[main] INFO soot.jimple.infoflow.android.callbacks.DefaultCallbackAnalyzer - Running incremental callback analysis for 1 components...
[main] INFO soot.jimple.infoflow.android.callbacks.DefaultCallbackAnalyzer - Incremental callback analysis done.
[main] INFO soot.jimple.infoflow.memory.MemoryWarningSystem - Shutting down the memory warning system...
[main] INFO soot.jimple.infoflow.android.SetupApplication - Callback analysis terminated normally
[main] INFO soot.jimple.infoflow.android.SetupApplication - Entry point calculation done.
[main] INFO soot.jimple.infoflow.android.source.AccessPathBasedSourceSinkManager - Created a SourceSinkManager with 12082 sources, 1010 sinks, and 129 callback methods.
[main] INFO soot.jimple.infoflow.android.SetupApplication - Collecting callbacks and building a callgraph took 214 seconds
[main] INFO soot.jimple.infoflow.android.SetupApplication - Running data flow analysis on /home/julia/thesis-apk-study/data/eu/lu.bgl.spm.retail__vc458__E81541FB320BC58427611D50F6840C98F0D67D1AFD0B259342D996FB5BA03D66.apk with 12082 sources and 1010 sinks...
[main] INFO soot.jimple.infoflow.InfoflowConfiguration - Implicit flow tracking is NOT enabled
[main] INFO soot.jimple.infoflow.InfoflowConfiguration - Exceptional flow tracking is NOT enabled
[main] INFO soot.jimple.infoflow.InfoflowConfiguration - Running with a maximum access path length of 5
[main] INFO soot.jimple.infoflow.InfoflowConfiguration - Using path-agnostic result collection
[main] INFO soot.jimple.infoflow.InfoflowConfiguration - Recursive access path shortening is enabled
[main] INFO soot.jimple.infoflow.InfoflowConfiguration - Taint analysis enabled: true
[main] INFO soot.jimple.infoflow.InfoflowConfiguration - Using alias algorithm FlowSensitive
[main] INFO soot.jimple.infoflow.memory.MemoryWarningSystem - Registered a memory warning system for 165,888 MiB
[FlowDroid Timeout Watcher] INFO soot.jimple.infoflow.memory.FlowDroidTimeoutWatcher - FlowDroid timeout watcher terminated
[main] INFO soot.jimple.infoflow.android.SetupApplication$InPlaceInfoflow - Callgraph construction took 3 seconds
[main] INFO soot.jimple.infoflow.codeOptimization.InterproceduralConstantValuePropagator - Removing side-effect free methods is disabled
[main] INFO soot.jimple.infoflow.android.SetupApplication$InPlaceInfoflow - Dead code elimination took 10.359634511 seconds
[main] INFO soot.jimple.infoflow.android.SetupApplication$InPlaceInfoflow - Callgraph has 9672223 edges
[main] INFO soot.jimple.infoflow.android.SetupApplication$InPlaceInfoflow - Starting Taint Analysis
[main] INFO soot.jimple.infoflow.android.SetupApplication$InPlaceInfoflow - Using context- and flow-sensitive solver
[main] INFO soot.jimple.infoflow.android.SetupApplication$InPlaceInfoflow - Using context- and flow-sensitive solver
[main] INFO soot.jimple.infoflow.memory.FlowDroidTimeoutWatcher - FlowDroid timeout watcher started
[main] WARN soot.jimple.infoflow.android.SetupApplication$InPlaceInfoflow - Running with limited join point abstractions can break context-sensitive path builders
[main] INFO soot.jimple.infoflow.android.SetupApplication$InPlaceInfoflow - Looking for sources and sinks...
[main] INFO soot.jimple.infoflow.android.SetupApplication$InPlaceInfoflow - Source lookup done, found 2513 sources and 370 sinks.
[FlowDroid] WARN soot.jimple.infoflow.data.AccessPathFactory - Primitive types cannot have fields: baseType=int fields=[<java.lang.Integer: int value>]
[FlowDroid] WARN soot.jimple.infoflow.data.AccessPathFactory - Primitive types cannot have fields: baseType=int fields=[<java.lang.Integer: int value>]
[FlowDroid] WARN soot.jimple.infoflow.data.AccessPathFactory - Primitive types cannot have fields: baseType=boolean fields=[<java.lang.Boolean: boolean value>]
[FlowDroid] WARN soot.jimple.infoflow.data.AccessPathFactory - Primitive types cannot have fields: baseType=int fields=[<java.lang.Integer: int value>]
[FlowDroid] WARN soot.jimple.infoflow.data.AccessPathFactory - Primitive types cannot have fields: baseType=int fields=[<java.lang.Integer: int value>]
[FlowDroid] WARN soot.jimple.infoflow.data.AccessPathFactory - Primitive types cannot have fields: baseType=int fields=[<java.lang.Integer: int value>]
[FlowDroid] WARN soot.jimple.infoflow.data.AccessPathFactory - Primitive types cannot have fields: baseType=int fields=[<java.lang.Integer: int value>]
[FlowDroid] WARN soot.jimple.infoflow.data.AccessPathFactory - Primitive types cannot have fields: baseType=int fields=[<java.lang.Integer: int value>]
[FlowDroid] WARN soot.jimple.infoflow.data.AccessPathFactory - Primitive types cannot have fields: baseType=int fields=[<java.lang.Integer: int value>]
[FlowDroid] WARN soot.jimple.infoflow.data.AccessPathFactory - Primitive types cannot have fields: baseType=int fields=[<java.lang.Integer: int value>]
[FlowDroid] WARN soot.jimple.infoflow.data.AccessPathFactory - Primitive types cannot have fields: baseType=int fields=[<java.lang.Integer: int value>]
[FlowDroid] WARN soot.jimple.infoflow.data.AccessPathFactory - Primitive types cannot have fields: baseType=int fields=[<java.lang.Integer: int value>]
[FlowDroid] WARN soot.jimple.infoflow.data.AccessPathFactory - Primitive types cannot have fields: baseType=int fields=[<java.lang.Integer: int value>]
[FlowDroid] WARN soot.jimple.infoflow.data.AccessPathFactory - Primitive types cannot have fields: baseType=long fields=[<java.lang.Long: long value>]
[FlowDroid] WARN soot.jimple.infoflow.data.AccessPathFactory - Primitive types cannot have fields: baseType=int fields=[<java.lang.Integer: int value>]
[FlowDroid] WARN soot.jimple.infoflow.data.AccessPathFactory - Primitive types cannot have fields: baseType=int fields=[<java.lang.Integer: int value>]
[FlowDroid] WARN soot.jimple.infoflow.data.AccessPathFactory - Primitive types cannot have fields: baseType=long fields=[<java.lang.Long: long value>]
[FlowDroid] WARN soot.jimple.infoflow.data.AccessPathFactory - Primitive types cannot have fields: baseType=int fields=[<java.lang.Integer: int value>]
[FlowDroid] WARN soot.jimple.infoflow.data.AccessPathFactory - Primitive types cannot have fields: baseType=int fields=[<java.lang.Integer: int value>]
[FlowDroid] WARN soot.jimple.infoflow.data.AccessPathFactory - Primitive types cannot have fields: baseType=int fields=[<java.lang.Integer: int value>]
[FlowDroid] WARN soot.jimple.infoflow.data.AccessPathFactory - Primitive types cannot have fields: baseType=long fields=[<java.lang.Long: long value>]
[FlowDroid] WARN soot.jimple.infoflow.data.AccessPathFactory - Primitive types cannot have fields: baseType=int fields=[<java.lang.Integer: int value>]
[FlowDroid] WARN soot.jimple.infoflow.data.AccessPathFactory - Primitive types cannot have fields: baseType=int fields=[<java.lang.Integer: int value>]
[FlowDroid] WARN soot.jimple.infoflow.data.AccessPathFactory - Primitive types cannot have fields: baseType=int fields=[<java.lang.Integer: int value>]
[FlowDroid] WARN soot.jimple.infoflow.data.AccessPathFactory - Primitive types cannot have fields: baseType=long fields=[<java.lang.Long: long value>]
[FlowDroid] WARN soot.jimple.infoflow.data.AccessPathFactory - Primitive types cannot have fields: baseType=boolean fields=[<java.lang.Boolean: boolean value>]
[FlowDroid] WARN soot.jimple.infoflow.data.AccessPathFactory - Primitive types cannot have fields: baseType=int fields=[<java.lang.Integer: int value>]
[FlowDroid] WARN soot.jimple.infoflow.data.AccessPathFactory - Primitive types cannot have fields: baseType=int fields=[<java.lang.Integer: int value>]
[FlowDroid] WARN soot.jimple.infoflow.data.AccessPathFactory - Primitive types cannot have fields: baseType=long fields=[<java.lang.Long: long value>]
[FlowDroid] WARN soot.jimple.infoflow.data.AccessPathFactory - Primitive types cannot have fields: baseType=long fields=[<java.lang.Long: long value>]
[FlowDroid] WARN soot.jimple.infoflow.data.AccessPathFactory - Primitive types cannot have fields: baseType=long fields=[<java.lang.Long: long value>]
[FlowDroid] WARN soot.jimple.infoflow.data.AccessPathFactory - Primitive types cannot have fields: baseType=long fields=[<java.lang.Long: long value>]
[FlowDroid] WARN soot.jimple.infoflow.data.AccessPathFactory - Primitive types cannot have fields: baseType=int fields=[<java.lang.Integer: int value>]
[FlowDroid] WARN soot.jimple.infoflow.data.AccessPathFactory - Primitive types cannot have fields: baseType=long fields=[<java.lang.Long: long value>]
[FlowDroid] WARN soot.jimple.infoflow.data.AccessPathFactory - Primitive types cannot have fields: baseType=long fields=[<java.lang.Long: long value>]
[FlowDroid] WARN soot.jimple.infoflow.data.AccessPathFactory - Primitive types cannot have fields: baseType=long fields=[<java.lang.Long: long value>]
[FlowDroid] WARN soot.jimple.infoflow.data.AccessPathFactory - Primitive types cannot have fields: baseType=long fields=[<java.lang.Long: long value>]
[FlowDroid] WARN soot.jimple.infoflow.data.AccessPathFactory - Primitive types cannot have fields: baseType=long fields=[<java.lang.Long: long value>]
[FlowDroid] WARN soot.jimple.infoflow.data.AccessPathFactory - Primitive types cannot have fields: baseType=int fields=[<java.lang.Integer: int value>]
[FlowDroid] WARN soot.jimple.infoflow.data.AccessPathFactory - Primitive types cannot have fields: baseType=int fields=[<java.lang.Integer: int value>]
[FlowDroid] WARN soot.jimple.infoflow.data.AccessPathFactory - Primitive types cannot have fields: baseType=int fields=[<java.lang.Integer: int value>]
[FlowDroid] WARN soot.jimple.infoflow.data.AccessPathFactory - Primitive types cannot have fields: baseType=int fields=[<java.lang.Integer: int value>]
[FlowDroid] WARN soot.jimple.infoflow.data.AccessPathFactory - Primitive types cannot have fields: baseType=long fields=[<java.lang.Long: long value>]
[FlowDroid] WARN soot.jimple.infoflow.data.AccessPathFactory - Primitive types cannot have fields: baseType=int fields=[<java.lang.Integer: int value>]
[FlowDroid] WARN soot.jimple.infoflow.data.AccessPathFactory - Primitive types cannot have fields: baseType=long fields=[<java.lang.Long: long value>]
[FlowDroid] WARN soot.jimple.infoflow.data.AccessPathFactory - Primitive types cannot have fields: baseType=int fields=[<java.lang.Integer: int value>]
[FlowDroid] WARN soot.jimple.infoflow.data.AccessPathFactory - Primitive types cannot have fields: baseType=int fields=[<java.lang.Integer: int value>]
[FlowDroid] WARN soot.jimple.infoflow.data.AccessPathFactory - Primitive types cannot have fields: baseType=int fields=[<java.lang.Integer: int value>]
[FlowDroid] WARN soot.jimple.infoflow.data.AccessPathFactory - Primitive types cannot have fields: baseType=long fields=[<java.lang.Long: long value>]
[FlowDroid] WARN soot.jimple.infoflow.data.AccessPathFactory - Primitive types cannot have fields: baseType=int fields=[<java.lang.Integer: int value>]
[FlowDroid] WARN soot.jimple.infoflow.data.AccessPathFactory - Primitive types cannot have fields: baseType=int fields=[<java.lang.Integer: int value>]
[FlowDroid] WARN soot.jimple.infoflow.data.AccessPathFactory - Primitive types cannot have fields: baseType=int fields=[<java.lang.Integer: int value>]
[FlowDroid] WARN soot.jimple.infoflow.data.AccessPathFactory - Primitive types cannot have fields: baseType=int fields=[<java.lang.Integer: int value>]
[FlowDroid] WARN soot.jimple.infoflow.data.AccessPathFactory - Primitive types cannot have fields: baseType=int fields=[<java.lang.Integer: int value>]
[FlowDroid] WARN soot.jimple.infoflow.data.AccessPathFactory - Primitive types cannot have fields: baseType=long fields=[<java.lang.Long: long value>]
[FlowDroid] WARN soot.jimple.infoflow.data.AccessPathFactory - Primitive types cannot have fields: baseType=int fields=[<java.lang.Integer: int value>]
[Low memory monitor] INFO soot.jimple.infoflow.memory.MemoryWarningSystem - Triggering memory warning at 177351 MB (193273 MB max, 175992 in watched memory pool)...
[Low memory monitor] WARN soot.jimple.infoflow.memory.FlowDroidMemoryWatcher - Running out of memory, solvers terminated
[main] INFO soot.jimple.infoflow.android.SetupApplication$InPlaceInfoflow - Taint wrapper hits: 3144975
[main] INFO soot.jimple.infoflow.android.SetupApplication$InPlaceInfoflow - Taint wrapper misses: 3076805
[main] INFO soot.jimple.infoflow.android.SetupApplication$InPlaceInfoflow - IFDS problem with 6310087 forward and 248284696 backward edges solved in 1383 seconds, processing 59 results...
[main] INFO soot.jimple.infoflow.android.SetupApplication$InPlaceInfoflow - Current memory consumption: 166212 MB
[FlowDroid Timeout Watcher] INFO soot.jimple.infoflow.memory.FlowDroidTimeoutWatcher - FlowDroid timeout watcher terminated
[main] INFO soot.jimple.infoflow.android.SetupApplication$InPlaceInfoflow - Memory consumption after cleanup: 4729 MB
[main] INFO soot.jimple.infoflow.memory.FlowDroidTimeoutWatcher - FlowDroid timeout watcher started
[main] INFO soot.jimple.infoflow.data.pathBuilders.DefaultPathBuilderFactory$ShutdownBatchPathBuilder - Path Reconstruction has used 4.84092E-4 seconds
[main] INFO soot.jimple.infoflow.data.pathBuilders.DefaultPathBuilderFactory$ShutdownBatchPathBuilder - Running path reconstruction batch 1 with 5 elements
[main] INFO soot.jimple.infoflow.data.pathBuilders.DefaultPathBuilderFactory$RepeatableContextSensitivePathBuilder - Obtainted 5 connections between sources and sinks
[main] INFO soot.jimple.infoflow.data.pathBuilders.DefaultPathBuilderFactory$RepeatableContextSensitivePathBuilder - Path Reconstruction has used 6.192E-6 seconds
[main] INFO soot.jimple.infoflow.data.pathBuilders.DefaultPathBuilderFactory$RepeatableContextSensitivePathBuilder - Building path 1...
[main] INFO soot.jimple.infoflow.data.pathBuilders.DefaultPathBuilderFactory$RepeatableContextSensitivePathBuilder - Path Reconstruction has used 0.040893511 seconds
[main] INFO soot.jimple.infoflow.data.pathBuilders.DefaultPathBuilderFactory$RepeatableContextSensitivePathBuilder - Building path 2...
[main] INFO soot.jimple.infoflow.data.pathBuilders.DefaultPathBuilderFactory$RepeatableContextSensitivePathBuilder - Path Reconstruction has used 0.050774407 seconds
[main] INFO soot.jimple.infoflow.data.pathBuilders.DefaultPathBuilderFactory$RepeatableContextSensitivePathBuilder - Building path 3...
[main] INFO soot.jimple.infoflow.data.pathBuilders.DefaultPathBuilderFactory$RepeatableContextSensitivePathBuilder - Path Reconstruction has used 0.051298439 seconds
[main] INFO soot.jimple.infoflow.data.pathBuilders.DefaultPathBuilderFactory$RepeatableContextSensitivePathBuilder - Building path 4...
[main] INFO soot.jimple.infoflow.data.pathBuilders.DefaultPathBuilderFactory$RepeatableContextSensitivePathBuilder - Path Reconstruction has used 0.051637628 seconds
[main] INFO soot.jimple.infoflow.data.pathBuilders.DefaultPathBuilderFactory$RepeatableContextSensitivePathBuilder - Building path 5...
[main] ERROR soot.jimple.infoflow.data.pathBuilders.DefaultPathBuilderFactory$RepeatableContextSensitivePathBuilder - Could not wait for executor termination
java.lang.InterruptedException
	at java.base/java.util.concurrent.locks.AbstractQueuedSynchronizer.tryAcquireSharedNanos(AbstractQueuedSynchronizer.java:1081)
	at heros.solver.CountLatch.awaitZero(CountLatch.java:79)
	at heros.solver.CountingThreadPoolExecutor.awaitCompletion(CountingThreadPoolExecutor.java:86)
	at soot.jimple.infoflow.solver.executors.InterruptableExecutor.awaitCompletion(InterruptableExecutor.java:97)
	at soot.jimple.infoflow.data.pathBuilders.ContextSensitivePathBuilder.computeTaintPaths(ContextSensitivePathBuilder.java:270)
	at soot.jimple.infoflow.data.pathBuilders.BatchPathBuilder.computeTaintPaths(BatchPathBuilder.java:65)
	at soot.jimple.infoflow.data.pathBuilders.DefaultPathBuilderFactory$ShutdownBatchPathBuilder.computeTaintPaths(DefaultPathBuilderFactory.java:56)
	at soot.jimple.infoflow.AbstractInfoflow.lambda$reconstructPaths$1(AbstractInfoflow.java:1468)
	at soot.jimple.infoflow.AbstractInfoflow.runWithWatcher(AbstractInfoflow.java:1624)
	at soot.jimple.infoflow.AbstractInfoflow.reconstructPaths(AbstractInfoflow.java:1467)
	at soot.jimple.infoflow.AbstractInfoflow.runTaintAnalysis(AbstractInfoflow.java:1354)
	at soot.jimple.infoflow.AbstractInfoflow.runAnalysis(AbstractInfoflow.java:932)
	at soot.jimple.infoflow.AbstractInfoflow.runAnalysis(AbstractInfoflow.java:863)
	at soot.jimple.infoflow.android.SetupApplication$InPlaceInfoflow.runAnalysis(SetupApplication.java:1373)
	at soot.jimple.infoflow.android.SetupApplication.processEntryPoint(SetupApplication.java:1663)
	at soot.jimple.infoflow.android.SetupApplication.runInfoflow(SetupApplication.java:1592)
	at soot.jimple.infoflow.android.SetupApplication.runInfoflow(SetupApplication.java:1509)
	at soot.jimple.infoflow.cmd.MainClass.run(MainClass.java:359)
	at soot.jimple.infoflow.cmd.MainClass.main(MainClass.java:257)
[main] INFO soot.jimple.infoflow.data.pathBuilders.DefaultPathBuilderFactory$ShutdownBatchPathBuilder - Single batch has used 0.102907308 seconds
[main] INFO soot.jimple.infoflow.data.pathBuilders.DefaultPathBuilderFactory$ShutdownBatchPathBuilder - Path Reconstruction has used 0.1086432 seconds
[main] INFO soot.jimple.infoflow.data.pathBuilders.DefaultPathBuilderFactory$ShutdownBatchPathBuilder - Running path reconstruction batch 2 with 5 elements
[main] INFO soot.jimple.infoflow.data.pathBuilders.DefaultPathBuilderFactory$RepeatableContextSensitivePathBuilder - Obtainted 5 connections between sources and sinks
[main] INFO soot.jimple.infoflow.data.pathBuilders.DefaultPathBuilderFactory$RepeatableContextSensitivePathBuilder - Path Reconstruction has used 2.41E-6 seconds
[main] INFO soot.jimple.infoflow.data.pathBuilders.DefaultPathBuilderFactory$RepeatableContextSensitivePathBuilder - Building path 1...
[main] INFO soot.jimple.infoflow.data.pathBuilders.DefaultPathBuilderFactory$RepeatableContextSensitivePathBuilder - Path Reconstruction has used 6.8448E-5 seconds
[main] INFO soot.jimple.infoflow.data.pathBuilders.DefaultPathBuilderFactory$RepeatableContextSensitivePathBuilder - Building path 2...
[main] INFO soot.jimple.infoflow.data.pathBuilders.DefaultPathBuilderFactory$RepeatableContextSensitivePathBuilder - Path Reconstruction has used 2.55256E-4 seconds
[main] INFO soot.jimple.infoflow.data.pathBuilders.DefaultPathBuilderFactory$RepeatableContextSensitivePathBuilder - Building path 3...
[main] INFO soot.jimple.infoflow.data.pathBuilders.DefaultPathBuilderFactory$RepeatableContextSensitivePathBuilder - Path Reconstruction has used 3.06743E-4 seconds
[main] INFO soot.jimple.infoflow.data.pathBuilders.DefaultPathBuilderFactory$RepeatableContextSensitivePathBuilder - Building path 4...
[main] INFO soot.jimple.infoflow.data.pathBuilders.DefaultPathBuilderFactory$RepeatableContextSensitivePathBuilder - Path Reconstruction has used 3.56816E-4 seconds
[main] INFO soot.jimple.infoflow.data.pathBuilders.DefaultPathBuilderFactory$RepeatableContextSensitivePathBuilder - Building path 5...
[main] INFO soot.jimple.infoflow.data.pathBuilders.DefaultPathBuilderFactory$ShutdownBatchPathBuilder - Single batch has used 20.166209361 seconds
[main] INFO soot.jimple.infoflow.data.pathBuilders.DefaultPathBuilderFactory$ShutdownBatchPathBuilder - Path Reconstruction has used 20.275056811 seconds
[main] INFO soot.jimple.infoflow.data.pathBuilders.DefaultPathBuilderFactory$ShutdownBatchPathBuilder - Running path reconstruction batch 3 with 5 elements
[main] INFO soot.jimple.infoflow.data.pathBuilders.DefaultPathBuilderFactory$RepeatableContextSensitivePathBuilder - Obtainted 5 connections between sources and sinks
[main] INFO soot.jimple.infoflow.data.pathBuilders.DefaultPathBuilderFactory$RepeatableContextSensitivePathBuilder - Path Reconstruction has used 2.373E-6 seconds
[main] INFO soot.jimple.infoflow.data.pathBuilders.DefaultPathBuilderFactory$RepeatableContextSensitivePathBuilder - Building path 1...
[main] INFO soot.jimple.infoflow.data.pathBuilders.DefaultPathBuilderFactory$RepeatableContextSensitivePathBuilder - Path Reconstruction has used 3.58507E-4 seconds
[main] INFO soot.jimple.infoflow.data.pathBuilders.DefaultPathBuilderFactory$RepeatableContextSensitivePathBuilder - Building path 2...
[main] INFO soot.jimple.infoflow.data.pathBuilders.DefaultPathBuilderFactory$RepeatableContextSensitivePathBuilder - Path Reconstruction has used 4.13081E-4 seconds
[main] INFO soot.jimple.infoflow.data.pathBuilders.DefaultPathBuilderFactory$RepeatableContextSensitivePathBuilder - Building path 3...
[main] INFO soot.jimple.infoflow.data.pathBuilders.DefaultPathBuilderFactory$RepeatableContextSensitivePathBuilder - Path Reconstruction has used 4.66016E-4 seconds
[main] INFO soot.jimple.infoflow.data.pathBuilders.DefaultPathBuilderFactory$RepeatableContextSensitivePathBuilder - Building path 4...
[main] INFO soot.jimple.infoflow.data.pathBuilders.DefaultPathBuilderFactory$RepeatableContextSensitivePathBuilder - Path Reconstruction has used 5.11021E-4 seconds
[main] INFO soot.jimple.infoflow.data.pathBuilders.DefaultPathBuilderFactory$RepeatableContextSensitivePathBuilder - Building path 5...
[main] INFO soot.jimple.infoflow.data.pathBuilders.DefaultPathBuilderFactory$ShutdownBatchPathBuilder - Single batch has used 21.979813511 seconds
[main] INFO soot.jimple.infoflow.data.pathBuilders.DefaultPathBuilderFactory$ShutdownBatchPathBuilder - Path Reconstruction has used 42.25511022 seconds
[main] INFO soot.jimple.infoflow.data.pathBuilders.DefaultPathBuilderFactory$ShutdownBatchPathBuilder - Running path reconstruction batch 4 with 5 elements
[main] INFO soot.jimple.infoflow.data.pathBuilders.DefaultPathBuilderFactory$RepeatableContextSensitivePathBuilder - Obtainted 5 connections between sources and sinks
[main] INFO soot.jimple.infoflow.data.pathBuilders.DefaultPathBuilderFactory$RepeatableContextSensitivePathBuilder - Path Reconstruction has used 3.582E-6 seconds
[main] INFO soot.jimple.infoflow.data.pathBuilders.DefaultPathBuilderFactory$RepeatableContextSensitivePathBuilder - Building path 1...
[main] INFO soot.jimple.infoflow.data.pathBuilders.DefaultPathBuilderFactory$RepeatableContextSensitivePathBuilder - Path Reconstruction has used 8.7122E-5 seconds
[main] INFO soot.jimple.infoflow.data.pathBuilders.DefaultPathBuilderFactory$RepeatableContextSensitivePathBuilder - Building path 2...
[main] INFO soot.jimple.infoflow.data.pathBuilders.DefaultPathBuilderFactory$RepeatableContextSensitivePathBuilder - Path Reconstruction has used 1.30914E-4 seconds
[main] INFO soot.jimple.infoflow.data.pathBuilders.DefaultPathBuilderFactory$RepeatableContextSensitivePathBuilder - Building path 3...
[main] INFO soot.jimple.infoflow.data.pathBuilders.DefaultPathBuilderFactory$RepeatableContextSensitivePathBuilder - Path Reconstruction has used 1.70244E-4 seconds
[main] INFO soot.jimple.infoflow.data.pathBuilders.DefaultPathBuilderFactory$RepeatableContextSensitivePathBuilder - Building path 4...
[main] INFO soot.jimple.infoflow.data.pathBuilders.DefaultPathBuilderFactory$RepeatableContextSensitivePathBuilder - Path Reconstruction has used 2.07652E-4 seconds
[main] INFO soot.jimple.infoflow.data.pathBuilders.DefaultPathBuilderFactory$RepeatableContextSensitivePathBuilder - Building path 5...
[main] INFO soot.jimple.infoflow.data.pathBuilders.DefaultPathBuilderFactory$ShutdownBatchPathBuilder - Single batch has used 9.674142192 seconds
[main] INFO soot.jimple.infoflow.data.pathBuilders.DefaultPathBuilderFactory$ShutdownBatchPathBuilder - Path Reconstruction has used 51.929477973 seconds
[main] INFO soot.jimple.infoflow.data.pathBuilders.DefaultPathBuilderFactory$ShutdownBatchPathBuilder - Running path reconstruction batch 5 with 5 elements
[main] INFO soot.jimple.infoflow.data.pathBuilders.DefaultPathBuilderFactory$RepeatableContextSensitivePathBuilder - Obtainted 5 connections between sources and sinks
[main] INFO soot.jimple.infoflow.data.pathBuilders.DefaultPathBuilderFactory$RepeatableContextSensitivePathBuilder - Path Reconstruction has used 1.941E-6 seconds
[main] INFO soot.jimple.infoflow.data.pathBuilders.DefaultPathBuilderFactory$RepeatableContextSensitivePathBuilder - Building path 1...
[main] INFO soot.jimple.infoflow.data.pathBuilders.DefaultPathBuilderFactory$RepeatableContextSensitivePathBuilder - Path Reconstruction has used 6.405E-5 seconds
[main] INFO soot.jimple.infoflow.data.pathBuilders.DefaultPathBuilderFactory$RepeatableContextSensitivePathBuilder - Building path 2...
[main] INFO soot.jimple.infoflow.data.pathBuilders.DefaultPathBuilderFactory$RepeatableContextSensitivePathBuilder - Path Reconstruction has used 1.0395E-4 seconds
[main] INFO soot.jimple.infoflow.data.pathBuilders.DefaultPathBuilderFactory$RepeatableContextSensitivePathBuilder - Building path 3...
[main] INFO soot.jimple.infoflow.data.pathBuilders.DefaultPathBuilderFactory$RepeatableContextSensitivePathBuilder - Path Reconstruction has used 1.45936E-4 seconds
[main] INFO soot.jimple.infoflow.data.pathBuilders.DefaultPathBuilderFactory$RepeatableContextSensitivePathBuilder - Building path 4...
[main] INFO soot.jimple.infoflow.data.pathBuilders.DefaultPathBuilderFactory$RepeatableContextSensitivePathBuilder - Path Reconstruction has used 1.9881E-4 seconds
[main] INFO soot.jimple.infoflow.data.pathBuilders.DefaultPathBuilderFactory$RepeatableContextSensitivePathBuilder - Building path 5...
[main] INFO soot.jimple.infoflow.data.pathBuilders.DefaultPathBuilderFactory$ShutdownBatchPathBuilder - Single batch has used 25.581366092 seconds
[main] INFO soot.jimple.infoflow.data.pathBuilders.DefaultPathBuilderFactory$ShutdownBatchPathBuilder - Path Reconstruction has used 77.512441983 seconds
[main] INFO soot.jimple.infoflow.data.pathBuilders.DefaultPathBuilderFactory$ShutdownBatchPathBuilder - Running path reconstruction batch 6 with 5 elements
[main] INFO soot.jimple.infoflow.data.pathBuilders.DefaultPathBuilderFactory$RepeatableContextSensitivePathBuilder - Obtainted 5 connections between sources and sinks
[main] INFO soot.jimple.infoflow.data.pathBuilders.DefaultPathBuilderFactory$RepeatableContextSensitivePathBuilder - Path Reconstruction has used 1.964E-6 seconds
[main] INFO soot.jimple.infoflow.data.pathBuilders.DefaultPathBuilderFactory$RepeatableContextSensitivePathBuilder - Building path 1...
[main] INFO soot.jimple.infoflow.data.pathBuilders.DefaultPathBuilderFactory$RepeatableContextSensitivePathBuilder - Path Reconstruction has used 2.74094E-4 seconds
[main] INFO soot.jimple.infoflow.data.pathBuilders.DefaultPathBuilderFactory$RepeatableContextSensitivePathBuilder - Building path 2...
[main] INFO soot.jimple.infoflow.data.pathBuilders.DefaultPathBuilderFactory$RepeatableContextSensitivePathBuilder - Path Reconstruction has used 3.63493E-4 seconds
[main] INFO soot.jimple.infoflow.data.pathBuilders.DefaultPathBuilderFactory$RepeatableContextSensitivePathBuilder - Building path 3...
[main] INFO soot.jimple.infoflow.data.pathBuilders.DefaultPathBuilderFactory$RepeatableContextSensitivePathBuilder - Path Reconstruction has used 4.81472E-4 seconds
[main] INFO soot.jimple.infoflow.data.pathBuilders.DefaultPathBuilderFactory$RepeatableContextSensitivePathBuilder - Building path 4...
[main] INFO soot.jimple.infoflow.data.pathBuilders.DefaultPathBuilderFactory$RepeatableContextSensitivePathBuilder - Path Reconstruction has used 5.17719E-4 seconds
[main] INFO soot.jimple.infoflow.data.pathBuilders.DefaultPathBuilderFactory$RepeatableContextSensitivePathBuilder - Building path 5...
[main] INFO soot.jimple.infoflow.data.pathBuilders.DefaultPathBuilderFactory$ShutdownBatchPathBuilder - Single batch has used 0.002923977 seconds
[main] INFO soot.jimple.infoflow.data.pathBuilders.DefaultPathBuilderFactory$ShutdownBatchPathBuilder - Path Reconstruction has used 77.515925019 seconds
[main] INFO soot.jimple.infoflow.data.pathBuilders.DefaultPathBuilderFactory$ShutdownBatchPathBuilder - Running path reconstruction batch 7 with 5 elements
[main] INFO soot.jimple.infoflow.data.pathBuilders.DefaultPathBuilderFactory$RepeatableContextSensitivePathBuilder - Obtainted 5 connections between sources and sinks
[main] INFO soot.jimple.infoflow.data.pathBuilders.DefaultPathBuilderFactory$RepeatableContextSensitivePathBuilder - Path Reconstruction has used 1.819E-6 seconds
[main] INFO soot.jimple.infoflow.data.pathBuilders.DefaultPathBuilderFactory$RepeatableContextSensitivePathBuilder - Building path 1...
[main] INFO soot.jimple.infoflow.data.pathBuilders.DefaultPathBuilderFactory$RepeatableContextSensitivePathBuilder - Path Reconstruction has used 1.62994E-4 seconds
[main] INFO soot.jimple.infoflow.data.pathBuilders.DefaultPathBuilderFactory$RepeatableContextSensitivePathBuilder - Building path 2...
[main] INFO soot.jimple.infoflow.data.pathBuilders.DefaultPathBuilderFactory$RepeatableContextSensitivePathBuilder - Path Reconstruction has used 3.93247E-4 seconds
[main] INFO soot.jimple.infoflow.data.pathBuilders.DefaultPathBuilderFactory$RepeatableContextSensitivePathBuilder - Building path 3...
[main] INFO soot.jimple.infoflow.data.pathBuilders.DefaultPathBuilderFactory$RepeatableContextSensitivePathBuilder - Path Reconstruction has used 6.47272E-4 seconds
[main] INFO soot.jimple.infoflow.data.pathBuilders.DefaultPathBuilderFactory$RepeatableContextSensitivePathBuilder - Building path 4...
[main] INFO soot.jimple.infoflow.data.pathBuilders.DefaultPathBuilderFactory$RepeatableContextSensitivePathBuilder - Path Reconstruction has used 7.04744E-4 seconds
[main] INFO soot.jimple.infoflow.data.pathBuilders.DefaultPathBuilderFactory$RepeatableContextSensitivePathBuilder - Building path 5...
[main] INFO soot.jimple.infoflow.data.pathBuilders.DefaultPathBuilderFactory$ShutdownBatchPathBuilder - Single batch has used 8.621151648 seconds
[main] INFO soot.jimple.infoflow.data.pathBuilders.DefaultPathBuilderFactory$ShutdownBatchPathBuilder - Path Reconstruction has used 86.137593529 seconds
[main] INFO soot.jimple.infoflow.data.pathBuilders.DefaultPathBuilderFactory$ShutdownBatchPathBuilder - Running path reconstruction batch 8 with 5 elements
[main] INFO soot.jimple.infoflow.data.pathBuilders.DefaultPathBuilderFactory$RepeatableContextSensitivePathBuilder - Obtainted 5 connections between sources and sinks
[main] INFO soot.jimple.infoflow.data.pathBuilders.DefaultPathBuilderFactory$RepeatableContextSensitivePathBuilder - Path Reconstruction has used 3.587E-6 seconds
[main] INFO soot.jimple.infoflow.data.pathBuilders.DefaultPathBuilderFactory$RepeatableContextSensitivePathBuilder - Building path 1...
[main] INFO soot.jimple.infoflow.data.pathBuilders.DefaultPathBuilderFactory$RepeatableContextSensitivePathBuilder - Path Reconstruction has used 9.2877E-5 seconds
[main] INFO soot.jimple.infoflow.data.pathBuilders.DefaultPathBuilderFactory$RepeatableContextSensitivePathBuilder - Building path 2...
[main] INFO soot.jimple.infoflow.data.pathBuilders.DefaultPathBuilderFactory$RepeatableContextSensitivePathBuilder - Path Reconstruction has used 1.59713E-4 seconds
[main] INFO soot.jimple.infoflow.data.pathBuilders.DefaultPathBuilderFactory$RepeatableContextSensitivePathBuilder - Building path 3...
[main] INFO soot.jimple.infoflow.data.pathBuilders.DefaultPathBuilderFactory$RepeatableContextSensitivePathBuilder - Path Reconstruction has used 2.152E-4 seconds
[main] INFO soot.jimple.infoflow.data.pathBuilders.DefaultPathBuilderFactory$RepeatableContextSensitivePathBuilder - Building path 4...
[main] INFO soot.jimple.infoflow.data.pathBuilders.DefaultPathBuilderFactory$RepeatableContextSensitivePathBuilder - Path Reconstruction has used 2.65482E-4 seconds
[main] INFO soot.jimple.infoflow.data.pathBuilders.DefaultPathBuilderFactory$RepeatableContextSensitivePathBuilder - Building path 5...
[main] INFO soot.jimple.infoflow.data.pathBuilders.DefaultPathBuilderFactory$ShutdownBatchPathBuilder - Single batch has used 9.489747971 seconds
[main] INFO soot.jimple.infoflow.data.pathBuilders.DefaultPathBuilderFactory$ShutdownBatchPathBuilder - Path Reconstruction has used 95.628883345 seconds
[main] INFO soot.jimple.infoflow.data.pathBuilders.DefaultPathBuilderFactory$ShutdownBatchPathBuilder - Running path reconstruction batch 9 with 5 elements
[main] INFO soot.jimple.infoflow.data.pathBuilders.DefaultPathBuilderFactory$RepeatableContextSensitivePathBuilder - Obtainted 5 connections between sources and sinks
[main] INFO soot.jimple.infoflow.data.pathBuilders.DefaultPathBuilderFactory$RepeatableContextSensitivePathBuilder - Path Reconstruction has used 4.311E-6 seconds
[main] INFO soot.jimple.infoflow.data.pathBuilders.DefaultPathBuilderFactory$RepeatableContextSensitivePathBuilder - Building path 1...
[main] INFO soot.jimple.infoflow.data.pathBuilders.DefaultPathBuilderFactory$RepeatableContextSensitivePathBuilder - Path Reconstruction has used 1.14171E-4 seconds
[main] INFO soot.jimple.infoflow.data.pathBuilders.DefaultPathBuilderFactory$RepeatableContextSensitivePathBuilder - Building path 2...
[main] INFO soot.jimple.infoflow.data.pathBuilders.DefaultPathBuilderFactory$RepeatableContextSensitivePathBuilder - Path Reconstruction has used 2.71883E-4 seconds
[main] INFO soot.jimple.infoflow.data.pathBuilders.DefaultPathBuilderFactory$RepeatableContextSensitivePathBuilder - Building path 3...
[main] INFO soot.jimple.infoflow.data.pathBuilders.DefaultPathBuilderFactory$RepeatableContextSensitivePathBuilder - Path Reconstruction has used 3.44493E-4 seconds
[main] INFO soot.jimple.infoflow.data.pathBuilders.DefaultPathBuilderFactory$RepeatableContextSensitivePathBuilder - Building path 4...
[main] INFO soot.jimple.infoflow.data.pathBuilders.DefaultPathBuilderFactory$RepeatableContextSensitivePathBuilder - Path Reconstruction has used 4.05856E-4 seconds
[main] INFO soot.jimple.infoflow.data.pathBuilders.DefaultPathBuilderFactory$RepeatableContextSensitivePathBuilder - Building path 5...
[main] INFO soot.jimple.infoflow.data.pathBuilders.DefaultPathBuilderFactory$ShutdownBatchPathBuilder - Single batch has used 9.071352212 seconds
[main] INFO soot.jimple.infoflow.data.pathBuilders.DefaultPathBuilderFactory$ShutdownBatchPathBuilder - Path Reconstruction has used 104.700801194 seconds
[main] INFO soot.jimple.infoflow.data.pathBuilders.DefaultPathBuilderFactory$ShutdownBatchPathBuilder - Running path reconstruction batch 10 with 5 elements
[main] INFO soot.jimple.infoflow.data.pathBuilders.DefaultPathBuilderFactory$RepeatableContextSensitivePathBuilder - Obtainted 5 connections between sources and sinks
[main] INFO soot.jimple.infoflow.data.pathBuilders.DefaultPathBuilderFactory$RepeatableContextSensitivePathBuilder - Path Reconstruction has used 3.433E-6 seconds
[main] INFO soot.jimple.infoflow.data.pathBuilders.DefaultPathBuilderFactory$RepeatableContextSensitivePathBuilder - Building path 1...
[main] INFO soot.jimple.infoflow.data.pathBuilders.DefaultPathBuilderFactory$RepeatableContextSensitivePathBuilder - Path Reconstruction has used 9.5388E-5 seconds
[main] INFO soot.jimple.infoflow.data.pathBuilders.DefaultPathBuilderFactory$RepeatableContextSensitivePathBuilder - Building path 2...
[main] INFO soot.jimple.infoflow.data.pathBuilders.DefaultPathBuilderFactory$RepeatableContextSensitivePathBuilder - Path Reconstruction has used 2.58134E-4 seconds
[main] INFO soot.jimple.infoflow.data.pathBuilders.DefaultPathBuilderFactory$RepeatableContextSensitivePathBuilder - Building path 3...
[main] INFO soot.jimple.infoflow.data.pathBuilders.DefaultPathBuilderFactory$RepeatableContextSensitivePathBuilder - Path Reconstruction has used 5.07889E-4 seconds
[main] INFO soot.jimple.infoflow.data.pathBuilders.DefaultPathBuilderFactory$RepeatableContextSensitivePathBuilder - Building path 4...
[main] INFO soot.jimple.infoflow.data.pathBuilders.DefaultPathBuilderFactory$RepeatableContextSensitivePathBuilder - Path Reconstruction has used 5.61811E-4 seconds
[main] INFO soot.jimple.infoflow.data.pathBuilders.DefaultPathBuilderFactory$RepeatableContextSensitivePathBuilder - Building path 5...
[main] INFO soot.jimple.infoflow.data.pathBuilders.DefaultPathBuilderFactory$ShutdownBatchPathBuilder - Single batch has used 8.74326799 seconds
[main] INFO soot.jimple.infoflow.data.pathBuilders.DefaultPathBuilderFactory$ShutdownBatchPathBuilder - Path Reconstruction has used 113.445177682 seconds
[main] INFO soot.jimple.infoflow.data.pathBuilders.DefaultPathBuilderFactory$ShutdownBatchPathBuilder - Running path reconstruction batch 11 with 5 elements
[main] INFO soot.jimple.infoflow.data.pathBuilders.DefaultPathBuilderFactory$RepeatableContextSensitivePathBuilder - Obtainted 5 connections between sources and sinks
[main] INFO soot.jimple.infoflow.data.pathBuilders.DefaultPathBuilderFactory$RepeatableContextSensitivePathBuilder - Path Reconstruction has used 3.867E-6 seconds
[main] INFO soot.jimple.infoflow.data.pathBuilders.DefaultPathBuilderFactory$RepeatableContextSensitivePathBuilder - Building path 1...
[main] INFO soot.jimple.infoflow.data.pathBuilders.DefaultPathBuilderFactory$RepeatableContextSensitivePathBuilder - Path Reconstruction has used 9.0997E-5 seconds
[main] INFO soot.jimple.infoflow.data.pathBuilders.DefaultPathBuilderFactory$RepeatableContextSensitivePathBuilder - Building path 2...
[main] INFO soot.jimple.infoflow.data.pathBuilders.DefaultPathBuilderFactory$RepeatableContextSensitivePathBuilder - Path Reconstruction has used 1.42947E-4 seconds
[main] INFO soot.jimple.infoflow.data.pathBuilders.DefaultPathBuilderFactory$RepeatableContextSensitivePathBuilder - Building path 3...
[main] INFO soot.jimple.infoflow.data.pathBuilders.DefaultPathBuilderFactory$RepeatableContextSensitivePathBuilder - Path Reconstruction has used 0.002344464 seconds
[main] INFO soot.jimple.infoflow.data.pathBuilders.DefaultPathBuilderFactory$RepeatableContextSensitivePathBuilder - Building path 4...
[main] INFO soot.jimple.infoflow.data.pathBuilders.DefaultPathBuilderFactory$RepeatableContextSensitivePathBuilder - Path Reconstruction has used 0.00238347 seconds
[main] INFO soot.jimple.infoflow.data.pathBuilders.DefaultPathBuilderFactory$RepeatableContextSensitivePathBuilder - Building path 5...
[main] INFO soot.jimple.infoflow.data.pathBuilders.DefaultPathBuilderFactory$ShutdownBatchPathBuilder - Single batch has used 8.998929759 seconds
[main] INFO soot.jimple.infoflow.data.pathBuilders.DefaultPathBuilderFactory$ShutdownBatchPathBuilder - Path Reconstruction has used 122.447672274 seconds
[main] INFO soot.jimple.infoflow.data.pathBuilders.DefaultPathBuilderFactory$ShutdownBatchPathBuilder - Running path reconstruction batch 12 with 4 elements
[main] INFO soot.jimple.infoflow.data.pathBuilders.DefaultPathBuilderFactory$RepeatableContextSensitivePathBuilder - Obtainted 4 connections between sources and sinks
[main] INFO soot.jimple.infoflow.data.pathBuilders.DefaultPathBuilderFactory$RepeatableContextSensitivePathBuilder - Path Reconstruction has used 3.592E-6 seconds
[main] INFO soot.jimple.infoflow.data.pathBuilders.DefaultPathBuilderFactory$RepeatableContextSensitivePathBuilder - Building path 1...
[main] INFO soot.jimple.infoflow.data.pathBuilders.DefaultPathBuilderFactory$RepeatableContextSensitivePathBuilder - Path Reconstruction has used 8.5074E-5 seconds
[main] INFO soot.jimple.infoflow.data.pathBuilders.DefaultPathBuilderFactory$RepeatableContextSensitivePathBuilder - Building path 2...
[main] INFO soot.jimple.infoflow.data.pathBuilders.DefaultPathBuilderFactory$RepeatableContextSensitivePathBuilder - Path Reconstruction has used 1.26142E-4 seconds
[main] INFO soot.jimple.infoflow.data.pathBuilders.DefaultPathBuilderFactory$RepeatableContextSensitivePathBuilder - Building path 3...
[main] INFO soot.jimple.infoflow.data.pathBuilders.DefaultPathBuilderFactory$RepeatableContextSensitivePathBuilder - Path Reconstruction has used 1.62887E-4 seconds
[main] INFO soot.jimple.infoflow.data.pathBuilders.DefaultPathBuilderFactory$RepeatableContextSensitivePathBuilder - Building path 4...
[main] INFO soot.jimple.infoflow.data.pathBuilders.DefaultPathBuilderFactory$ShutdownBatchPathBuilder - Single batch has used 8.565188055 seconds
[main] INFO soot.jimple.infoflow.memory.MemoryWarningSystem - Shutting down the memory warning system...
[FlowDroid Timeout Watcher] INFO soot.jimple.infoflow.memory.FlowDroidTimeoutWatcher - FlowDroid timeout watcher terminated
[main] INFO soot.jimple.infoflow.android.SetupApplication$InPlaceInfoflow - Memory consumption after path building: 5307 MB
[main] INFO soot.jimple.infoflow.android.SetupApplication$InPlaceInfoflow - Path reconstruction took 143 seconds
[main] INFO soot.jimple.infoflow.android.SetupApplication$InPlaceInfoflow - The sink virtualinvoke $r3.<android.content.Context: void sendBroadcast(android.content.Intent)>($r4) in method <com.medallia.digital.mobilesdk.Broadcasts$d: void a(com.medallia.digital.mobilesdk.Broadcasts$d$a,java.lang.String)> was called with values from the following sources:
[main] INFO soot.jimple.infoflow.android.SetupApplication$InPlaceInfoflow - - $r0 = virtualinvoke $r1.<android.app.Application: android.content.Context getApplicationContext()>() in method <com.medallia.digital.mobilesdk.i4: android.content.Context b()>
[main] INFO soot.jimple.infoflow.android.SetupApplication$InPlaceInfoflow - - $r0 = virtualinvoke $r3.<android.content.Context: java.lang.String getPackageName()>() in method <com.medallia.digital.mobilesdk.Broadcasts$d: void a(com.medallia.digital.mobilesdk.Broadcasts$d$a,java.lang.String)>
[main] INFO soot.jimple.infoflow.android.SetupApplication$InPlaceInfoflow - The sink staticinvoke <android.util.Log: int d(java.lang.String,java.lang.String)>("MemorySizeCalculator", $r4) in method <com.bumptech.glide.load.engine.cache.MemorySizeCalculator: void <init>(com.bumptech.glide.load.engine.cache.MemorySizeCalculator$Builder)> was called with values from the following sources:
[main] INFO soot.jimple.infoflow.android.SetupApplication$InPlaceInfoflow - - $z0 = virtualinvoke $r0.<android.app.ActivityManager: boolean isLowRamDevice()>() in method <com.bumptech.glide.load.engine.cache.MemorySizeCalculator: boolean isLowMemoryDevice(android.app.ActivityManager)>
[main] INFO soot.jimple.infoflow.android.SetupApplication$InPlaceInfoflow - - $i1 = virtualinvoke $r2.<android.app.ActivityManager: int getMemoryClass()>() in method <com.bumptech.glide.load.engine.cache.MemorySizeCalculator: void <init>(com.bumptech.glide.load.engine.cache.MemorySizeCalculator$Builder)>
[main] INFO soot.jimple.infoflow.android.SetupApplication$InPlaceInfoflow - - $i0 = virtualinvoke $r0.<android.app.ActivityManager: int getMemoryClass()>() in method <com.bumptech.glide.load.engine.cache.MemorySizeCalculator: int getMaxSize(android.app.ActivityManager,float,float)>
[main] INFO soot.jimple.infoflow.android.SetupApplication$InPlaceInfoflow - The sink staticinvoke <android.util.Log: int v(java.lang.String,java.lang.String)>("LruBitmapPool", $r5) in method <com.bumptech.glide.load.engine.bitmap_recycle.LruBitmapPool: void put(android.graphics.Bitmap)> was called with values from the following sources:
[main] INFO soot.jimple.infoflow.android.SetupApplication$InPlaceInfoflow - - $r1 = virtualinvoke $r0.<android.graphics.Bitmap: android.graphics.Bitmap$Config getConfig()>() in method <com.bumptech.glide.load.engine.bitmap_recycle.AttributeStrategy: java.lang.String getBitmapString(android.graphics.Bitmap)>
[main] INFO soot.jimple.infoflow.android.SetupApplication$InPlaceInfoflow - - $r1 = virtualinvoke $r0.<android.graphics.Bitmap: android.graphics.Bitmap$Config getConfig()>() in method <com.bumptech.glide.load.engine.bitmap_recycle.SizeConfigStrategy: java.lang.String logBitmap(android.graphics.Bitmap)>
[main] INFO soot.jimple.infoflow.android.SetupApplication$InPlaceInfoflow - The sink staticinvoke <android.util.Log: int v(java.lang.String,java.lang.String)>("LocalBroadcastManager", $r10) in method <com.medallia.digital.mobilesdk.q4: boolean a(android.content.Intent)> was called with values from the following sources:
[main] INFO soot.jimple.infoflow.android.SetupApplication$InPlaceInfoflow - - $r7 = virtualinvoke $r0.<android.content.Intent: java.lang.String getScheme()>() in method <com.medallia.digital.mobilesdk.q4: boolean a(android.content.Intent)>
[main] INFO soot.jimple.infoflow.android.SetupApplication$InPlaceInfoflow - The sink staticinvoke <android.util.Log: int d(java.lang.String,java.lang.String)>("AdobeExperienceSDK", $r0) in method <com.adobe.marketing.mobile.AndroidLoggingService: void debug(java.lang.String,java.lang.String)> was called with values from the following sources:
[main] INFO soot.jimple.infoflow.android.SetupApplication$InPlaceInfoflow - - $i0 = virtualinvoke $r2.<java.lang.Object: int hashCode()>() in method <kotlin.collections.AbstractSet$Companion: int unorderedHashCode$kotlin_stdlib(java.util.Collection)>
[main] INFO soot.jimple.infoflow.android.SetupApplication$InPlaceInfoflow - - $r1 = virtualinvoke $r2.<java.lang.Object: java.lang.String toString()>() in method <com.adobe.marketing.mobile.ContextDataUtil: void serializeKeyValuePair(java.lang.String,java.lang.Object,java.lang.StringBuilder)>
[main] INFO soot.jimple.infoflow.android.SetupApplication$InPlaceInfoflow - - $i2 = virtualinvoke $r1.<java.lang.Object: int hashCode()>() in method <lu.bgl.spm.dataLayer.remote.core.models.Teaser: int hashCode()>
[main] INFO soot.jimple.infoflow.android.SetupApplication$InPlaceInfoflow - - $i2 = virtualinvoke $r0.<java.lang.Object: int hashCode()>() in method <kotlin.Triple: int hashCode()>
[main] INFO soot.jimple.infoflow.android.SetupApplication$InPlaceInfoflow - - $r3 = virtualinvoke $r5.<java.lang.Object: java.lang.String toString()>() in method <com.fasterxml.jackson.databind.deser.std.StringDeserializer: java.lang.String deserialize(com.fasterxml.jackson.core.JsonParser,com.fasterxml.jackson.databind.DeserializationContext)>
[main] INFO soot.jimple.infoflow.android.SetupApplication$InPlaceInfoflow - - $i1 = virtualinvoke $r1.<java.lang.Object: int hashCode()>() in method <coil.request.ImageRequest: int hashCode()>
[main] INFO soot.jimple.infoflow.android.SetupApplication$InPlaceInfoflow - - $i1 = virtualinvoke $r0.<java.lang.Object: int hashCode()>() in method <com.fasterxml.jackson.core.JsonLocation: int hashCode()>
[main] INFO soot.jimple.infoflow.android.SetupApplication$InPlaceInfoflow - - $i0 = virtualinvoke $r0.<java.lang.Object: int hashCode()>() in method <com.fasterxml.jackson.databind.util.RawValue: int hashCode()>
[main] INFO soot.jimple.infoflow.android.SetupApplication$InPlaceInfoflow - - $i0 = virtualinvoke $r0.<java.lang.Object: int hashCode()>() in method <kotlinx.coroutines.internal.InlineList: int hashCode-impl(java.lang.Object)>
[main] INFO soot.jimple.infoflow.android.SetupApplication$InPlaceInfoflow - - $i1 = virtualinvoke $r0.<java.lang.Object: int hashCode()>() in method <kotlinx.coroutines.CompletedContinuation: int hashCode()>
[main] INFO soot.jimple.infoflow.android.SetupApplication$InPlaceInfoflow - - $i0 = virtualinvoke $r1.<java.lang.Object: int hashCode()>() in method <com.medallia.digital.mobilesdk.CustomParameter: int hashCode()>
[main] INFO soot.jimple.infoflow.android.SetupApplication$InPlaceInfoflow - - $i0 = virtualinvoke $r0.<java.lang.Object: int hashCode()>() in method <kotlin.Pair: int hashCode()>
[main] INFO soot.jimple.infoflow.android.SetupApplication$InPlaceInfoflow - - $i0 = virtualinvoke $r0.<java.lang.Object: int hashCode()>() in method <kotlin.Triple: int hashCode()>
[main] INFO soot.jimple.infoflow.android.SetupApplication$InPlaceInfoflow - - $i0 = virtualinvoke $r0.<java.lang.Object: int hashCode()>() in method <kotlinx.coroutines.channels.ChannelResult: int hashCode-impl(java.lang.Object)>
[main] INFO soot.jimple.infoflow.android.SetupApplication$InPlaceInfoflow - - $i1 = virtualinvoke $r0.<java.lang.Object: int hashCode()>() in method <kotlin.reflect.jvm.internal.impl.serialization.deserialization.IncompatibleVersionErrorData: int hashCode()>
[main] INFO soot.jimple.infoflow.android.SetupApplication$InPlaceInfoflow - - $r3 = virtualinvoke $r2.<java.lang.Object: java.lang.String toString()>() in method <com.adobe.marketing.mobile.MatcherStartsWith: java.lang.String toString()>
[main] INFO soot.jimple.infoflow.android.SetupApplication$InPlaceInfoflow - - $i0 = virtualinvoke $r0.<java.lang.Object: int hashCode()>() in method <kotlin.reflect.jvm.internal.impl.resolve.constants.ConstantValue: int hashCode()>
[main] INFO soot.jimple.infoflow.android.SetupApplication$InPlaceInfoflow - - $i0 = virtualinvoke $r0.<java.lang.Object: int hashCode()>() in method <kotlin.reflect.jvm.internal.impl.serialization.deserialization.IncompatibleVersionErrorData: int hashCode()>
[main] INFO soot.jimple.infoflow.android.SetupApplication$InPlaceInfoflow - - $r3 = virtualinvoke $r2.<java.lang.Object: java.lang.String toString()>() in method <com.adobe.marketing.mobile.MatcherEndsWith: java.lang.String toString()>
[main] INFO soot.jimple.infoflow.android.SetupApplication$InPlaceInfoflow - - $i1 = virtualinvoke $r0.<java.lang.Object: int hashCode()>() in method <io.reactivex.schedulers.Timed: int hashCode()>
[main] INFO soot.jimple.infoflow.android.SetupApplication$InPlaceInfoflow - - $r0 = virtualinvoke this.<com.bumptech.glide.manager.RequestManagerFragment: android.app.Fragment getParentFragment()>() in method <com.bumptech.glide.manager.RequestManagerFragment: android.app.Fragment getParentFragmentUsingHint()>
[main] INFO soot.jimple.infoflow.android.SetupApplication$InPlaceInfoflow - - $i0 = virtualinvoke $r0.<java.lang.Object: int hashCode()>() in method <lu.bgl.spm.data.models.portfolio.PortfolioModel$MultiMapKey4Values: int hashCode()>
[main] INFO soot.jimple.infoflow.android.SetupApplication$InPlaceInfoflow - - $i2 = virtualinvoke $r1.<java.lang.Object: int hashCode()>() in method <lu.bgl.spm.data.models.introduction.Teaser: int hashCode()>
[main] INFO soot.jimple.infoflow.android.SetupApplication$InPlaceInfoflow - - $i1 = virtualinvoke $r2.<java.lang.Object: int hashCode()>() in method <kotlin.collections.AbstractList$Companion: int orderedHashCode$kotlin_stdlib(java.util.Collection)>
[main] INFO soot.jimple.infoflow.android.SetupApplication$InPlaceInfoflow - - $i1 = virtualinvoke $r0.<java.lang.Object: int hashCode()>() in method <kotlin.Pair: int hashCode()>
[main] INFO soot.jimple.infoflow.android.SetupApplication$InPlaceInfoflow - - $r3 = virtualinvoke $r2.<java.lang.Object: java.lang.String toString()>() in method <com.adobe.marketing.mobile.MatcherGreaterThan: java.lang.String toString()>
[main] INFO soot.jimple.infoflow.android.SetupApplication$InPlaceInfoflow - - $i1 = virtualinvoke $r0.<java.lang.Object: int hashCode()>() in method <kotlin.collections.builders.MapBuilder$EntryRef: int hashCode()>
[main] INFO soot.jimple.infoflow.android.SetupApplication$InPlaceInfoflow - - $f0 = virtualinvoke $r2.<android.view.Display: float getRefreshRate()>() in method <com.faltenreich.skeletonlayout.BaseExtensionsKt: float refreshRateInSeconds(android.content.Context)>
[main] INFO soot.jimple.infoflow.android.SetupApplication$InPlaceInfoflow - - $i0 = virtualinvoke $r1.<java.lang.Object: int hashCode()>() in method <coil.request.Parameters$Entry: int hashCode()>
[main] INFO soot.jimple.infoflow.android.SetupApplication$InPlaceInfoflow - - $r4 = virtualinvoke $r0.<java.lang.Object: java.lang.String toString()>() in method <com.adobe.marketing.mobile.ContextData: java.lang.String toString()>
[main] INFO soot.jimple.infoflow.android.SetupApplication$InPlaceInfoflow - - $i0 = virtualinvoke $r1.<java.lang.Object: int hashCode()>() in method <kotlin.jvm.internal.AdaptedFunctionReference: int hashCode()>
[main] INFO soot.jimple.infoflow.android.SetupApplication$InPlaceInfoflow - - $r3 = virtualinvoke $r2.<java.lang.Object: java.lang.String toString()>() in method <com.adobe.marketing.mobile.MatcherLessThan: java.lang.String toString()>
[main] INFO soot.jimple.infoflow.android.SetupApplication$InPlaceInfoflow - - $i1 = virtualinvoke $r1.<java.lang.Object: int hashCode()>() in method <rx.Notification: int hashCode()>
[main] INFO soot.jimple.infoflow.android.SetupApplication$InPlaceInfoflow - - $i2 = virtualinvoke $r0.<java.lang.Object: int hashCode()>() in method <kotlin.reflect.jvm.internal.impl.serialization.deserialization.IncompatibleVersionErrorData: int hashCode()>
[main] INFO soot.jimple.infoflow.android.SetupApplication$InPlaceInfoflow - - $i1 = virtualinvoke $r0.<java.lang.Object: int hashCode()>() in method <lu.bgl.spm.data.models.portfolio.PortfolioModel$MultiMapKey4Values: int hashCode()>
[main] INFO soot.jimple.infoflow.android.SetupApplication$InPlaceInfoflow - - $i2 = virtualinvoke $r1.<java.lang.Object: int hashCode()>() in method <kotlin.collections.builders.ListBuilderKt: int subarrayContentHashCode(java.lang.Object[],int,int)>
[main] INFO soot.jimple.infoflow.android.SetupApplication$InPlaceInfoflow - - $i1 = virtualinvoke $r1.<java.lang.Object: int hashCode()>() in method <lu.bgl.spm.data.domain.directinvest.DirectInvestSimulationFragmentAdapterData: int hashCode()>
[main] INFO soot.jimple.infoflow.android.SetupApplication$InPlaceInfoflow - - $i1 = virtualinvoke $r0.<java.lang.Object: int hashCode()>() in method <kotlin.reflect.jvm.internal.impl.types.typesApproximation.ApproximationBounds: int hashCode()>
[main] INFO soot.jimple.infoflow.android.SetupApplication$InPlaceInfoflow - - $i0 = virtualinvoke $r0.<java.lang.Object: int hashCode()>() in method <kotlinx.coroutines.internal.SegmentOrClosed: int hashCode-impl(java.lang.Object)>
[main] INFO soot.jimple.infoflow.android.SetupApplication$InPlaceInfoflow - - $i2 = virtualinvoke $r1.<java.lang.Object: int hashCode()>() in method <lu.bgl.spm.data.domain.directinvest.DirectInvestSimulationFragmentAdapterData: int hashCode()>
[main] INFO soot.jimple.infoflow.android.SetupApplication$InPlaceInfoflow - - $r2 = virtualinvoke $r1.<java.lang.Object: java.lang.String toString()>() in method <rx.schedulers.Timestamped: java.lang.String toString()>
[main] INFO soot.jimple.infoflow.android.SetupApplication$InPlaceInfoflow - - $i1 = virtualinvoke $r0.<java.lang.Object: int hashCode()>() in method <lu.bgl.spm.data.models.portfolio.PortfolioModel$MultiMapKey4Values: int hashCode()>
[main] INFO soot.jimple.infoflow.android.SetupApplication$InPlaceInfoflow - - $i0 = virtualinvoke $r0.<java.lang.Object: int hashCode()>() in method <lu.bgl.spm.domainLayer.payment.models.common.ListItem: int hashCode()>
[main] INFO soot.jimple.infoflow.android.SetupApplication$InPlaceInfoflow - - $r13 = virtualinvoke $r1.<java.lang.Object: java.lang.String toString()>() in method <kotlin.reflect.jvm.internal.calls.AnnotationConstructorCallerKt$createAnnotationInstance$toString$2$1$1: java.lang.CharSequence invoke(java.util.Map$Entry)>
[main] INFO soot.jimple.infoflow.android.SetupApplication$InPlaceInfoflow - - $i0 = virtualinvoke $r0.<java.lang.Object: int hashCode()>() in method <io.reactivex.Notification: int hashCode()>
[main] INFO soot.jimple.infoflow.android.SetupApplication$InPlaceInfoflow - - $r5 = virtualinvoke $r1.<android.app.Activity: java.lang.String getLocalClassName()>() in method <com.adobe.marketing.mobile.services.ui.FloatingButtonManager$3: void run()>
[main] INFO soot.jimple.infoflow.android.SetupApplication$InPlaceInfoflow - - $r3 = virtualinvoke $r2.<java.lang.Object: java.lang.String toString()>() in method <com.adobe.marketing.mobile.MatcherEquals: java.lang.String toString()>
[main] INFO soot.jimple.infoflow.android.SetupApplication$InPlaceInfoflow - - $i0 = virtualinvoke $r0.<java.lang.Object: int hashCode()>() in method <com.bumptech.glide.load.model.ModelCache$ModelKey: int hashCode()>
[main] INFO soot.jimple.infoflow.android.SetupApplication$InPlaceInfoflow - - $i1 = virtualinvoke $r0.<java.lang.Object: int hashCode()>() in method <kotlin.reflect.jvm.internal.impl.serialization.deserialization.IncompatibleVersionErrorData: int hashCode()>
[main] INFO soot.jimple.infoflow.android.SetupApplication$InPlaceInfoflow - - $i1 = virtualinvoke $r0.<java.lang.Object: int hashCode()>() in method <lu.bgl.spm.data.domain.directinvest.DirectInvestContractDetailFragmentAdapterData: int hashCode()>
[main] INFO soot.jimple.infoflow.android.SetupApplication$InPlaceInfoflow - - $r3 = virtualinvoke $r2.<java.lang.Object: java.lang.String toString()>() in method <com.adobe.marketing.mobile.MatcherNotEquals: java.lang.String toString()>
[main] INFO soot.jimple.infoflow.android.SetupApplication$InPlaceInfoflow - - $i0 = virtualinvoke $r0.<java.lang.Object: int hashCode()>() in method <kotlin.time.TimedValue: int hashCode()>
[main] INFO soot.jimple.infoflow.android.SetupApplication$InPlaceInfoflow - - $i1 = virtualinvoke $r0.<java.lang.Object: int hashCode()>() in method <com.squareup.moshi.LinkedHashTreeMap$Node: int hashCode()>
[main] INFO soot.jimple.infoflow.android.SetupApplication$InPlaceInfoflow - - $i0 = virtualinvoke $r0.<java.lang.Object: int hashCode()>() in method <kotlin.reflect.jvm.internal.impl.storage.LockBasedStorageManager$KeyWithComputation: int hashCode()>
[main] INFO soot.jimple.infoflow.android.SetupApplication$InPlaceInfoflow - - $i1 = virtualinvoke $r1.<java.lang.Object: int hashCode()>() in method <lu.bgl.spm.data.domain.portfolio.PortfolioMainAdapterData: int hashCode()>
[main] INFO soot.jimple.infoflow.android.SetupApplication$InPlaceInfoflow - - $r0 = virtualinvoke $r1.<java.lang.Object: java.lang.String toString()>() in method <com.fasterxml.jackson.databind.util.ClassUtil: java.lang.String nullOrToString(java.lang.Object)>
[main] INFO soot.jimple.infoflow.android.SetupApplication$InPlaceInfoflow - - $i0 = virtualinvoke $r0.<java.lang.Object: int hashCode()>() in method <lu.bgl.spm.data.domain.directinvest.DirectInvestContractDetailFragmentAdapterData: int hashCode()>
[main] INFO soot.jimple.infoflow.android.SetupApplication$InPlaceInfoflow - - $i1 = virtualinvoke $r2.<java.lang.Object: int hashCode()>() in method <kotlin.collections.builders.MapBuilder$EntriesItr: int nextHashCode$kotlin_stdlib()>
[main] INFO soot.jimple.infoflow.android.SetupApplication$InPlaceInfoflow - - $i0 = virtualinvoke $r4.<java.lang.Object: int hashCode()>() in method <kotlin.reflect.jvm.internal.calls.AnnotationConstructorCallerKt$createAnnotationInstance$hashCode$2: java.lang.Integer invoke()>
[main] INFO soot.jimple.infoflow.android.SetupApplication$InPlaceInfoflow - - $r3 = virtualinvoke $r2.<java.lang.Object: java.lang.String toString()>() in method <com.adobe.marketing.mobile.MatcherGreaterThanOrEqual: java.lang.String toString()>
[main] INFO soot.jimple.infoflow.android.SetupApplication$InPlaceInfoflow - - $i1 = virtualinvoke $r0.<java.lang.Object: int hashCode()>() in method <com.bumptech.glide.util.Util: int hashCode(java.lang.Object,int)>
[main] INFO soot.jimple.infoflow.android.SetupApplication$InPlaceInfoflow - - $r1 = virtualinvoke $r0.<android.content.Context: java.io.File getCacheDir()>() in method <com.adobe.marketing.mobile.services.DeviceInfoService: java.io.File getApplicationCacheDir()>
[main] INFO soot.jimple.infoflow.android.SetupApplication$InPlaceInfoflow - - $i0 = virtualinvoke $r0.<java.lang.Object: int hashCode()>() in method <kotlin.collections.builders.MapBuilder$EntryRef: int hashCode()>
[main] INFO soot.jimple.infoflow.android.SetupApplication$InPlaceInfoflow - - $i1 = virtualinvoke $r0.<java.lang.Object: int hashCode()>() in method <kotlin.reflect.jvm.internal.impl.protobuf.SmallSortedMap$Entry: int hashCode()>
[main] INFO soot.jimple.infoflow.android.SetupApplication$InPlaceInfoflow - - $i0 = virtualinvoke $r0.<java.lang.Object: int hashCode()>() in method <com.bumptech.glide.load.engine.EngineKey: int hashCode()>
[main] INFO soot.jimple.infoflow.android.SetupApplication$InPlaceInfoflow - - $i0 = virtualinvoke $r0.<java.lang.Object: int hashCode()>() in method <kotlinx.serialization.internal.MapEntrySerializer$MapEntry: int hashCode()>
[main] INFO soot.jimple.infoflow.android.SetupApplication$InPlaceInfoflow - - $i0 = virtualinvoke $r0.<java.lang.Object: int hashCode()>() in method <com.fasterxml.jackson.databind.node.POJONode: int hashCode()>
[main] INFO soot.jimple.infoflow.android.SetupApplication$InPlaceInfoflow - - $r3 = virtualinvoke $r2.<java.lang.Object: java.lang.String toString()>() in method <com.adobe.marketing.mobile.MatcherLessThanOrEqual: java.lang.String toString()>
[main] INFO soot.jimple.infoflow.android.SetupApplication$InPlaceInfoflow - - $i0 = virtualinvoke $r0.<java.lang.Object: int hashCode()>() in method <com.squareup.moshi.LinkedHashTreeMap$Node: int hashCode()>
[main] INFO soot.jimple.infoflow.android.SetupApplication$InPlaceInfoflow - - $i0 = virtualinvoke $r0.<java.lang.Object: int hashCode()>() in method <rx.schedulers.TimeInterval: int hashCode()>
[main] INFO soot.jimple.infoflow.android.SetupApplication$InPlaceInfoflow - - $i2 = virtualinvoke $r1.<java.lang.Object: int hashCode()>() in method <lu.bgl.spm.dataLayer.core.models.network.NetworkServiceResponse: int hashCode()>
[main] INFO soot.jimple.infoflow.android.SetupApplication$InPlaceInfoflow - - $i0 = virtualinvoke $r0.<java.lang.Object: int hashCode()>() in method <rx.schedulers.Timestamped: int hashCode()>
[main] INFO soot.jimple.infoflow.android.SetupApplication$InPlaceInfoflow - - $r1 = virtualinvoke $r0.<java.lang.Object: java.lang.String toString()>() in method <com.fasterxml.jackson.databind.introspect.POJOPropertyBuilder$Linked: java.lang.String toString()>
[main] INFO soot.jimple.infoflow.android.SetupApplication$InPlaceInfoflow - - $r5 = virtualinvoke $r4.<android.app.Activity: java.lang.String getLocalClassName()>() in method <com.adobe.marketing.mobile.services.ui.FloatingButtonManager$2: void run()>
[main] INFO soot.jimple.infoflow.android.SetupApplication$InPlaceInfoflow - - $i0 = virtualinvoke $r2.<java.lang.Object: int hashCode()>() in method <kotlin.collections.builders.MapBuilder$EntriesItr: int nextHashCode$kotlin_stdlib()>
[main] INFO soot.jimple.infoflow.android.SetupApplication$InPlaceInfoflow - - $r3 = virtualinvoke $r2.<java.lang.Object: java.lang.String toString()>() in method <kotlin.reflect.jvm.internal.impl.types.IntersectionTypeConstructor$makeDebugNameForIntersectionType$3: java.lang.CharSequence invoke(kotlin.reflect.jvm.internal.impl.types.KotlinType)>
[main] INFO soot.jimple.infoflow.android.SetupApplication$InPlaceInfoflow - - $i0 = virtualinvoke $r0.<java.lang.Object: int hashCode()>() in method <com.fasterxml.jackson.annotation.JacksonInject$Value: int hashCode()>
[main] INFO soot.jimple.infoflow.android.SetupApplication$InPlaceInfoflow - - $i0 = virtualinvoke $r0.<java.lang.Object: int hashCode()>() in method <kotlin.reflect.jvm.internal.impl.types.typesApproximation.ApproximationBounds: int hashCode()>
[main] INFO soot.jimple.infoflow.android.SetupApplication$InPlaceInfoflow - - $r3 = virtualinvoke $r2.<java.lang.Object: java.lang.String toString()>() in method <com.adobe.marketing.mobile.MatcherNotContains: java.lang.String toString()>
[main] INFO soot.jimple.infoflow.android.SetupApplication$InPlaceInfoflow - - $i1 = virtualinvoke $r0.<java.lang.Object: int hashCode()>() in method <kotlin.collections.IndexedValue: int hashCode()>
[main] INFO soot.jimple.infoflow.android.SetupApplication$InPlaceInfoflow - - $i0 = virtualinvoke $r0.<java.lang.Object: int hashCode()>() in method <com.bumptech.glide.signature.ObjectKey: int hashCode()>
[main] INFO soot.jimple.infoflow.android.SetupApplication$InPlaceInfoflow - - $i0 = virtualinvoke $r0.<java.lang.Object: int hashCode()>() in method <com.squareup.moshi.internal.Util: int hashCodeOrZero(java.lang.Object)>
[main] INFO soot.jimple.infoflow.android.SetupApplication$InPlaceInfoflow - - $r0 = virtualinvoke $r1.<java.lang.Object: java.lang.String toString()>() in method <com.fasterxml.jackson.databind.node.POJONode: java.lang.String asText()>
[main] INFO soot.jimple.infoflow.android.SetupApplication$InPlaceInfoflow - - $i1 = virtualinvoke $r0.<java.lang.Object: int hashCode()>() in method <lu.bgl.spm.data.models.portfolio.PortfolioModel$MultiMapKey4Values: int hashCode()>
[main] INFO soot.jimple.infoflow.android.SetupApplication$InPlaceInfoflow - - $i1 = virtualinvoke $r0.<java.lang.Object: int hashCode()>() in method <kotlinx.serialization.internal.MapEntrySerializer$MapEntry: int hashCode()>
[main] INFO soot.jimple.infoflow.android.SetupApplication$InPlaceInfoflow - - $i0 = virtualinvoke $r2.<java.lang.Object: int hashCode()>() in method <lu.bgl.spm.data.domain.portfolio.PortfolioPositionData: int hashCode()>
[main] INFO soot.jimple.infoflow.android.SetupApplication$InPlaceInfoflow - - $r3 = virtualinvoke $r2.<java.lang.Object: java.lang.String toString()>() in method <com.adobe.marketing.mobile.MatcherContains: java.lang.String toString()>
[main] INFO soot.jimple.infoflow.android.SetupApplication$InPlaceInfoflow - - $i0 = virtualinvoke $r0.<java.lang.Object: int hashCode()>() in method <kotlinx.coroutines.CompletedContinuation: int hashCode()>
[main] INFO soot.jimple.infoflow.android.SetupApplication$InPlaceInfoflow - - $i1 = virtualinvoke $r0.<java.lang.Object: int hashCode()>() in method <kotlin.Triple: int hashCode()>
[main] INFO soot.jimple.infoflow.android.SetupApplication$InPlaceInfoflow - - $i0 = virtualinvoke $r0.<java.lang.Object: int hashCode()>() in method <kotlin.Result: int hashCode-impl(java.lang.Object)>
[main] INFO soot.jimple.infoflow.android.SetupApplication$InPlaceInfoflow - - $i2 = virtualinvoke $r1.<java.lang.Object: int hashCode()>() in method <lu.bgl.spm.domainLayer.core.models.Teaser: int hashCode()>
[main] INFO soot.jimple.infoflow.android.SetupApplication$InPlaceInfoflow - - $r2 = virtualinvoke $r5.<java.lang.Object: java.lang.String toString()>() in method <kotlinx.coroutines.channels.BufferedChannel: java.lang.String toString()>
[main] INFO soot.jimple.infoflow.android.SetupApplication$InPlaceInfoflow - - $i0 = virtualinvoke $r0.<java.lang.Object: int hashCode()>() in method <kotlin.jvm.internal.TypeParameterReference: int hashCode()>
[main] INFO soot.jimple.infoflow.android.SetupApplication$InPlaceInfoflow - The sink virtualinvoke $r4.<android.content.Context: void sendBroadcast(android.content.Intent)>($r5) in method <com.onetrust.otpublishers.headless.Internal.Helper.q: void a(org.json.JSONObject,java.lang.String)> was called with values from the following sources:
[main] INFO soot.jimple.infoflow.android.SetupApplication$InPlaceInfoflow - - $r1 = virtualinvoke $r4.<android.content.Context: java.lang.String getPackageName()>() in method <com.onetrust.otpublishers.headless.Internal.Helper.q: void a(org.json.JSONObject,java.lang.String)>
[main] INFO soot.jimple.infoflow.android.SetupApplication$InPlaceInfoflow - The sink staticinvoke <android.util.Log: int d(java.lang.String,java.lang.String,java.lang.Throwable)>("Downsampler", "Failed to decode with inBitmap, trying again without Bitmap re-use", $r9) in method <com.bumptech.glide.load.resource.bitmap.Downsampler: android.graphics.Bitmap decodeStream(java.io.InputStream,android.graphics.BitmapFactory$Options,com.bumptech.glide.load.resource.bitmap.Downsampler$DecodeCallbacks,com.bumptech.glide.load.engine.bitmap_recycle.BitmapPool)> was called with values from the following sources:
[main] INFO soot.jimple.infoflow.android.SetupApplication$InPlaceInfoflow - - $r3 = virtualinvoke $r0.<android.graphics.Bitmap: android.graphics.Bitmap$Config getConfig()>() in method <com.bumptech.glide.load.resource.bitmap.Downsampler: java.lang.String getBitmapString(android.graphics.Bitmap)>
[main] INFO soot.jimple.infoflow.android.SetupApplication$InPlaceInfoflow - The sink staticinvoke <android.util.Log: int i(java.lang.String,java.lang.String)>("CameraConfiguration", $r2) in method <com.journeyapps.barcodescanner.camera.CameraConfigurationUtils: void setBestPreviewFPS(android.hardware.Camera$Parameters,int,int)> was called with values from the following sources:
[main] INFO soot.jimple.infoflow.android.SetupApplication$InPlaceInfoflow - - $i0 = virtualinvoke $r2.<java.lang.Object: int hashCode()>() in method <kotlin.collections.AbstractSet$Companion: int unorderedHashCode$kotlin_stdlib(java.util.Collection)>
[main] INFO soot.jimple.infoflow.android.SetupApplication$InPlaceInfoflow - - $i2 = virtualinvoke $r0.<java.lang.Object: int hashCode()>() in method <kotlin.Triple: int hashCode()>
[main] INFO soot.jimple.infoflow.android.SetupApplication$InPlaceInfoflow - - $i2 = virtualinvoke $r1.<java.lang.Object: int hashCode()>() in method <lu.bgl.spm.dataLayer.remote.core.models.Teaser: int hashCode()>
[main] INFO soot.jimple.infoflow.android.SetupApplication$InPlaceInfoflow - - $r3 = virtualinvoke $r5.<java.lang.Object: java.lang.String toString()>() in method <com.fasterxml.jackson.databind.deser.std.StringDeserializer: java.lang.String deserialize(com.fasterxml.jackson.core.JsonParser,com.fasterxml.jackson.databind.DeserializationContext)>
[main] INFO soot.jimple.infoflow.android.SetupApplication$InPlaceInfoflow - - $i1 = virtualinvoke $r1.<java.lang.Object: int hashCode()>() in method <coil.request.ImageRequest: int hashCode()>
[main] INFO soot.jimple.infoflow.android.SetupApplication$InPlaceInfoflow - - $i1 = virtualinvoke $r0.<java.lang.Object: int hashCode()>() in method <com.fasterxml.jackson.core.JsonLocation: int hashCode()>
[main] INFO soot.jimple.infoflow.android.SetupApplication$InPlaceInfoflow - - $i0 = virtualinvoke $r0.<java.lang.Object: int hashCode()>() in method <com.fasterxml.jackson.databind.util.RawValue: int hashCode()>
[main] INFO soot.jimple.infoflow.android.SetupApplication$InPlaceInfoflow - - $i0 = virtualinvoke $r0.<java.lang.Object: int hashCode()>() in method <kotlinx.coroutines.internal.InlineList: int hashCode-impl(java.lang.Object)>
[main] INFO soot.jimple.infoflow.android.SetupApplication$InPlaceInfoflow - - $i1 = virtualinvoke $r0.<java.lang.Object: int hashCode()>() in method <kotlinx.coroutines.CompletedContinuation: int hashCode()>
[main] INFO soot.jimple.infoflow.android.SetupApplication$InPlaceInfoflow - - $i0 = virtualinvoke $r1.<java.lang.Object: int hashCode()>() in method <com.medallia.digital.mobilesdk.CustomParameter: int hashCode()>
[main] INFO soot.jimple.infoflow.android.SetupApplication$InPlaceInfoflow - - $i0 = virtualinvoke $r0.<java.lang.Object: int hashCode()>() in method <kotlin.Pair: int hashCode()>
[main] INFO soot.jimple.infoflow.android.SetupApplication$InPlaceInfoflow - - $i0 = virtualinvoke $r0.<java.lang.Object: int hashCode()>() in method <kotlin.Triple: int hashCode()>
[main] INFO soot.jimple.infoflow.android.SetupApplication$InPlaceInfoflow - - $i0 = virtualinvoke $r0.<java.lang.Object: int hashCode()>() in method <kotlinx.coroutines.channels.ChannelResult: int hashCode-impl(java.lang.Object)>
[main] INFO soot.jimple.infoflow.android.SetupApplication$InPlaceInfoflow - - $i1 = virtualinvoke $r0.<java.lang.Object: int hashCode()>() in method <kotlin.reflect.jvm.internal.impl.serialization.deserialization.IncompatibleVersionErrorData: int hashCode()>
[main] INFO soot.jimple.infoflow.android.SetupApplication$InPlaceInfoflow - - $r3 = virtualinvoke $r2.<java.lang.Object: java.lang.String toString()>() in method <com.adobe.marketing.mobile.MatcherStartsWith: java.lang.String toString()>
[main] INFO soot.jimple.infoflow.android.SetupApplication$InPlaceInfoflow - - $i0 = virtualinvoke $r0.<java.lang.Object: int hashCode()>() in method <kotlin.reflect.jvm.internal.impl.resolve.constants.ConstantValue: int hashCode()>
[main] INFO soot.jimple.infoflow.android.SetupApplication$InPlaceInfoflow - - $r1 = virtualinvoke $r0.<android.hardware.Camera$Parameters: java.util.List getSupportedPreviewFpsRange()>() in method <com.journeyapps.barcodescanner.camera.CameraConfigurationUtils: void setBestPreviewFPS(android.hardware.Camera$Parameters,int,int)>
[main] INFO soot.jimple.infoflow.android.SetupApplication$InPlaceInfoflow - - $i0 = virtualinvoke $r0.<java.lang.Object: int hashCode()>() in method <kotlin.reflect.jvm.internal.impl.serialization.deserialization.IncompatibleVersionErrorData: int hashCode()>
[main] INFO soot.jimple.infoflow.android.SetupApplication$InPlaceInfoflow - - $r3 = virtualinvoke $r2.<java.lang.Object: java.lang.String toString()>() in method <com.adobe.marketing.mobile.MatcherEndsWith: java.lang.String toString()>
[main] INFO soot.jimple.infoflow.android.SetupApplication$InPlaceInfoflow - - $i1 = virtualinvoke $r0.<java.lang.Object: int hashCode()>() in method <io.reactivex.schedulers.Timed: int hashCode()>
[main] INFO soot.jimple.infoflow.android.SetupApplication$InPlaceInfoflow - - $r0 = virtualinvoke this.<com.bumptech.glide.manager.RequestManagerFragment: android.app.Fragment getParentFragment()>() in method <com.bumptech.glide.manager.RequestManagerFragment: android.app.Fragment getParentFragmentUsingHint()>
[main] INFO soot.jimple.infoflow.android.SetupApplication$InPlaceInfoflow - - $i0 = virtualinvoke $r0.<java.lang.Object: int hashCode()>() in method <lu.bgl.spm.data.models.portfolio.PortfolioModel$MultiMapKey4Values: int hashCode()>
[main] INFO soot.jimple.infoflow.android.SetupApplication$InPlaceInfoflow - - $i2 = virtualinvoke $r1.<java.lang.Object: int hashCode()>() in method <lu.bgl.spm.data.models.introduction.Teaser: int hashCode()>
[main] INFO soot.jimple.infoflow.android.SetupApplication$InPlaceInfoflow - - $i1 = virtualinvoke $r0.<java.lang.Object: int hashCode()>() in method <kotlin.Pair: int hashCode()>
[main] INFO soot.jimple.infoflow.android.SetupApplication$InPlaceInfoflow - - $i1 = virtualinvoke $r2.<java.lang.Object: int hashCode()>() in method <kotlin.collections.AbstractList$Companion: int orderedHashCode$kotlin_stdlib(java.util.Collection)>
[main] INFO soot.jimple.infoflow.android.SetupApplication$InPlaceInfoflow - - $r3 = virtualinvoke $r2.<java.lang.Object: java.lang.String toString()>() in method <com.adobe.marketing.mobile.MatcherGreaterThan: java.lang.String toString()>
[main] INFO soot.jimple.infoflow.android.SetupApplication$InPlaceInfoflow - - $i1 = virtualinvoke $r0.<java.lang.Object: int hashCode()>() in method <kotlin.collections.builders.MapBuilder$EntryRef: int hashCode()>
[main] INFO soot.jimple.infoflow.android.SetupApplication$InPlaceInfoflow - - $f0 = virtualinvoke $r2.<android.view.Display: float getRefreshRate()>() in method <com.faltenreich.skeletonlayout.BaseExtensionsKt: float refreshRateInSeconds(android.content.Context)>
[main] INFO soot.jimple.infoflow.android.SetupApplication$InPlaceInfoflow - - $i0 = virtualinvoke $r1.<java.lang.Object: int hashCode()>() in method <coil.request.Parameters$Entry: int hashCode()>
[main] INFO soot.jimple.infoflow.android.SetupApplication$InPlaceInfoflow - - $r4 = virtualinvoke $r0.<java.lang.Object: java.lang.String toString()>() in method <com.adobe.marketing.mobile.ContextData: java.lang.String toString()>
[main] INFO soot.jimple.infoflow.android.SetupApplication$InPlaceInfoflow - - $i0 = virtualinvoke $r1.<java.lang.Object: int hashCode()>() in method <kotlin.jvm.internal.AdaptedFunctionReference: int hashCode()>
[main] INFO soot.jimple.infoflow.android.SetupApplication$InPlaceInfoflow - - $r3 = virtualinvoke $r2.<java.lang.Object: java.lang.String toString()>() in method <com.adobe.marketing.mobile.MatcherLessThan: java.lang.String toString()>
[main] INFO soot.jimple.infoflow.android.SetupApplication$InPlaceInfoflow - - $i1 = virtualinvoke $r1.<java.lang.Object: int hashCode()>() in method <rx.Notification: int hashCode()>
[main] INFO soot.jimple.infoflow.android.SetupApplication$InPlaceInfoflow - - $i2 = virtualinvoke $r0.<java.lang.Object: int hashCode()>() in method <kotlin.reflect.jvm.internal.impl.serialization.deserialization.IncompatibleVersionErrorData: int hashCode()>
[main] INFO soot.jimple.infoflow.android.SetupApplication$InPlaceInfoflow - - $i1 = virtualinvoke $r0.<java.lang.Object: int hashCode()>() in method <lu.bgl.spm.data.models.portfolio.PortfolioModel$MultiMapKey4Values: int hashCode()>
[main] INFO soot.jimple.infoflow.android.SetupApplication$InPlaceInfoflow - - $i2 = virtualinvoke $r1.<java.lang.Object: int hashCode()>() in method <kotlin.collections.builders.ListBuilderKt: int subarrayContentHashCode(java.lang.Object[],int,int)>
[main] INFO soot.jimple.infoflow.android.SetupApplication$InPlaceInfoflow - - $i1 = virtualinvoke $r1.<java.lang.Object: int hashCode()>() in method <lu.bgl.spm.data.domain.directinvest.DirectInvestSimulationFragmentAdapterData: int hashCode()>
[main] INFO soot.jimple.infoflow.android.SetupApplication$InPlaceInfoflow - - $i1 = virtualinvoke $r0.<java.lang.Object: int hashCode()>() in method <kotlin.reflect.jvm.internal.impl.types.typesApproximation.ApproximationBounds: int hashCode()>
[main] INFO soot.jimple.infoflow.android.SetupApplication$InPlaceInfoflow - - $i0 = virtualinvoke $r0.<java.lang.Object: int hashCode()>() in method <kotlinx.coroutines.internal.SegmentOrClosed: int hashCode-impl(java.lang.Object)>
[main] INFO soot.jimple.infoflow.android.SetupApplication$InPlaceInfoflow - - $i2 = virtualinvoke $r1.<java.lang.Object: int hashCode()>() in method <lu.bgl.spm.data.domain.directinvest.DirectInvestSimulationFragmentAdapterData: int hashCode()>
[main] INFO soot.jimple.infoflow.android.SetupApplication$InPlaceInfoflow - - $r2 = virtualinvoke $r1.<java.lang.Object: java.lang.String toString()>() in method <rx.schedulers.Timestamped: java.lang.String toString()>
[main] INFO soot.jimple.infoflow.android.SetupApplication$InPlaceInfoflow - - $i1 = virtualinvoke $r0.<java.lang.Object: int hashCode()>() in method <lu.bgl.spm.data.models.portfolio.PortfolioModel$MultiMapKey4Values: int hashCode()>
[main] INFO soot.jimple.infoflow.android.SetupApplication$InPlaceInfoflow - - $i0 = virtualinvoke $r0.<java.lang.Object: int hashCode()>() in method <lu.bgl.spm.domainLayer.payment.models.common.ListItem: int hashCode()>
[main] INFO soot.jimple.infoflow.android.SetupApplication$InPlaceInfoflow - - $r13 = virtualinvoke $r1.<java.lang.Object: java.lang.String toString()>() in method <kotlin.reflect.jvm.internal.calls.AnnotationConstructorCallerKt$createAnnotationInstance$toString$2$1$1: java.lang.CharSequence invoke(java.util.Map$Entry)>
[main] INFO soot.jimple.infoflow.android.SetupApplication$InPlaceInfoflow - - $i0 = virtualinvoke $r0.<java.lang.Object: int hashCode()>() in method <io.reactivex.Notification: int hashCode()>
[main] INFO soot.jimple.infoflow.android.SetupApplication$InPlaceInfoflow - - $r3 = virtualinvoke $r2.<java.lang.Object: java.lang.String toString()>() in method <com.adobe.marketing.mobile.MatcherEquals: java.lang.String toString()>
[main] INFO soot.jimple.infoflow.android.SetupApplication$InPlaceInfoflow - - $i0 = virtualinvoke $r0.<java.lang.Object: int hashCode()>() in method <com.bumptech.glide.load.model.ModelCache$ModelKey: int hashCode()>
[main] INFO soot.jimple.infoflow.android.SetupApplication$InPlaceInfoflow - - $i1 = virtualinvoke $r0.<java.lang.Object: int hashCode()>() in method <kotlin.reflect.jvm.internal.impl.serialization.deserialization.IncompatibleVersionErrorData: int hashCode()>
[main] INFO soot.jimple.infoflow.android.SetupApplication$InPlaceInfoflow - - $i1 = virtualinvoke $r0.<java.lang.Object: int hashCode()>() in method <lu.bgl.spm.data.domain.directinvest.DirectInvestContractDetailFragmentAdapterData: int hashCode()>
[main] INFO soot.jimple.infoflow.android.SetupApplication$InPlaceInfoflow - - $r3 = virtualinvoke $r2.<java.lang.Object: java.lang.String toString()>() in method <com.adobe.marketing.mobile.MatcherNotEquals: java.lang.String toString()>
[main] INFO soot.jimple.infoflow.android.SetupApplication$InPlaceInfoflow - - $i0 = virtualinvoke $r0.<java.lang.Object: int hashCode()>() in method <kotlin.time.TimedValue: int hashCode()>
[main] INFO soot.jimple.infoflow.android.SetupApplication$InPlaceInfoflow - - $i1 = virtualinvoke $r0.<java.lang.Object: int hashCode()>() in method <com.squareup.moshi.LinkedHashTreeMap$Node: int hashCode()>
[main] INFO soot.jimple.infoflow.android.SetupApplication$InPlaceInfoflow - - $i0 = virtualinvoke $r0.<java.lang.Object: int hashCode()>() in method <kotlin.reflect.jvm.internal.impl.storage.LockBasedStorageManager$KeyWithComputation: int hashCode()>
[main] INFO soot.jimple.infoflow.android.SetupApplication$InPlaceInfoflow - - $i1 = virtualinvoke $r1.<java.lang.Object: int hashCode()>() in method <lu.bgl.spm.data.domain.portfolio.PortfolioMainAdapterData: int hashCode()>
[main] INFO soot.jimple.infoflow.android.SetupApplication$InPlaceInfoflow - - $r0 = virtualinvoke $r1.<java.lang.Object: java.lang.String toString()>() in method <com.fasterxml.jackson.databind.util.ClassUtil: java.lang.String nullOrToString(java.lang.Object)>
[main] INFO soot.jimple.infoflow.android.SetupApplication$InPlaceInfoflow - - $i0 = virtualinvoke $r0.<java.lang.Object: int hashCode()>() in method <lu.bgl.spm.data.domain.directinvest.DirectInvestContractDetailFragmentAdapterData: int hashCode()>
[main] INFO soot.jimple.infoflow.android.SetupApplication$InPlaceInfoflow - - $i1 = virtualinvoke $r2.<java.lang.Object: int hashCode()>() in method <kotlin.collections.builders.MapBuilder$EntriesItr: int nextHashCode$kotlin_stdlib()>
[main] INFO soot.jimple.infoflow.android.SetupApplication$InPlaceInfoflow - - $i0 = virtualinvoke $r4.<java.lang.Object: int hashCode()>() in method <kotlin.reflect.jvm.internal.calls.AnnotationConstructorCallerKt$createAnnotationInstance$hashCode$2: java.lang.Integer invoke()>
[main] INFO soot.jimple.infoflow.android.SetupApplication$InPlaceInfoflow - - $r3 = virtualinvoke $r2.<java.lang.Object: java.lang.String toString()>() in method <com.adobe.marketing.mobile.MatcherGreaterThanOrEqual: java.lang.String toString()>
[main] INFO soot.jimple.infoflow.android.SetupApplication$InPlaceInfoflow - - $i1 = virtualinvoke $r0.<java.lang.Object: int hashCode()>() in method <com.bumptech.glide.util.Util: int hashCode(java.lang.Object,int)>
[main] INFO soot.jimple.infoflow.android.SetupApplication$InPlaceInfoflow - - $i0 = virtualinvoke $r0.<java.lang.Object: int hashCode()>() in method <kotlin.collections.builders.MapBuilder$EntryRef: int hashCode()>
[main] INFO soot.jimple.infoflow.android.SetupApplication$InPlaceInfoflow - - $i1 = virtualinvoke $r0.<java.lang.Object: int hashCode()>() in method <kotlin.reflect.jvm.internal.impl.protobuf.SmallSortedMap$Entry: int hashCode()>
[main] INFO soot.jimple.infoflow.android.SetupApplication$InPlaceInfoflow - - $i0 = virtualinvoke $r0.<java.lang.Object: int hashCode()>() in method <com.bumptech.glide.load.engine.EngineKey: int hashCode()>
[main] INFO soot.jimple.infoflow.android.SetupApplication$InPlaceInfoflow - - $i0 = virtualinvoke $r0.<java.lang.Object: int hashCode()>() in method <kotlinx.serialization.internal.MapEntrySerializer$MapEntry: int hashCode()>
[main] INFO soot.jimple.infoflow.android.SetupApplication$InPlaceInfoflow - - $i0 = virtualinvoke $r0.<java.lang.Object: int hashCode()>() in method <com.fasterxml.jackson.databind.node.POJONode: int hashCode()>
[main] INFO soot.jimple.infoflow.android.SetupApplication$InPlaceInfoflow - - $r3 = virtualinvoke $r2.<java.lang.Object: java.lang.String toString()>() in method <com.adobe.marketing.mobile.MatcherLessThanOrEqual: java.lang.String toString()>
[main] INFO soot.jimple.infoflow.android.SetupApplication$InPlaceInfoflow - - $i0 = virtualinvoke $r0.<java.lang.Object: int hashCode()>() in method <com.squareup.moshi.LinkedHashTreeMap$Node: int hashCode()>
[main] INFO soot.jimple.infoflow.android.SetupApplication$InPlaceInfoflow - - $i0 = virtualinvoke $r0.<java.lang.Object: int hashCode()>() in method <rx.schedulers.TimeInterval: int hashCode()>
[main] INFO soot.jimple.infoflow.android.SetupApplication$InPlaceInfoflow - - $i2 = virtualinvoke $r1.<java.lang.Object: int hashCode()>() in method <lu.bgl.spm.dataLayer.core.models.network.NetworkServiceResponse: int hashCode()>
[main] INFO soot.jimple.infoflow.android.SetupApplication$InPlaceInfoflow - - $i0 = virtualinvoke $r0.<java.lang.Object: int hashCode()>() in method <rx.schedulers.Timestamped: int hashCode()>
[main] INFO soot.jimple.infoflow.android.SetupApplication$InPlaceInfoflow - - $r1 = virtualinvoke $r0.<java.lang.Object: java.lang.String toString()>() in method <com.fasterxml.jackson.databind.introspect.POJOPropertyBuilder$Linked: java.lang.String toString()>
[main] INFO soot.jimple.infoflow.android.SetupApplication$InPlaceInfoflow - - $i0 = virtualinvoke $r2.<java.lang.Object: int hashCode()>() in method <kotlin.collections.builders.MapBuilder$EntriesItr: int nextHashCode$kotlin_stdlib()>
[main] INFO soot.jimple.infoflow.android.SetupApplication$InPlaceInfoflow - - $r3 = virtualinvoke $r2.<java.lang.Object: java.lang.String toString()>() in method <kotlin.reflect.jvm.internal.impl.types.IntersectionTypeConstructor$makeDebugNameForIntersectionType$3: java.lang.CharSequence invoke(kotlin.reflect.jvm.internal.impl.types.KotlinType)>
[main] INFO soot.jimple.infoflow.android.SetupApplication$InPlaceInfoflow - - $i0 = virtualinvoke $r0.<java.lang.Object: int hashCode()>() in method <com.fasterxml.jackson.annotation.JacksonInject$Value: int hashCode()>
[main] INFO soot.jimple.infoflow.android.SetupApplication$InPlaceInfoflow - - $i0 = virtualinvoke $r0.<java.lang.Object: int hashCode()>() in method <kotlin.reflect.jvm.internal.impl.types.typesApproximation.ApproximationBounds: int hashCode()>
[main] INFO soot.jimple.infoflow.android.SetupApplication$InPlaceInfoflow - - $r3 = virtualinvoke $r2.<java.lang.Object: java.lang.String toString()>() in method <com.adobe.marketing.mobile.MatcherNotContains: java.lang.String toString()>
[main] INFO soot.jimple.infoflow.android.SetupApplication$InPlaceInfoflow - - $i1 = virtualinvoke $r0.<java.lang.Object: int hashCode()>() in method <kotlin.collections.IndexedValue: int hashCode()>
[main] INFO soot.jimple.infoflow.android.SetupApplication$InPlaceInfoflow - - $i0 = virtualinvoke $r0.<java.lang.Object: int hashCode()>() in method <com.bumptech.glide.signature.ObjectKey: int hashCode()>
[main] INFO soot.jimple.infoflow.android.SetupApplication$InPlaceInfoflow - - $i0 = virtualinvoke $r0.<java.lang.Object: int hashCode()>() in method <com.squareup.moshi.internal.Util: int hashCodeOrZero(java.lang.Object)>
[main] INFO soot.jimple.infoflow.android.SetupApplication$InPlaceInfoflow - - $r0 = virtualinvoke $r1.<java.lang.Object: java.lang.String toString()>() in method <com.fasterxml.jackson.databind.node.POJONode: java.lang.String asText()>
[main] INFO soot.jimple.infoflow.android.SetupApplication$InPlaceInfoflow - - $i1 = virtualinvoke $r0.<java.lang.Object: int hashCode()>() in method <lu.bgl.spm.data.models.portfolio.PortfolioModel$MultiMapKey4Values: int hashCode()>
[main] INFO soot.jimple.infoflow.android.SetupApplication$InPlaceInfoflow - - $i1 = virtualinvoke $r0.<java.lang.Object: int hashCode()>() in method <kotlinx.serialization.internal.MapEntrySerializer$MapEntry: int hashCode()>
[main] INFO soot.jimple.infoflow.android.SetupApplication$InPlaceInfoflow - - $i0 = virtualinvoke $r2.<java.lang.Object: int hashCode()>() in method <lu.bgl.spm.data.domain.portfolio.PortfolioPositionData: int hashCode()>
[main] INFO soot.jimple.infoflow.android.SetupApplication$InPlaceInfoflow - - $r3 = virtualinvoke $r2.<java.lang.Object: java.lang.String toString()>() in method <com.adobe.marketing.mobile.MatcherContains: java.lang.String toString()>
[main] INFO soot.jimple.infoflow.android.SetupApplication$InPlaceInfoflow - - $i0 = virtualinvoke $r0.<java.lang.Object: int hashCode()>() in method <kotlinx.coroutines.CompletedContinuation: int hashCode()>
[main] INFO soot.jimple.infoflow.android.SetupApplication$InPlaceInfoflow - - $i1 = virtualinvoke $r0.<java.lang.Object: int hashCode()>() in method <kotlin.Triple: int hashCode()>
[main] INFO soot.jimple.infoflow.android.SetupApplication$InPlaceInfoflow - - $i0 = virtualinvoke $r0.<java.lang.Object: int hashCode()>() in method <kotlin.Result: int hashCode-impl(java.lang.Object)>
[main] INFO soot.jimple.infoflow.android.SetupApplication$InPlaceInfoflow - - $i2 = virtualinvoke $r1.<java.lang.Object: int hashCode()>() in method <lu.bgl.spm.domainLayer.core.models.Teaser: int hashCode()>
[main] INFO soot.jimple.infoflow.android.SetupApplication$InPlaceInfoflow - - $r2 = virtualinvoke $r5.<java.lang.Object: java.lang.String toString()>() in method <kotlinx.coroutines.channels.BufferedChannel: java.lang.String toString()>
[main] INFO soot.jimple.infoflow.android.SetupApplication$InPlaceInfoflow - - $i0 = virtualinvoke $r0.<java.lang.Object: int hashCode()>() in method <kotlin.jvm.internal.TypeParameterReference: int hashCode()>
[main] INFO soot.jimple.infoflow.android.SetupApplication$InPlaceInfoflow - The sink virtualinvoke $r0.<android.app.Activity: void startActivityForResult(android.content.Intent,int)>($r5, 3) in method <com.medallia.digital.mobilesdk.c5: void a(android.app.Activity)> was called with values from the following sources:
[main] INFO soot.jimple.infoflow.android.SetupApplication$InPlaceInfoflow - - $r8 = virtualinvoke $r7.<android.content.MutableContextWrapper: android.content.Context getBaseContext()>() in method <com.medallia.digital.mobilesdk.BaseFormCommunicator$l$b$a: void a(com.medallia.digital.mobilesdk.z4)>
[main] INFO soot.jimple.infoflow.android.SetupApplication$InPlaceInfoflow - - $r4 = virtualinvoke $r3.<android.content.MutableContextWrapper: android.content.Context getBaseContext()>() in method <com.medallia.digital.mobilesdk.c5: com.medallia.digital.mobilesdk.e5 a(com.medallia.digital.mobilesdk.g5,com.medallia.digital.mobilesdk.j2,boolean)>
[main] INFO soot.jimple.infoflow.android.SetupApplication$InPlaceInfoflow - The sink staticinvoke <android.util.Log: int d(java.lang.String,java.lang.String)>("LruBitmapPool", $r4) in method <com.bumptech.glide.load.engine.bitmap_recycle.LruBitmapPool: void trimToSize(long)> was called with values from the following sources:
[main] INFO soot.jimple.infoflow.android.SetupApplication$InPlaceInfoflow - - $r1 = virtualinvoke $r0.<android.graphics.Bitmap: android.graphics.Bitmap$Config getConfig()>() in method <com.bumptech.glide.load.engine.bitmap_recycle.AttributeStrategy: java.lang.String getBitmapString(android.graphics.Bitmap)>
[main] INFO soot.jimple.infoflow.android.SetupApplication$InPlaceInfoflow - - $r1 = virtualinvoke $r0.<android.graphics.Bitmap: android.graphics.Bitmap$Config getConfig()>() in method <com.bumptech.glide.load.engine.bitmap_recycle.SizeConfigStrategy: java.lang.String logBitmap(android.graphics.Bitmap)>
[main] INFO soot.jimple.infoflow.android.SetupApplication$InPlaceInfoflow - The sink $i2 = staticinvoke <android.util.Log: int v(java.lang.String,java.lang.String)>($r0, $r1) in method <com.onetrust.otpublishers.headless.Internal.Log.OTLogger: int a(java.lang.String,int,java.lang.String)> was called with values from the following sources:
[main] INFO soot.jimple.infoflow.android.SetupApplication$InPlaceInfoflow - - $r2 = virtualinvoke $r12.<java.lang.Object: java.lang.String toString()>() in method <com.onetrust.otpublishers.headless.Internal.Helper.c0: void a(android.content.Context,java.lang.String)>
[main] INFO soot.jimple.infoflow.android.SetupApplication$InPlaceInfoflow - - $r11 = virtualinvoke $r1.<java.lang.Object: java.lang.String toString()>() in method <com.onetrust.otpublishers.headless.UI.fragment.i: void a()>
[main] INFO soot.jimple.infoflow.android.SetupApplication$InPlaceInfoflow - - $r3 = virtualinvoke $r2.<java.lang.Object: java.lang.String toString()>() in method <com.adobe.marketing.mobile.MatcherNotEquals: java.lang.String toString()>
[main] INFO soot.jimple.infoflow.android.SetupApplication$InPlaceInfoflow - - $r3 = virtualinvoke $r5.<java.lang.Object: java.lang.String toString()>() in method <com.fasterxml.jackson.databind.deser.std.StringDeserializer: java.lang.String deserialize(com.fasterxml.jackson.core.JsonParser,com.fasterxml.jackson.databind.DeserializationContext)>
[main] INFO soot.jimple.infoflow.android.SetupApplication$InPlaceInfoflow - - $r0 = virtualinvoke $r1.<java.lang.Object: java.lang.String toString()>() in method <com.fasterxml.jackson.databind.util.ClassUtil: java.lang.String nullOrToString(java.lang.Object)>
[main] INFO soot.jimple.infoflow.android.SetupApplication$InPlaceInfoflow - - $r3 = virtualinvoke $r2.<java.lang.Object: java.lang.String toString()>() in method <com.adobe.marketing.mobile.MatcherGreaterThanOrEqual: java.lang.String toString()>
[main] INFO soot.jimple.infoflow.android.SetupApplication$InPlaceInfoflow - - $r2 = virtualinvoke $r6.<java.lang.Object: java.lang.String toString()>() in method <com.onetrust.otpublishers.headless.Internal.Helper.s: void a(org.json.JSONObject,java.lang.String,int,int,android.content.Context)>
[main] INFO soot.jimple.infoflow.android.SetupApplication$InPlaceInfoflow - - $r5 = virtualinvoke $r10.<java.lang.Object: java.lang.String toString()>() in method <com.onetrust.otpublishers.headless.UI.fragment.f: void b(androidx.appcompat.widget.SwitchCompat,boolean)>
[main] INFO soot.jimple.infoflow.android.SetupApplication$InPlaceInfoflow - - $r0 = virtualinvoke $r4.<java.lang.Object: java.lang.String toString()>() in method <com.onetrust.otpublishers.headless.UI.fragment.f: void a(java.lang.String,boolean)>
[main] INFO soot.jimple.infoflow.android.SetupApplication$InPlaceInfoflow - - $r3 = virtualinvoke $r2.<java.lang.Object: java.lang.String toString()>() in method <com.adobe.marketing.mobile.MatcherStartsWith: java.lang.String toString()>
[main] INFO soot.jimple.infoflow.android.SetupApplication$InPlaceInfoflow - - $r3 = virtualinvoke $r2.<java.lang.Object: java.lang.String toString()>() in method <com.adobe.marketing.mobile.MatcherEndsWith: java.lang.String toString()>
[main] INFO soot.jimple.infoflow.android.SetupApplication$InPlaceInfoflow - - $r0 = virtualinvoke $r5.<java.lang.Object: java.lang.String toString()>() in method <com.onetrust.otpublishers.headless.Internal.Helper.v: void a(java.lang.String,boolean)>
[main] INFO soot.jimple.infoflow.android.SetupApplication$InPlaceInfoflow - - $r0 = virtualinvoke $r4.<java.lang.Object: java.lang.String toString()>() in method <com.onetrust.otpublishers.headless.Internal.Helper.i0: org.json.JSONArray b(java.lang.String)>
[main] INFO soot.jimple.infoflow.android.SetupApplication$InPlaceInfoflow - - $r3 = virtualinvoke $r2.<java.lang.Object: java.lang.String toString()>() in method <com.adobe.marketing.mobile.MatcherLessThanOrEqual: java.lang.String toString()>
[main] INFO soot.jimple.infoflow.android.SetupApplication$InPlaceInfoflow - - $r4 = virtualinvoke $r11.<java.lang.Object: java.lang.String toString()>() in method <com.onetrust.otpublishers.headless.cmp.ui.adapters.b: void a(org.json.JSONObject,com.onetrust.otpublishers.headless.cmp.ui.adapters.b,com.onetrust.otpublishers.headless.cmp.ui.adapters.b$a,java.lang.String,android.view.View)>
[main] INFO soot.jimple.infoflow.android.SetupApplication$InPlaceInfoflow - - $r1 = virtualinvoke $r0.<java.lang.Object: java.lang.String toString()>() in method <com.fasterxml.jackson.databind.introspect.POJOPropertyBuilder$Linked: java.lang.String toString()>
[main] INFO soot.jimple.infoflow.android.SetupApplication$InPlaceInfoflow - - $r3 = virtualinvoke $r2.<java.lang.Object: java.lang.String toString()>() in method <com.adobe.marketing.mobile.MatcherGreaterThan: java.lang.String toString()>
[main] INFO soot.jimple.infoflow.android.SetupApplication$InPlaceInfoflow - - $r3 = virtualinvoke $r2.<java.lang.Object: java.lang.String toString()>() in method <kotlin.reflect.jvm.internal.impl.types.IntersectionTypeConstructor$makeDebugNameForIntersectionType$3: java.lang.CharSequence invoke(kotlin.reflect.jvm.internal.impl.types.KotlinType)>
[main] INFO soot.jimple.infoflow.android.SetupApplication$InPlaceInfoflow - - $r3 = virtualinvoke $r2.<java.lang.Object: java.lang.String toString()>() in method <com.adobe.marketing.mobile.MatcherNotContains: java.lang.String toString()>
[main] INFO soot.jimple.infoflow.android.SetupApplication$InPlaceInfoflow - - $r2 = virtualinvoke $r10.<java.lang.Object: java.lang.String toString()>() in method <com.onetrust.otpublishers.headless.UI.adapter.d: void a(org.json.JSONObject,com.onetrust.otpublishers.headless.UI.adapter.d$a,java.lang.String,android.view.View)>
[main] INFO soot.jimple.infoflow.android.SetupApplication$InPlaceInfoflow - - $r4 = virtualinvoke $r0.<java.lang.Object: java.lang.String toString()>() in method <com.adobe.marketing.mobile.ContextData: java.lang.String toString()>
[main] INFO soot.jimple.infoflow.android.SetupApplication$InPlaceInfoflow - - $r11 = virtualinvoke $r10.<java.lang.Object: java.lang.String toString()>() in method <com.onetrust.otpublishers.headless.UI.adapter.d: void a(org.json.JSONObject,com.onetrust.otpublishers.headless.UI.adapter.d$a,java.lang.String,android.view.View)>
[main] INFO soot.jimple.infoflow.android.SetupApplication$InPlaceInfoflow - - $r0 = virtualinvoke $r1.<java.lang.Object: java.lang.String toString()>() in method <com.fasterxml.jackson.databind.node.POJONode: java.lang.String asText()>
[main] INFO soot.jimple.infoflow.android.SetupApplication$InPlaceInfoflow - - $r3 = virtualinvoke $r2.<java.lang.Object: java.lang.String toString()>() in method <com.adobe.marketing.mobile.MatcherLessThan: java.lang.String toString()>
[main] INFO soot.jimple.infoflow.android.SetupApplication$InPlaceInfoflow - - $r8 = virtualinvoke $r6.<java.lang.Object: java.lang.String toString()>() in method <com.onetrust.otpublishers.headless.Internal.Helper.n: void a(android.content.SharedPreferences,org.json.JSONObject,com.onetrust.otpublishers.headless.Internal.Models.d)>
[main] INFO soot.jimple.infoflow.android.SetupApplication$InPlaceInfoflow - - $r3 = virtualinvoke $r2.<java.lang.Object: java.lang.String toString()>() in method <com.adobe.marketing.mobile.MatcherContains: java.lang.String toString()>
[main] INFO soot.jimple.infoflow.android.SetupApplication$InPlaceInfoflow - - $r0 = virtualinvoke $r9.<java.lang.Object: java.lang.String toString()>() in method <com.onetrust.otpublishers.headless.cmp.ui.adapters.a: void a(java.lang.String,java.lang.String,boolean,boolean)>
[main] INFO soot.jimple.infoflow.android.SetupApplication$InPlaceInfoflow - - $r12 = virtualinvoke $r11.<java.lang.Object: java.lang.String toString()>() in method <com.onetrust.otpublishers.headless.cmp.ui.adapters.b: void a(org.json.JSONObject,com.onetrust.otpublishers.headless.cmp.ui.adapters.b,com.onetrust.otpublishers.headless.cmp.ui.adapters.b$a,java.lang.String,android.view.View)>
[main] INFO soot.jimple.infoflow.android.SetupApplication$InPlaceInfoflow - - $r5 = virtualinvoke $r8.<java.lang.Object: java.lang.String toString()>() in method <com.onetrust.otpublishers.headless.Public.OTPublishersHeadlessSDK: void updatePurposeConsent(java.lang.String,boolean,boolean)>
[main] INFO soot.jimple.infoflow.android.SetupApplication$InPlaceInfoflow - - $r0 = virtualinvoke $r4.<java.lang.Object: java.lang.String toString()>() in method <com.onetrust.otpublishers.headless.cmp.ui.fragments.a: void a(java.lang.String,boolean)>
[main] INFO soot.jimple.infoflow.android.SetupApplication$InPlaceInfoflow - - $r0 = virtualinvoke $r10.<java.lang.Object: java.lang.String toString()>() in method <com.onetrust.otpublishers.headless.UI.adapter.c: void a(java.lang.String,java.lang.String,boolean,boolean)>
[main] INFO soot.jimple.infoflow.android.SetupApplication$InPlaceInfoflow - - $r2 = virtualinvoke $r1.<java.lang.Object: java.lang.String toString()>() in method <rx.schedulers.Timestamped: java.lang.String toString()>
[main] INFO soot.jimple.infoflow.android.SetupApplication$InPlaceInfoflow - - $r6 = virtualinvoke $r7.<java.lang.Object: java.lang.String toString()>() in method <com.onetrust.otpublishers.headless.Internal.Helper.n: void a(android.content.SharedPreferences,org.json.JSONObject,android.content.Context,com.onetrust.otpublishers.headless.Internal.Preferences.g,boolean,boolean)>
[main] INFO soot.jimple.infoflow.android.SetupApplication$InPlaceInfoflow - - $r4 = virtualinvoke $r6.<java.lang.Object: java.lang.String toString()>() in method <com.onetrust.otpublishers.headless.Public.OTPublishersHeadlessSDK: void updateAllSDKConsentStatus(org.json.JSONArray,boolean)>
[main] INFO soot.jimple.infoflow.android.SetupApplication$InPlaceInfoflow - - $r11 = virtualinvoke $r10.<android.content.Context: android.content.pm.ApplicationInfo getApplicationInfo()>() in method <com.onetrust.otpublishers.headless.Internal.Models.c: void a(java.lang.String,java.lang.String,java.lang.String,org.json.JSONObject)>
[main] INFO soot.jimple.infoflow.android.SetupApplication$InPlaceInfoflow - - $r13 = virtualinvoke $r1.<java.lang.Object: java.lang.String toString()>() in method <kotlin.reflect.jvm.internal.calls.AnnotationConstructorCallerKt$createAnnotationInstance$toString$2$1$1: java.lang.CharSequence invoke(java.util.Map$Entry)>
[main] INFO soot.jimple.infoflow.android.SetupApplication$InPlaceInfoflow - - $r2 = virtualinvoke $r5.<java.lang.Object: java.lang.String toString()>() in method <kotlinx.coroutines.channels.BufferedChannel: java.lang.String toString()>
[main] INFO soot.jimple.infoflow.android.SetupApplication$InPlaceInfoflow - - $r2 = virtualinvoke $r1.<android.content.res.Resources: android.content.res.Configuration getConfiguration()>() in method <com.onetrust.otpublishers.headless.UI.TVUI.fragments.a: void a()>
[main] INFO soot.jimple.infoflow.android.SetupApplication$InPlaceInfoflow - - $r3 = virtualinvoke $r2.<java.lang.Object: java.lang.String toString()>() in method <com.adobe.marketing.mobile.MatcherEquals: java.lang.String toString()>
[main] INFO soot.jimple.infoflow.android.SetupApplication$InPlaceInfoflow - The sink staticinvoke <android.util.Log: int i(java.lang.String,java.lang.String)>("CameraConfiguration", $r0) in method <com.journeyapps.barcodescanner.camera.CameraConfigurationUtils: java.lang.String findSettableValue(java.lang.String,java.util.Collection,java.lang.String[])> was called with values from the following sources:
[main] INFO soot.jimple.infoflow.android.SetupApplication$InPlaceInfoflow - - $r3 = virtualinvoke $r0.<android.hardware.Camera$Parameters: java.util.List getSupportedColorEffects()>() in method <com.journeyapps.barcodescanner.camera.CameraConfigurationUtils: void setInvertColor(android.hardware.Camera$Parameters)>
[main] INFO soot.jimple.infoflow.android.SetupApplication$InPlaceInfoflow - - $r3 = virtualinvoke $r0.<android.hardware.Camera$Parameters: java.util.List getSupportedSceneModes()>() in method <com.journeyapps.barcodescanner.camera.CameraConfigurationUtils: void setBarcodeSceneMode(android.hardware.Camera$Parameters)>
[main] INFO soot.jimple.infoflow.android.SetupApplication$InPlaceInfoflow - - $r1 = virtualinvoke $r0.<android.hardware.Camera$Parameters: java.util.List getSupportedFlashModes()>() in method <com.journeyapps.barcodescanner.camera.CameraConfigurationUtils: void setTorch(android.hardware.Camera$Parameters,boolean)>
[main] INFO soot.jimple.infoflow.android.SetupApplication$InPlaceInfoflow - - $r2 = virtualinvoke $r0.<android.hardware.Camera$Parameters: java.util.List getSupportedFocusModes()>() in method <com.journeyapps.barcodescanner.camera.CameraConfigurationUtils: void setFocus(android.hardware.Camera$Parameters,com.journeyapps.barcodescanner.camera.CameraSettings$FocusMode,boolean)>
[main] INFO soot.jimple.infoflow.android.SetupApplication$InPlaceInfoflow - The sink staticinvoke <android.util.Log: int e(java.lang.String,java.lang.String)>("AdobeExperienceSDK", $r0) in method <com.adobe.marketing.mobile.AndroidLoggingService: void error(java.lang.String,java.lang.String)> was called with values from the following sources:
[main] INFO soot.jimple.infoflow.android.SetupApplication$InPlaceInfoflow - - $i0 = virtualinvoke $r2.<java.lang.Object: int hashCode()>() in method <kotlin.collections.AbstractSet$Companion: int unorderedHashCode$kotlin_stdlib(java.util.Collection)>
[main] INFO soot.jimple.infoflow.android.SetupApplication$InPlaceInfoflow - - $i2 = virtualinvoke $r1.<java.lang.Object: int hashCode()>() in method <lu.bgl.spm.dataLayer.remote.core.models.Teaser: int hashCode()>
[main] INFO soot.jimple.infoflow.android.SetupApplication$InPlaceInfoflow - - $i2 = virtualinvoke $r0.<java.lang.Object: int hashCode()>() in method <kotlin.Triple: int hashCode()>
[main] INFO soot.jimple.infoflow.android.SetupApplication$InPlaceInfoflow - - $r3 = virtualinvoke $r5.<java.lang.Object: java.lang.String toString()>() in method <com.fasterxml.jackson.databind.deser.std.StringDeserializer: java.lang.String deserialize(com.fasterxml.jackson.core.JsonParser,com.fasterxml.jackson.databind.DeserializationContext)>
[main] INFO soot.jimple.infoflow.android.SetupApplication$InPlaceInfoflow - - $i1 = virtualinvoke $r1.<java.lang.Object: int hashCode()>() in method <coil.request.ImageRequest: int hashCode()>
[main] INFO soot.jimple.infoflow.android.SetupApplication$InPlaceInfoflow - - $i1 = virtualinvoke $r0.<java.lang.Object: int hashCode()>() in method <com.fasterxml.jackson.core.JsonLocation: int hashCode()>
[main] INFO soot.jimple.infoflow.android.SetupApplication$InPlaceInfoflow - - $i0 = virtualinvoke $r0.<java.lang.Object: int hashCode()>() in method <com.fasterxml.jackson.databind.util.RawValue: int hashCode()>
[main] INFO soot.jimple.infoflow.android.SetupApplication$InPlaceInfoflow - - $i0 = virtualinvoke $r0.<java.lang.Object: int hashCode()>() in method <kotlinx.coroutines.internal.InlineList: int hashCode-impl(java.lang.Object)>
[main] INFO soot.jimple.infoflow.android.SetupApplication$InPlaceInfoflow - - $i1 = virtualinvoke $r0.<java.lang.Object: int hashCode()>() in method <kotlinx.coroutines.CompletedContinuation: int hashCode()>
[main] INFO soot.jimple.infoflow.android.SetupApplication$InPlaceInfoflow - - $i0 = virtualinvoke $r1.<java.lang.Object: int hashCode()>() in method <com.medallia.digital.mobilesdk.CustomParameter: int hashCode()>
[main] INFO soot.jimple.infoflow.android.SetupApplication$InPlaceInfoflow - - $i0 = virtualinvoke $r0.<java.lang.Object: int hashCode()>() in method <kotlin.Pair: int hashCode()>
[main] INFO soot.jimple.infoflow.android.SetupApplication$InPlaceInfoflow - - $i0 = virtualinvoke $r0.<java.lang.Object: int hashCode()>() in method <kotlin.Triple: int hashCode()>
[main] INFO soot.jimple.infoflow.android.SetupApplication$InPlaceInfoflow - - $i0 = virtualinvoke $r0.<java.lang.Object: int hashCode()>() in method <kotlinx.coroutines.channels.ChannelResult: int hashCode-impl(java.lang.Object)>
[main] INFO soot.jimple.infoflow.android.SetupApplication$InPlaceInfoflow - - $i1 = virtualinvoke $r0.<java.lang.Object: int hashCode()>() in method <kotlin.reflect.jvm.internal.impl.serialization.deserialization.IncompatibleVersionErrorData: int hashCode()>
[main] INFO soot.jimple.infoflow.android.SetupApplication$InPlaceInfoflow - - $r3 = virtualinvoke $r2.<java.lang.Object: java.lang.String toString()>() in method <com.adobe.marketing.mobile.MatcherStartsWith: java.lang.String toString()>
[main] INFO soot.jimple.infoflow.android.SetupApplication$InPlaceInfoflow - - $i0 = virtualinvoke $r0.<java.lang.Object: int hashCode()>() in method <kotlin.reflect.jvm.internal.impl.resolve.constants.ConstantValue: int hashCode()>
[main] INFO soot.jimple.infoflow.android.SetupApplication$InPlaceInfoflow - - $i0 = virtualinvoke $r0.<java.lang.Object: int hashCode()>() in method <kotlin.reflect.jvm.internal.impl.serialization.deserialization.IncompatibleVersionErrorData: int hashCode()>
[main] INFO soot.jimple.infoflow.android.SetupApplication$InPlaceInfoflow - - $r3 = virtualinvoke $r2.<java.lang.Object: java.lang.String toString()>() in method <com.adobe.marketing.mobile.MatcherEndsWith: java.lang.String toString()>
[main] INFO soot.jimple.infoflow.android.SetupApplication$InPlaceInfoflow - - $i1 = virtualinvoke $r0.<java.lang.Object: int hashCode()>() in method <io.reactivex.schedulers.Timed: int hashCode()>
[main] INFO soot.jimple.infoflow.android.SetupApplication$InPlaceInfoflow - - $r0 = virtualinvoke this.<com.bumptech.glide.manager.RequestManagerFragment: android.app.Fragment getParentFragment()>() in method <com.bumptech.glide.manager.RequestManagerFragment: android.app.Fragment getParentFragmentUsingHint()>
[main] INFO soot.jimple.infoflow.android.SetupApplication$InPlaceInfoflow - - $i0 = virtualinvoke $r0.<java.lang.Object: int hashCode()>() in method <lu.bgl.spm.data.models.portfolio.PortfolioModel$MultiMapKey4Values: int hashCode()>
[main] INFO soot.jimple.infoflow.android.SetupApplication$InPlaceInfoflow - - $i2 = virtualinvoke $r1.<java.lang.Object: int hashCode()>() in method <lu.bgl.spm.data.models.introduction.Teaser: int hashCode()>
[main] INFO soot.jimple.infoflow.android.SetupApplication$InPlaceInfoflow - - $i1 = virtualinvoke $r0.<java.lang.Object: int hashCode()>() in method <kotlin.Pair: int hashCode()>
[main] INFO soot.jimple.infoflow.android.SetupApplication$InPlaceInfoflow - - $i1 = virtualinvoke $r2.<java.lang.Object: int hashCode()>() in method <kotlin.collections.AbstractList$Companion: int orderedHashCode$kotlin_stdlib(java.util.Collection)>
[main] INFO soot.jimple.infoflow.android.SetupApplication$InPlaceInfoflow - - $r3 = virtualinvoke $r2.<java.lang.Object: java.lang.String toString()>() in method <com.adobe.marketing.mobile.MatcherGreaterThan: java.lang.String toString()>
[main] INFO soot.jimple.infoflow.android.SetupApplication$InPlaceInfoflow - - $i1 = virtualinvoke $r0.<java.lang.Object: int hashCode()>() in method <kotlin.collections.builders.MapBuilder$EntryRef: int hashCode()>
[main] INFO soot.jimple.infoflow.android.SetupApplication$InPlaceInfoflow - - $f0 = virtualinvoke $r2.<android.view.Display: float getRefreshRate()>() in method <com.faltenreich.skeletonlayout.BaseExtensionsKt: float refreshRateInSeconds(android.content.Context)>
[main] INFO soot.jimple.infoflow.android.SetupApplication$InPlaceInfoflow - - $i0 = virtualinvoke $r1.<java.lang.Object: int hashCode()>() in method <coil.request.Parameters$Entry: int hashCode()>
[main] INFO soot.jimple.infoflow.android.SetupApplication$InPlaceInfoflow - - $r4 = virtualinvoke $r0.<java.lang.Object: java.lang.String toString()>() in method <com.adobe.marketing.mobile.ContextData: java.lang.String toString()>
[main] INFO soot.jimple.infoflow.android.SetupApplication$InPlaceInfoflow - - $i0 = virtualinvoke $r1.<java.lang.Object: int hashCode()>() in method <kotlin.jvm.internal.AdaptedFunctionReference: int hashCode()>
[main] INFO soot.jimple.infoflow.android.SetupApplication$InPlaceInfoflow - - $r3 = virtualinvoke $r2.<java.lang.Object: java.lang.String toString()>() in method <com.adobe.marketing.mobile.MatcherLessThan: java.lang.String toString()>
[main] INFO soot.jimple.infoflow.android.SetupApplication$InPlaceInfoflow - - $i1 = virtualinvoke $r1.<java.lang.Object: int hashCode()>() in method <rx.Notification: int hashCode()>
[main] INFO soot.jimple.infoflow.android.SetupApplication$InPlaceInfoflow - - $i2 = virtualinvoke $r0.<java.lang.Object: int hashCode()>() in method <kotlin.reflect.jvm.internal.impl.serialization.deserialization.IncompatibleVersionErrorData: int hashCode()>
[main] INFO soot.jimple.infoflow.android.SetupApplication$InPlaceInfoflow - - $i1 = virtualinvoke $r0.<java.lang.Object: int hashCode()>() in method <lu.bgl.spm.data.models.portfolio.PortfolioModel$MultiMapKey4Values: int hashCode()>
[main] INFO soot.jimple.infoflow.android.SetupApplication$InPlaceInfoflow - - $i2 = virtualinvoke $r1.<java.lang.Object: int hashCode()>() in method <kotlin.collections.builders.ListBuilderKt: int subarrayContentHashCode(java.lang.Object[],int,int)>
[main] INFO soot.jimple.infoflow.android.SetupApplication$InPlaceInfoflow - - $i1 = virtualinvoke $r1.<java.lang.Object: int hashCode()>() in method <lu.bgl.spm.data.domain.directinvest.DirectInvestSimulationFragmentAdapterData: int hashCode()>
[main] INFO soot.jimple.infoflow.android.SetupApplication$InPlaceInfoflow - - $i1 = virtualinvoke $r0.<java.lang.Object: int hashCode()>() in method <kotlin.reflect.jvm.internal.impl.types.typesApproximation.ApproximationBounds: int hashCode()>
[main] INFO soot.jimple.infoflow.android.SetupApplication$InPlaceInfoflow - - $i0 = virtualinvoke $r0.<java.lang.Object: int hashCode()>() in method <kotlinx.coroutines.internal.SegmentOrClosed: int hashCode-impl(java.lang.Object)>
[main] INFO soot.jimple.infoflow.android.SetupApplication$InPlaceInfoflow - - $i2 = virtualinvoke $r1.<java.lang.Object: int hashCode()>() in method <lu.bgl.spm.data.domain.directinvest.DirectInvestSimulationFragmentAdapterData: int hashCode()>
[main] INFO soot.jimple.infoflow.android.SetupApplication$InPlaceInfoflow - - $r2 = virtualinvoke $r1.<java.lang.Object: java.lang.String toString()>() in method <rx.schedulers.Timestamped: java.lang.String toString()>
[main] INFO soot.jimple.infoflow.android.SetupApplication$InPlaceInfoflow - - $i1 = virtualinvoke $r0.<java.lang.Object: int hashCode()>() in method <lu.bgl.spm.data.models.portfolio.PortfolioModel$MultiMapKey4Values: int hashCode()>
[main] INFO soot.jimple.infoflow.android.SetupApplication$InPlaceInfoflow - - $i0 = virtualinvoke $r0.<java.lang.Object: int hashCode()>() in method <lu.bgl.spm.domainLayer.payment.models.common.ListItem: int hashCode()>
[main] INFO soot.jimple.infoflow.android.SetupApplication$InPlaceInfoflow - - $i0 = virtualinvoke $r0.<java.lang.Object: int hashCode()>() in method <io.reactivex.Notification: int hashCode()>
[main] INFO soot.jimple.infoflow.android.SetupApplication$InPlaceInfoflow - - $r13 = virtualinvoke $r1.<java.lang.Object: java.lang.String toString()>() in method <kotlin.reflect.jvm.internal.calls.AnnotationConstructorCallerKt$createAnnotationInstance$toString$2$1$1: java.lang.CharSequence invoke(java.util.Map$Entry)>
[main] INFO soot.jimple.infoflow.android.SetupApplication$InPlaceInfoflow - - $r5 = virtualinvoke $r1.<android.app.Activity: java.lang.String getLocalClassName()>() in method <com.adobe.marketing.mobile.services.ui.FloatingButtonManager$3: void run()>
[main] INFO soot.jimple.infoflow.android.SetupApplication$InPlaceInfoflow - - $r3 = virtualinvoke $r2.<java.lang.Object: java.lang.String toString()>() in method <com.adobe.marketing.mobile.MatcherEquals: java.lang.String toString()>
[main] INFO soot.jimple.infoflow.android.SetupApplication$InPlaceInfoflow - - $i0 = virtualinvoke $r0.<java.lang.Object: int hashCode()>() in method <com.bumptech.glide.load.model.ModelCache$ModelKey: int hashCode()>
[main] INFO soot.jimple.infoflow.android.SetupApplication$InPlaceInfoflow - - $i1 = virtualinvoke $r0.<java.lang.Object: int hashCode()>() in method <kotlin.reflect.jvm.internal.impl.serialization.deserialization.IncompatibleVersionErrorData: int hashCode()>
[main] INFO soot.jimple.infoflow.android.SetupApplication$InPlaceInfoflow - - $i1 = virtualinvoke $r0.<java.lang.Object: int hashCode()>() in method <lu.bgl.spm.data.domain.directinvest.DirectInvestContractDetailFragmentAdapterData: int hashCode()>
[main] INFO soot.jimple.infoflow.android.SetupApplication$InPlaceInfoflow - - $r3 = virtualinvoke $r2.<java.lang.Object: java.lang.String toString()>() in method <com.adobe.marketing.mobile.MatcherNotEquals: java.lang.String toString()>
[main] INFO soot.jimple.infoflow.android.SetupApplication$InPlaceInfoflow - - $i0 = virtualinvoke $r0.<java.lang.Object: int hashCode()>() in method <kotlin.time.TimedValue: int hashCode()>
[main] INFO soot.jimple.infoflow.android.SetupApplication$InPlaceInfoflow - - $i1 = virtualinvoke $r0.<java.lang.Object: int hashCode()>() in method <com.squareup.moshi.LinkedHashTreeMap$Node: int hashCode()>
[main] INFO soot.jimple.infoflow.android.SetupApplication$InPlaceInfoflow - - $i0 = virtualinvoke $r0.<java.lang.Object: int hashCode()>() in method <kotlin.reflect.jvm.internal.impl.storage.LockBasedStorageManager$KeyWithComputation: int hashCode()>
[main] INFO soot.jimple.infoflow.android.SetupApplication$InPlaceInfoflow - - $i1 = virtualinvoke $r1.<java.lang.Object: int hashCode()>() in method <lu.bgl.spm.data.domain.portfolio.PortfolioMainAdapterData: int hashCode()>
[main] INFO soot.jimple.infoflow.android.SetupApplication$InPlaceInfoflow - - $i0 = virtualinvoke $r0.<java.lang.Object: int hashCode()>() in method <lu.bgl.spm.data.domain.directinvest.DirectInvestContractDetailFragmentAdapterData: int hashCode()>
[main] INFO soot.jimple.infoflow.android.SetupApplication$InPlaceInfoflow - - $i1 = virtualinvoke $r2.<java.lang.Object: int hashCode()>() in method <kotlin.collections.builders.MapBuilder$EntriesItr: int nextHashCode$kotlin_stdlib()>
[main] INFO soot.jimple.infoflow.android.SetupApplication$InPlaceInfoflow - - $r0 = virtualinvoke $r1.<java.lang.Object: java.lang.String toString()>() in method <com.fasterxml.jackson.databind.util.ClassUtil: java.lang.String nullOrToString(java.lang.Object)>
[main] INFO soot.jimple.infoflow.android.SetupApplication$InPlaceInfoflow - - $i0 = virtualinvoke $r4.<java.lang.Object: int hashCode()>() in method <kotlin.reflect.jvm.internal.calls.AnnotationConstructorCallerKt$createAnnotationInstance$hashCode$2: java.lang.Integer invoke()>
[main] INFO soot.jimple.infoflow.android.SetupApplication$InPlaceInfoflow - - $r3 = virtualinvoke $r2.<java.lang.Object: java.lang.String toString()>() in method <com.adobe.marketing.mobile.MatcherGreaterThanOrEqual: java.lang.String toString()>
[main] INFO soot.jimple.infoflow.android.SetupApplication$InPlaceInfoflow - - $i1 = virtualinvoke $r0.<java.lang.Object: int hashCode()>() in method <com.bumptech.glide.util.Util: int hashCode(java.lang.Object,int)>
[main] INFO soot.jimple.infoflow.android.SetupApplication$InPlaceInfoflow - - $i0 = virtualinvoke $r0.<java.lang.Object: int hashCode()>() in method <kotlin.collections.builders.MapBuilder$EntryRef: int hashCode()>
[main] INFO soot.jimple.infoflow.android.SetupApplication$InPlaceInfoflow - - $i1 = virtualinvoke $r0.<java.lang.Object: int hashCode()>() in method <kotlin.reflect.jvm.internal.impl.protobuf.SmallSortedMap$Entry: int hashCode()>
[main] INFO soot.jimple.infoflow.android.SetupApplication$InPlaceInfoflow - - $i0 = virtualinvoke $r0.<java.lang.Object: int hashCode()>() in method <com.bumptech.glide.load.engine.EngineKey: int hashCode()>
[main] INFO soot.jimple.infoflow.android.SetupApplication$InPlaceInfoflow - - $i0 = virtualinvoke $r0.<java.lang.Object: int hashCode()>() in method <kotlinx.serialization.internal.MapEntrySerializer$MapEntry: int hashCode()>
[main] INFO soot.jimple.infoflow.android.SetupApplication$InPlaceInfoflow - - $i0 = virtualinvoke $r0.<java.lang.Object: int hashCode()>() in method <com.fasterxml.jackson.databind.node.POJONode: int hashCode()>
[main] INFO soot.jimple.infoflow.android.SetupApplication$InPlaceInfoflow - - $r3 = virtualinvoke $r2.<java.lang.Object: java.lang.String toString()>() in method <com.adobe.marketing.mobile.MatcherLessThanOrEqual: java.lang.String toString()>
[main] INFO soot.jimple.infoflow.android.SetupApplication$InPlaceInfoflow - - $i0 = virtualinvoke $r0.<java.lang.Object: int hashCode()>() in method <com.squareup.moshi.LinkedHashTreeMap$Node: int hashCode()>
[main] INFO soot.jimple.infoflow.android.SetupApplication$InPlaceInfoflow - - $i0 = virtualinvoke $r0.<java.lang.Object: int hashCode()>() in method <rx.schedulers.TimeInterval: int hashCode()>
[main] INFO soot.jimple.infoflow.android.SetupApplication$InPlaceInfoflow - - $i2 = virtualinvoke $r1.<java.lang.Object: int hashCode()>() in method <lu.bgl.spm.dataLayer.core.models.network.NetworkServiceResponse: int hashCode()>
[main] INFO soot.jimple.infoflow.android.SetupApplication$InPlaceInfoflow - - $i0 = virtualinvoke $r0.<java.lang.Object: int hashCode()>() in method <rx.schedulers.Timestamped: int hashCode()>
[main] INFO soot.jimple.infoflow.android.SetupApplication$InPlaceInfoflow - - $r1 = virtualinvoke $r0.<java.lang.Object: java.lang.String toString()>() in method <com.fasterxml.jackson.databind.introspect.POJOPropertyBuilder$Linked: java.lang.String toString()>
[main] INFO soot.jimple.infoflow.android.SetupApplication$InPlaceInfoflow - - $r5 = virtualinvoke $r4.<android.app.Activity: java.lang.String getLocalClassName()>() in method <com.adobe.marketing.mobile.services.ui.FloatingButtonManager$2: void run()>
[main] INFO soot.jimple.infoflow.android.SetupApplication$InPlaceInfoflow - - $i0 = virtualinvoke $r2.<java.lang.Object: int hashCode()>() in method <kotlin.collections.builders.MapBuilder$EntriesItr: int nextHashCode$kotlin_stdlib()>
[main] INFO soot.jimple.infoflow.android.SetupApplication$InPlaceInfoflow - - $i0 = virtualinvoke $r0.<java.lang.Object: int hashCode()>() in method <com.fasterxml.jackson.annotation.JacksonInject$Value: int hashCode()>
[main] INFO soot.jimple.infoflow.android.SetupApplication$InPlaceInfoflow - - $r3 = virtualinvoke $r2.<java.lang.Object: java.lang.String toString()>() in method <kotlin.reflect.jvm.internal.impl.types.IntersectionTypeConstructor$makeDebugNameForIntersectionType$3: java.lang.CharSequence invoke(kotlin.reflect.jvm.internal.impl.types.KotlinType)>
[main] INFO soot.jimple.infoflow.android.SetupApplication$InPlaceInfoflow - - $i0 = virtualinvoke $r0.<java.lang.Object: int hashCode()>() in method <kotlin.reflect.jvm.internal.impl.types.typesApproximation.ApproximationBounds: int hashCode()>
[main] INFO soot.jimple.infoflow.android.SetupApplication$InPlaceInfoflow - - $r3 = virtualinvoke $r2.<java.lang.Object: java.lang.String toString()>() in method <com.adobe.marketing.mobile.MatcherNotContains: java.lang.String toString()>
[main] INFO soot.jimple.infoflow.android.SetupApplication$InPlaceInfoflow - - $i1 = virtualinvoke $r0.<java.lang.Object: int hashCode()>() in method <kotlin.collections.IndexedValue: int hashCode()>
[main] INFO soot.jimple.infoflow.android.SetupApplication$InPlaceInfoflow - - $i0 = virtualinvoke $r0.<java.lang.Object: int hashCode()>() in method <com.bumptech.glide.signature.ObjectKey: int hashCode()>
[main] INFO soot.jimple.infoflow.android.SetupApplication$InPlaceInfoflow - - $i0 = virtualinvoke $r0.<java.lang.Object: int hashCode()>() in method <com.squareup.moshi.internal.Util: int hashCodeOrZero(java.lang.Object)>
[main] INFO soot.jimple.infoflow.android.SetupApplication$InPlaceInfoflow - - $i1 = virtualinvoke $r0.<java.lang.Object: int hashCode()>() in method <lu.bgl.spm.data.models.portfolio.PortfolioModel$MultiMapKey4Values: int hashCode()>
[main] INFO soot.jimple.infoflow.android.SetupApplication$InPlaceInfoflow - - $r0 = virtualinvoke $r1.<java.lang.Object: java.lang.String toString()>() in method <com.fasterxml.jackson.databind.node.POJONode: java.lang.String asText()>
[main] INFO soot.jimple.infoflow.android.SetupApplication$InPlaceInfoflow - - $i1 = virtualinvoke $r0.<java.lang.Object: int hashCode()>() in method <kotlinx.serialization.internal.MapEntrySerializer$MapEntry: int hashCode()>
[main] INFO soot.jimple.infoflow.android.SetupApplication$InPlaceInfoflow - - $i0 = virtualinvoke $r2.<java.lang.Object: int hashCode()>() in method <lu.bgl.spm.data.domain.portfolio.PortfolioPositionData: int hashCode()>
[main] INFO soot.jimple.infoflow.android.SetupApplication$InPlaceInfoflow - - $r3 = virtualinvoke $r2.<java.lang.Object: java.lang.String toString()>() in method <com.adobe.marketing.mobile.MatcherContains: java.lang.String toString()>
[main] INFO soot.jimple.infoflow.android.SetupApplication$InPlaceInfoflow - - $i0 = virtualinvoke $r0.<java.lang.Object: int hashCode()>() in method <kotlinx.coroutines.CompletedContinuation: int hashCode()>
[main] INFO soot.jimple.infoflow.android.SetupApplication$InPlaceInfoflow - - $i1 = virtualinvoke $r0.<java.lang.Object: int hashCode()>() in method <kotlin.Triple: int hashCode()>
[main] INFO soot.jimple.infoflow.android.SetupApplication$InPlaceInfoflow - - $i0 = virtualinvoke $r0.<java.lang.Object: int hashCode()>() in method <kotlin.Result: int hashCode-impl(java.lang.Object)>
[main] INFO soot.jimple.infoflow.android.SetupApplication$InPlaceInfoflow - - $i2 = virtualinvoke $r1.<java.lang.Object: int hashCode()>() in method <lu.bgl.spm.domainLayer.core.models.Teaser: int hashCode()>
[main] INFO soot.jimple.infoflow.android.SetupApplication$InPlaceInfoflow - - $r2 = virtualinvoke $r5.<java.lang.Object: java.lang.String toString()>() in method <kotlinx.coroutines.channels.BufferedChannel: java.lang.String toString()>
[main] INFO soot.jimple.infoflow.android.SetupApplication$InPlaceInfoflow - - $i0 = virtualinvoke $r0.<java.lang.Object: int hashCode()>() in method <kotlin.jvm.internal.TypeParameterReference: int hashCode()>
[main] INFO soot.jimple.infoflow.android.SetupApplication$InPlaceInfoflow - The sink staticinvoke <android.util.Log: int i(java.lang.String,java.lang.String)>("CameraConfiguration", $r3) in method <com.journeyapps.barcodescanner.camera.CameraConfigurationUtils: void setMetering(android.hardware.Camera$Parameters)> was called with values from the following sources:
[main] INFO soot.jimple.infoflow.android.SetupApplication$InPlaceInfoflow - - $r1 = virtualinvoke $r0.<android.hardware.Camera$Parameters: java.util.List getMeteringAreas()>() in method <com.journeyapps.barcodescanner.camera.CameraConfigurationUtils: void setMetering(android.hardware.Camera$Parameters)>
[main] INFO soot.jimple.infoflow.android.SetupApplication$InPlaceInfoflow - The sink staticinvoke <android.util.Log: int i(java.lang.String,java.lang.String)>("CameraConfiguration", $r2) in method <com.journeyapps.barcodescanner.camera.CameraConfigurationUtils: void setBestExposure(android.hardware.Camera$Parameters,boolean)> was called with values from the following sources:
[main] INFO soot.jimple.infoflow.android.SetupApplication$InPlaceInfoflow - - $f0 = virtualinvoke $r0.<android.hardware.Camera$Parameters: float getExposureCompensationStep()>() in method <com.journeyapps.barcodescanner.camera.CameraConfigurationUtils: void setBestExposure(android.hardware.Camera$Parameters,boolean)>
[main] INFO soot.jimple.infoflow.android.SetupApplication$InPlaceInfoflow - The sink staticinvoke <android.util.Log: int i(java.lang.String,java.lang.String)>("MPAndroidChart", $r12) in method <com.github.mikephil.charting.charts.PieRadarChartBase: void calculateOffsets()> was called with values from the following sources:
[main] INFO soot.jimple.infoflow.android.SetupApplication$InPlaceInfoflow - - $f0 = virtualinvoke $r1.<android.graphics.Paint: float getTextSize()>() in method <com.github.mikephil.charting.charts.PieChart: float getRequiredLegendOffset()>
[main] INFO soot.jimple.infoflow.android.SetupApplication$InPlaceInfoflow - - $f0 = virtualinvoke $r1.<android.graphics.Paint: float getTextSize()>() in method <com.github.mikephil.charting.charts.RadarChart: float getRequiredLegendOffset()>
[main] INFO soot.jimple.infoflow.android.SetupApplication$InPlaceInfoflow - The sink staticinvoke <android.util.Log: int println(int,java.lang.String,java.lang.String)>($i0, $r0, $r2) in method <coil.util.DebugLogger: void log(java.lang.String,int,java.lang.String,java.lang.Throwable)> was called with values from the following sources:
[main] INFO soot.jimple.infoflow.android.SetupApplication$InPlaceInfoflow - - $r0 = virtualinvoke $r1.<android.graphics.Bitmap: android.graphics.Bitmap$Config getConfig()>() in method <coil.util.-Bitmaps: android.graphics.Bitmap$Config getSafeConfig(android.graphics.Bitmap)>
[main] INFO soot.jimple.infoflow.android.SetupApplication$InPlaceInfoflow - The sink $i2 = staticinvoke <android.util.Log: int i(java.lang.String,java.lang.String)>($r0, $r1) in method <com.onetrust.otpublishers.headless.Internal.Log.OTLogger: int a(java.lang.String,int,java.lang.String)> was called with values from the following sources:
[main] INFO soot.jimple.infoflow.android.SetupApplication$InPlaceInfoflow - - $i2 = virtualinvoke $r0.<java.lang.Object: int hashCode()>() in method <kotlin.Triple: int hashCode()>
[main] INFO soot.jimple.infoflow.android.SetupApplication$InPlaceInfoflow - - $i1 = virtualinvoke $r0.<java.lang.Object: int hashCode()>() in method <com.fasterxml.jackson.core.JsonLocation: int hashCode()>
[main] INFO soot.jimple.infoflow.android.SetupApplication$InPlaceInfoflow - - $i0 = virtualinvoke $r0.<java.lang.Object: int hashCode()>() in method <com.fasterxml.jackson.databind.util.RawValue: int hashCode()>
[main] INFO soot.jimple.infoflow.android.SetupApplication$InPlaceInfoflow - - $i0 = virtualinvoke $r1.<java.lang.Object: int hashCode()>() in method <com.medallia.digital.mobilesdk.CustomParameter: int hashCode()>
[main] INFO soot.jimple.infoflow.android.SetupApplication$InPlaceInfoflow - - $i1 = virtualinvoke $r0.<java.lang.Object: int hashCode()>() in method <kotlin.reflect.jvm.internal.impl.serialization.deserialization.IncompatibleVersionErrorData: int hashCode()>
[main] INFO soot.jimple.infoflow.android.SetupApplication$InPlaceInfoflow - - $i0 = virtualinvoke $r0.<java.lang.Object: int hashCode()>() in method <kotlin.reflect.jvm.internal.impl.resolve.constants.ConstantValue: int hashCode()>
[main] INFO soot.jimple.infoflow.android.SetupApplication$InPlaceInfoflow - - $i0 = virtualinvoke $r0.<java.lang.Object: int hashCode()>() in method <kotlin.reflect.jvm.internal.impl.serialization.deserialization.IncompatibleVersionErrorData: int hashCode()>
[main] INFO soot.jimple.infoflow.android.SetupApplication$InPlaceInfoflow - - $r0 = virtualinvoke $r5.<java.lang.Object: java.lang.String toString()>() in method <com.onetrust.otpublishers.headless.Internal.Helper.v: void a(java.lang.String,boolean)>
[main] INFO soot.jimple.infoflow.android.SetupApplication$InPlaceInfoflow - - $i1 = virtualinvoke $r0.<java.lang.Object: int hashCode()>() in method <io.reactivex.schedulers.Timed: int hashCode()>
[main] INFO soot.jimple.infoflow.android.SetupApplication$InPlaceInfoflow - - $i0 = virtualinvoke $r0.<java.lang.Object: int hashCode()>() in method <lu.bgl.spm.data.models.portfolio.PortfolioModel$MultiMapKey4Values: int hashCode()>
[main] INFO soot.jimple.infoflow.android.SetupApplication$InPlaceInfoflow - - $r4 = virtualinvoke $r0.<java.lang.Object: java.lang.String toString()>() in method <com.adobe.marketing.mobile.ContextData: java.lang.String toString()>
[main] INFO soot.jimple.infoflow.android.SetupApplication$InPlaceInfoflow - - $r11 = virtualinvoke $r10.<java.lang.Object: java.lang.String toString()>() in method <com.onetrust.otpublishers.headless.UI.adapter.d: void a(org.json.JSONObject,com.onetrust.otpublishers.headless.UI.adapter.d$a,java.lang.String,android.view.View)>
[main] INFO soot.jimple.infoflow.android.SetupApplication$InPlaceInfoflow - - $r8 = virtualinvoke $r6.<java.lang.Object: java.lang.String toString()>() in method <com.onetrust.otpublishers.headless.Internal.Helper.n: void a(android.content.SharedPreferences,org.json.JSONObject,com.onetrust.otpublishers.headless.Internal.Models.d)>
[main] INFO soot.jimple.infoflow.android.SetupApplication$InPlaceInfoflow - - $i1 = virtualinvoke $r1.<java.lang.Object: int hashCode()>() in method <lu.bgl.spm.data.domain.directinvest.DirectInvestSimulationFragmentAdapterData: int hashCode()>
[main] INFO soot.jimple.infoflow.android.SetupApplication$InPlaceInfoflow - - $r12 = virtualinvoke $r11.<java.lang.Object: java.lang.String toString()>() in method <com.onetrust.otpublishers.headless.cmp.ui.adapters.b: void a(org.json.JSONObject,com.onetrust.otpublishers.headless.cmp.ui.adapters.b,com.onetrust.otpublishers.headless.cmp.ui.adapters.b$a,java.lang.String,android.view.View)>
[main] INFO soot.jimple.infoflow.android.SetupApplication$InPlaceInfoflow - - $i1 = virtualinvoke $r0.<java.lang.Object: int hashCode()>() in method <kotlin.reflect.jvm.internal.impl.types.typesApproximation.ApproximationBounds: int hashCode()>
[main] INFO soot.jimple.infoflow.android.SetupApplication$InPlaceInfoflow - - $i2 = virtualinvoke $r1.<java.lang.Object: int hashCode()>() in method <lu.bgl.spm.data.domain.directinvest.DirectInvestSimulationFragmentAdapterData: int hashCode()>
[main] INFO soot.jimple.infoflow.android.SetupApplication$InPlaceInfoflow - - $r2 = virtualinvoke $r1.<java.lang.Object: java.lang.String toString()>() in method <rx.schedulers.Timestamped: java.lang.String toString()>
[main] INFO soot.jimple.infoflow.android.SetupApplication$InPlaceInfoflow - - $r4 = virtualinvoke $r6.<java.lang.Object: java.lang.String toString()>() in method <com.onetrust.otpublishers.headless.Public.OTPublishersHeadlessSDK: void updateAllSDKConsentStatus(org.json.JSONArray,boolean)>
[main] INFO soot.jimple.infoflow.android.SetupApplication$InPlaceInfoflow - - $r11 = virtualinvoke $r10.<android.content.Context: android.content.pm.ApplicationInfo getApplicationInfo()>() in method <com.onetrust.otpublishers.headless.Internal.Models.c: void a(java.lang.String,java.lang.String,java.lang.String,org.json.JSONObject)>
[main] INFO soot.jimple.infoflow.android.SetupApplication$InPlaceInfoflow - - $r13 = virtualinvoke $r1.<java.lang.Object: java.lang.String toString()>() in method <kotlin.reflect.jvm.internal.calls.AnnotationConstructorCallerKt$createAnnotationInstance$toString$2$1$1: java.lang.CharSequence invoke(java.util.Map$Entry)>
[main] INFO soot.jimple.infoflow.android.SetupApplication$InPlaceInfoflow - - $i0 = virtualinvoke $r0.<java.lang.Object: int hashCode()>() in method <kotlin.reflect.jvm.internal.impl.storage.LockBasedStorageManager$KeyWithComputation: int hashCode()>
[main] INFO soot.jimple.infoflow.android.SetupApplication$InPlaceInfoflow - - $r0 = virtualinvoke $r1.<java.lang.Object: java.lang.String toString()>() in method <com.fasterxml.jackson.databind.util.ClassUtil: java.lang.String nullOrToString(java.lang.Object)>
[main] INFO soot.jimple.infoflow.android.SetupApplication$InPlaceInfoflow - - $i0 = virtualinvoke $r4.<java.lang.Object: int hashCode()>() in method <kotlin.reflect.jvm.internal.calls.AnnotationConstructorCallerKt$createAnnotationInstance$hashCode$2: java.lang.Integer invoke()>
[main] INFO soot.jimple.infoflow.android.SetupApplication$InPlaceInfoflow - - $r3 = virtualinvoke $r2.<java.lang.Object: java.lang.String toString()>() in method <com.adobe.marketing.mobile.MatcherGreaterThanOrEqual: java.lang.String toString()>
[main] INFO soot.jimple.infoflow.android.SetupApplication$InPlaceInfoflow - - $i1 = virtualinvoke $r0.<java.lang.Object: int hashCode()>() in method <com.bumptech.glide.util.Util: int hashCode(java.lang.Object,int)>
[main] INFO soot.jimple.infoflow.android.SetupApplication$InPlaceInfoflow - - $r0 = virtualinvoke $r4.<java.lang.Object: java.lang.String toString()>() in method <com.onetrust.otpublishers.headless.UI.fragment.f: void a(java.lang.String,boolean)>
[main] INFO soot.jimple.infoflow.android.SetupApplication$InPlaceInfoflow - - $i0 = virtualinvoke $r0.<java.lang.Object: int hashCode()>() in method <kotlin.collections.builders.MapBuilder$EntryRef: int hashCode()>
[main] INFO soot.jimple.infoflow.android.SetupApplication$InPlaceInfoflow - - $r3 = virtualinvoke $r2.<java.lang.Object: java.lang.String toString()>() in method <com.adobe.marketing.mobile.MatcherLessThanOrEqual: java.lang.String toString()>
[main] INFO soot.jimple.infoflow.android.SetupApplication$InPlaceInfoflow - - $i0 = virtualinvoke $r0.<java.lang.Object: int hashCode()>() in method <com.squareup.moshi.LinkedHashTreeMap$Node: int hashCode()>
[main] INFO soot.jimple.infoflow.android.SetupApplication$InPlaceInfoflow - - $i0 = virtualinvoke $r0.<java.lang.Object: int hashCode()>() in method <com.fasterxml.jackson.annotation.JacksonInject$Value: int hashCode()>
[main] INFO soot.jimple.infoflow.android.SetupApplication$InPlaceInfoflow - - $r3 = virtualinvoke $r2.<java.lang.Object: java.lang.String toString()>() in method <com.adobe.marketing.mobile.MatcherNotContains: java.lang.String toString()>
[main] INFO soot.jimple.infoflow.android.SetupApplication$InPlaceInfoflow - - $i1 = virtualinvoke $r0.<java.lang.Object: int hashCode()>() in method <kotlin.collections.IndexedValue: int hashCode()>
[main] INFO soot.jimple.infoflow.android.SetupApplication$InPlaceInfoflow - - $i0 = virtualinvoke $r0.<java.lang.Object: int hashCode()>() in method <com.squareup.moshi.internal.Util: int hashCodeOrZero(java.lang.Object)>
[main] INFO soot.jimple.infoflow.android.SetupApplication$InPlaceInfoflow - - $i1 = virtualinvoke $r0.<java.lang.Object: int hashCode()>() in method <lu.bgl.spm.data.models.portfolio.PortfolioModel$MultiMapKey4Values: int hashCode()>
[main] INFO soot.jimple.infoflow.android.SetupApplication$InPlaceInfoflow - - $i0 = virtualinvoke $r2.<java.lang.Object: int hashCode()>() in method <lu.bgl.spm.data.domain.portfolio.PortfolioPositionData: int hashCode()>
[main] INFO soot.jimple.infoflow.android.SetupApplication$InPlaceInfoflow - - $r3 = virtualinvoke $r2.<java.lang.Object: java.lang.String toString()>() in method <com.adobe.marketing.mobile.MatcherContains: java.lang.String toString()>
[main] INFO soot.jimple.infoflow.android.SetupApplication$InPlaceInfoflow - - $r0 = virtualinvoke $r4.<java.lang.Object: java.lang.String toString()>() in method <com.onetrust.otpublishers.headless.cmp.ui.fragments.a: void a(java.lang.String,boolean)>
[main] INFO soot.jimple.infoflow.android.SetupApplication$InPlaceInfoflow - - $r0 = virtualinvoke $r10.<java.lang.Object: java.lang.String toString()>() in method <com.onetrust.otpublishers.headless.UI.adapter.c: void a(java.lang.String,java.lang.String,boolean,boolean)>
[main] INFO soot.jimple.infoflow.android.SetupApplication$InPlaceInfoflow - - $r2 = virtualinvoke $r5.<java.lang.Object: java.lang.String toString()>() in method <kotlinx.coroutines.channels.BufferedChannel: java.lang.String toString()>
[main] INFO soot.jimple.infoflow.android.SetupApplication$InPlaceInfoflow - - $r2 = virtualinvoke $r12.<java.lang.Object: java.lang.String toString()>() in method <com.onetrust.otpublishers.headless.Internal.Helper.c0: void a(android.content.Context,java.lang.String)>
[main] INFO soot.jimple.infoflow.android.SetupApplication$InPlaceInfoflow - - $r11 = virtualinvoke $r1.<java.lang.Object: java.lang.String toString()>() in method <com.onetrust.otpublishers.headless.UI.fragment.i: void a()>
[main] INFO soot.jimple.infoflow.android.SetupApplication$InPlaceInfoflow - - $i0 = virtualinvoke $r2.<java.lang.Object: int hashCode()>() in method <kotlin.collections.AbstractSet$Companion: int unorderedHashCode$kotlin_stdlib(java.util.Collection)>
[main] INFO soot.jimple.infoflow.android.SetupApplication$InPlaceInfoflow - - $i2 = virtualinvoke $r1.<java.lang.Object: int hashCode()>() in method <lu.bgl.spm.dataLayer.remote.core.models.Teaser: int hashCode()>
[main] INFO soot.jimple.infoflow.android.SetupApplication$InPlaceInfoflow - - $r3 = virtualinvoke $r5.<java.lang.Object: java.lang.String toString()>() in method <com.fasterxml.jackson.databind.deser.std.StringDeserializer: java.lang.String deserialize(com.fasterxml.jackson.core.JsonParser,com.fasterxml.jackson.databind.DeserializationContext)>
[main] INFO soot.jimple.infoflow.android.SetupApplication$InPlaceInfoflow - - $i1 = virtualinvoke $r1.<java.lang.Object: int hashCode()>() in method <coil.request.ImageRequest: int hashCode()>
[main] INFO soot.jimple.infoflow.android.SetupApplication$InPlaceInfoflow - - $i0 = virtualinvoke $r0.<java.lang.Object: int hashCode()>() in method <kotlinx.coroutines.internal.InlineList: int hashCode-impl(java.lang.Object)>
[main] INFO soot.jimple.infoflow.android.SetupApplication$InPlaceInfoflow - - $i1 = virtualinvoke $r0.<java.lang.Object: int hashCode()>() in method <kotlinx.coroutines.CompletedContinuation: int hashCode()>
[main] INFO soot.jimple.infoflow.android.SetupApplication$InPlaceInfoflow - - $i0 = virtualinvoke $r0.<java.lang.Object: int hashCode()>() in method <kotlin.Pair: int hashCode()>
[main] INFO soot.jimple.infoflow.android.SetupApplication$InPlaceInfoflow - - $i0 = virtualinvoke $r0.<java.lang.Object: int hashCode()>() in method <kotlin.Triple: int hashCode()>
[main] INFO soot.jimple.infoflow.android.SetupApplication$InPlaceInfoflow - - $i0 = virtualinvoke $r0.<java.lang.Object: int hashCode()>() in method <kotlinx.coroutines.channels.ChannelResult: int hashCode-impl(java.lang.Object)>
[main] INFO soot.jimple.infoflow.android.SetupApplication$InPlaceInfoflow - - $r3 = virtualinvoke $r2.<java.lang.Object: java.lang.String toString()>() in method <com.adobe.marketing.mobile.MatcherStartsWith: java.lang.String toString()>
[main] INFO soot.jimple.infoflow.android.SetupApplication$InPlaceInfoflow - - $r3 = virtualinvoke $r2.<java.lang.Object: java.lang.String toString()>() in method <com.adobe.marketing.mobile.MatcherEndsWith: java.lang.String toString()>
[main] INFO soot.jimple.infoflow.android.SetupApplication$InPlaceInfoflow - - $r0 = virtualinvoke $r4.<java.lang.Object: java.lang.String toString()>() in method <com.onetrust.otpublishers.headless.Internal.Helper.i0: org.json.JSONArray b(java.lang.String)>
[main] INFO soot.jimple.infoflow.android.SetupApplication$InPlaceInfoflow - - $r0 = virtualinvoke this.<com.bumptech.glide.manager.RequestManagerFragment: android.app.Fragment getParentFragment()>() in method <com.bumptech.glide.manager.RequestManagerFragment: android.app.Fragment getParentFragmentUsingHint()>
[main] INFO soot.jimple.infoflow.android.SetupApplication$InPlaceInfoflow - - $i2 = virtualinvoke $r1.<java.lang.Object: int hashCode()>() in method <lu.bgl.spm.data.models.introduction.Teaser: int hashCode()>
[main] INFO soot.jimple.infoflow.android.SetupApplication$InPlaceInfoflow - - $i1 = virtualinvoke $r0.<java.lang.Object: int hashCode()>() in method <kotlin.Pair: int hashCode()>
[main] INFO soot.jimple.infoflow.android.SetupApplication$InPlaceInfoflow - - $i1 = virtualinvoke $r2.<java.lang.Object: int hashCode()>() in method <kotlin.collections.AbstractList$Companion: int orderedHashCode$kotlin_stdlib(java.util.Collection)>
[main] INFO soot.jimple.infoflow.android.SetupApplication$InPlaceInfoflow - - $r3 = virtualinvoke $r2.<java.lang.Object: java.lang.String toString()>() in method <com.adobe.marketing.mobile.MatcherGreaterThan: java.lang.String toString()>
[main] INFO soot.jimple.infoflow.android.SetupApplication$InPlaceInfoflow - - $i1 = virtualinvoke $r0.<java.lang.Object: int hashCode()>() in method <kotlin.collections.builders.MapBuilder$EntryRef: int hashCode()>
[main] INFO soot.jimple.infoflow.android.SetupApplication$InPlaceInfoflow - - $f0 = virtualinvoke $r2.<android.view.Display: float getRefreshRate()>() in method <com.faltenreich.skeletonlayout.BaseExtensionsKt: float refreshRateInSeconds(android.content.Context)>
[main] INFO soot.jimple.infoflow.android.SetupApplication$InPlaceInfoflow - - $r2 = virtualinvoke $r10.<java.lang.Object: java.lang.String toString()>() in method <com.onetrust.otpublishers.headless.UI.adapter.d: void a(org.json.JSONObject,com.onetrust.otpublishers.headless.UI.adapter.d$a,java.lang.String,android.view.View)>
[main] INFO soot.jimple.infoflow.android.SetupApplication$InPlaceInfoflow - - $i0 = virtualinvoke $r1.<java.lang.Object: int hashCode()>() in method <coil.request.Parameters$Entry: int hashCode()>
[main] INFO soot.jimple.infoflow.android.SetupApplication$InPlaceInfoflow - - $i0 = virtualinvoke $r1.<java.lang.Object: int hashCode()>() in method <kotlin.jvm.internal.AdaptedFunctionReference: int hashCode()>
[main] INFO soot.jimple.infoflow.android.SetupApplication$InPlaceInfoflow - - $r3 = virtualinvoke $r2.<java.lang.Object: java.lang.String toString()>() in method <com.adobe.marketing.mobile.MatcherLessThan: java.lang.String toString()>
[main] INFO soot.jimple.infoflow.android.SetupApplication$InPlaceInfoflow - - $i1 = virtualinvoke $r1.<java.lang.Object: int hashCode()>() in method <rx.Notification: int hashCode()>
[main] INFO soot.jimple.infoflow.android.SetupApplication$InPlaceInfoflow - - $i2 = virtualinvoke $r0.<java.lang.Object: int hashCode()>() in method <kotlin.reflect.jvm.internal.impl.serialization.deserialization.IncompatibleVersionErrorData: int hashCode()>
[main] INFO soot.jimple.infoflow.android.SetupApplication$InPlaceInfoflow - - $i1 = virtualinvoke $r0.<java.lang.Object: int hashCode()>() in method <lu.bgl.spm.data.models.portfolio.PortfolioModel$MultiMapKey4Values: int hashCode()>
[main] INFO soot.jimple.infoflow.android.SetupApplication$InPlaceInfoflow - - $i2 = virtualinvoke $r1.<java.lang.Object: int hashCode()>() in method <kotlin.collections.builders.ListBuilderKt: int subarrayContentHashCode(java.lang.Object[],int,int)>
[main] INFO soot.jimple.infoflow.android.SetupApplication$InPlaceInfoflow - - $i0 = virtualinvoke $r0.<java.lang.Object: int hashCode()>() in method <kotlinx.coroutines.internal.SegmentOrClosed: int hashCode-impl(java.lang.Object)>
[main] INFO soot.jimple.infoflow.android.SetupApplication$InPlaceInfoflow - - $r5 = virtualinvoke $r8.<java.lang.Object: java.lang.String toString()>() in method <com.onetrust.otpublishers.headless.Public.OTPublishersHeadlessSDK: void updatePurposeConsent(java.lang.String,boolean,boolean)>
[main] INFO soot.jimple.infoflow.android.SetupApplication$InPlaceInfoflow - - $i1 = virtualinvoke $r0.<java.lang.Object: int hashCode()>() in method <lu.bgl.spm.data.models.portfolio.PortfolioModel$MultiMapKey4Values: int hashCode()>
[main] INFO soot.jimple.infoflow.android.SetupApplication$InPlaceInfoflow - - $i0 = virtualinvoke $r0.<java.lang.Object: int hashCode()>() in method <lu.bgl.spm.domainLayer.payment.models.common.ListItem: int hashCode()>
[main] INFO soot.jimple.infoflow.android.SetupApplication$InPlaceInfoflow - - $i0 = virtualinvoke $r0.<java.lang.Object: int hashCode()>() in method <io.reactivex.Notification: int hashCode()>
[main] INFO soot.jimple.infoflow.android.SetupApplication$InPlaceInfoflow - - $r2 = virtualinvoke $r1.<android.content.res.Resources: android.content.res.Configuration getConfiguration()>() in method <com.onetrust.otpublishers.headless.UI.TVUI.fragments.a: void a()>
[main] INFO soot.jimple.infoflow.android.SetupApplication$InPlaceInfoflow - - $r3 = virtualinvoke $r2.<java.lang.Object: java.lang.String toString()>() in method <com.adobe.marketing.mobile.MatcherEquals: java.lang.String toString()>
[main] INFO soot.jimple.infoflow.android.SetupApplication$InPlaceInfoflow - - $i0 = virtualinvoke $r0.<java.lang.Object: int hashCode()>() in method <com.bumptech.glide.load.model.ModelCache$ModelKey: int hashCode()>
[main] INFO soot.jimple.infoflow.android.SetupApplication$InPlaceInfoflow - - $i1 = virtualinvoke $r0.<java.lang.Object: int hashCode()>() in method <kotlin.reflect.jvm.internal.impl.serialization.deserialization.IncompatibleVersionErrorData: int hashCode()>
[main] INFO soot.jimple.infoflow.android.SetupApplication$InPlaceInfoflow - - $i1 = virtualinvoke $r0.<java.lang.Object: int hashCode()>() in method <lu.bgl.spm.data.domain.directinvest.DirectInvestContractDetailFragmentAdapterData: int hashCode()>
[main] INFO soot.jimple.infoflow.android.SetupApplication$InPlaceInfoflow - - $r3 = virtualinvoke $r2.<java.lang.Object: java.lang.String toString()>() in method <com.adobe.marketing.mobile.MatcherNotEquals: java.lang.String toString()>
[main] INFO soot.jimple.infoflow.android.SetupApplication$InPlaceInfoflow - - $i0 = virtualinvoke $r0.<java.lang.Object: int hashCode()>() in method <kotlin.time.TimedValue: int hashCode()>
[main] INFO soot.jimple.infoflow.android.SetupApplication$InPlaceInfoflow - - $i1 = virtualinvoke $r0.<java.lang.Object: int hashCode()>() in method <com.squareup.moshi.LinkedHashTreeMap$Node: int hashCode()>
[main] INFO soot.jimple.infoflow.android.SetupApplication$InPlaceInfoflow - - $i1 = virtualinvoke $r1.<java.lang.Object: int hashCode()>() in method <lu.bgl.spm.data.domain.portfolio.PortfolioMainAdapterData: int hashCode()>
[main] INFO soot.jimple.infoflow.android.SetupApplication$InPlaceInfoflow - - $i0 = virtualinvoke $r0.<java.lang.Object: int hashCode()>() in method <lu.bgl.spm.data.domain.directinvest.DirectInvestContractDetailFragmentAdapterData: int hashCode()>
[main] INFO soot.jimple.infoflow.android.SetupApplication$InPlaceInfoflow - - $i1 = virtualinvoke $r2.<java.lang.Object: int hashCode()>() in method <kotlin.collections.builders.MapBuilder$EntriesItr: int nextHashCode$kotlin_stdlib()>
[main] INFO soot.jimple.infoflow.android.SetupApplication$InPlaceInfoflow - - $r2 = virtualinvoke $r6.<java.lang.Object: java.lang.String toString()>() in method <com.onetrust.otpublishers.headless.Internal.Helper.s: void a(org.json.JSONObject,java.lang.String,int,int,android.content.Context)>
[main] INFO soot.jimple.infoflow.android.SetupApplication$InPlaceInfoflow - - $r5 = virtualinvoke $r10.<java.lang.Object: java.lang.String toString()>() in method <com.onetrust.otpublishers.headless.UI.fragment.f: void b(androidx.appcompat.widget.SwitchCompat,boolean)>
[main] INFO soot.jimple.infoflow.android.SetupApplication$InPlaceInfoflow - - $i1 = virtualinvoke $r0.<java.lang.Object: int hashCode()>() in method <kotlin.reflect.jvm.internal.impl.protobuf.SmallSortedMap$Entry: int hashCode()>
[main] INFO soot.jimple.infoflow.android.SetupApplication$InPlaceInfoflow - - $i0 = virtualinvoke $r0.<java.lang.Object: int hashCode()>() in method <com.bumptech.glide.load.engine.EngineKey: int hashCode()>
[main] INFO soot.jimple.infoflow.android.SetupApplication$InPlaceInfoflow - - $i0 = virtualinvoke $r0.<java.lang.Object: int hashCode()>() in method <kotlinx.serialization.internal.MapEntrySerializer$MapEntry: int hashCode()>
[main] INFO soot.jimple.infoflow.android.SetupApplication$InPlaceInfoflow - - $i0 = virtualinvoke $r0.<java.lang.Object: int hashCode()>() in method <com.fasterxml.jackson.databind.node.POJONode: int hashCode()>
[main] INFO soot.jimple.infoflow.android.SetupApplication$InPlaceInfoflow - - $i0 = virtualinvoke $r0.<java.lang.Object: int hashCode()>() in method <rx.schedulers.TimeInterval: int hashCode()>
[main] INFO soot.jimple.infoflow.android.SetupApplication$InPlaceInfoflow - - $i2 = virtualinvoke $r1.<java.lang.Object: int hashCode()>() in method <lu.bgl.spm.dataLayer.core.models.network.NetworkServiceResponse: int hashCode()>
[main] INFO soot.jimple.infoflow.android.SetupApplication$InPlaceInfoflow - - $r4 = virtualinvoke $r11.<java.lang.Object: java.lang.String toString()>() in method <com.onetrust.otpublishers.headless.cmp.ui.adapters.b: void a(org.json.JSONObject,com.onetrust.otpublishers.headless.cmp.ui.adapters.b,com.onetrust.otpublishers.headless.cmp.ui.adapters.b$a,java.lang.String,android.view.View)>
[main] INFO soot.jimple.infoflow.android.SetupApplication$InPlaceInfoflow - - $i0 = virtualinvoke $r0.<java.lang.Object: int hashCode()>() in method <rx.schedulers.Timestamped: int hashCode()>
[main] INFO soot.jimple.infoflow.android.SetupApplication$InPlaceInfoflow - - $r1 = virtualinvoke $r0.<java.lang.Object: java.lang.String toString()>() in method <com.fasterxml.jackson.databind.introspect.POJOPropertyBuilder$Linked: java.lang.String toString()>
[main] INFO soot.jimple.infoflow.android.SetupApplication$InPlaceInfoflow - - $i0 = virtualinvoke $r2.<java.lang.Object: int hashCode()>() in method <kotlin.collections.builders.MapBuilder$EntriesItr: int nextHashCode$kotlin_stdlib()>
[main] INFO soot.jimple.infoflow.android.SetupApplication$InPlaceInfoflow - - $r3 = virtualinvoke $r2.<java.lang.Object: java.lang.String toString()>() in method <kotlin.reflect.jvm.internal.impl.types.IntersectionTypeConstructor$makeDebugNameForIntersectionType$3: java.lang.CharSequence invoke(kotlin.reflect.jvm.internal.impl.types.KotlinType)>
[main] INFO soot.jimple.infoflow.android.SetupApplication$InPlaceInfoflow - - $i0 = virtualinvoke $r0.<java.lang.Object: int hashCode()>() in method <kotlin.reflect.jvm.internal.impl.types.typesApproximation.ApproximationBounds: int hashCode()>
[main] INFO soot.jimple.infoflow.android.SetupApplication$InPlaceInfoflow - - $i0 = virtualinvoke $r0.<java.lang.Object: int hashCode()>() in method <com.bumptech.glide.signature.ObjectKey: int hashCode()>
[main] INFO soot.jimple.infoflow.android.SetupApplication$InPlaceInfoflow - - $r0 = virtualinvoke $r1.<java.lang.Object: java.lang.String toString()>() in method <com.fasterxml.jackson.databind.node.POJONode: java.lang.String asText()>
[main] INFO soot.jimple.infoflow.android.SetupApplication$InPlaceInfoflow - - $i1 = virtualinvoke $r0.<java.lang.Object: int hashCode()>() in method <kotlinx.serialization.internal.MapEntrySerializer$MapEntry: int hashCode()>
[main] INFO soot.jimple.infoflow.android.SetupApplication$InPlaceInfoflow - - $i0 = virtualinvoke $r0.<java.lang.Object: int hashCode()>() in method <kotlinx.coroutines.CompletedContinuation: int hashCode()>
[main] INFO soot.jimple.infoflow.android.SetupApplication$InPlaceInfoflow - - $r0 = virtualinvoke $r9.<java.lang.Object: java.lang.String toString()>() in method <com.onetrust.otpublishers.headless.cmp.ui.adapters.a: void a(java.lang.String,java.lang.String,boolean,boolean)>
[main] INFO soot.jimple.infoflow.android.SetupApplication$InPlaceInfoflow - - $i1 = virtualinvoke $r0.<java.lang.Object: int hashCode()>() in method <kotlin.Triple: int hashCode()>
[main] INFO soot.jimple.infoflow.android.SetupApplication$InPlaceInfoflow - - $i0 = virtualinvoke $r0.<java.lang.Object: int hashCode()>() in method <kotlin.Result: int hashCode-impl(java.lang.Object)>
[main] INFO soot.jimple.infoflow.android.SetupApplication$InPlaceInfoflow - - $r6 = virtualinvoke $r7.<java.lang.Object: java.lang.String toString()>() in method <com.onetrust.otpublishers.headless.Internal.Helper.n: void a(android.content.SharedPreferences,org.json.JSONObject,android.content.Context,com.onetrust.otpublishers.headless.Internal.Preferences.g,boolean,boolean)>
[main] INFO soot.jimple.infoflow.android.SetupApplication$InPlaceInfoflow - - $i2 = virtualinvoke $r1.<java.lang.Object: int hashCode()>() in method <lu.bgl.spm.domainLayer.core.models.Teaser: int hashCode()>
[main] INFO soot.jimple.infoflow.android.SetupApplication$InPlaceInfoflow - - $i0 = virtualinvoke $r0.<java.lang.Object: int hashCode()>() in method <kotlin.jvm.internal.TypeParameterReference: int hashCode()>
[main] INFO soot.jimple.infoflow.android.SetupApplication$InPlaceInfoflow - The sink staticinvoke <android.util.Log: int v(java.lang.String,java.lang.String)>("Downsampler", $r0) in method <com.bumptech.glide.load.resource.bitmap.Downsampler: void logDecode(int,int,java.lang.String,android.graphics.BitmapFactory$Options,android.graphics.Bitmap,int,int,long)> was called with values from the following sources:
[main] INFO soot.jimple.infoflow.android.SetupApplication$InPlaceInfoflow - - $r3 = virtualinvoke $r0.<android.graphics.Bitmap: android.graphics.Bitmap$Config getConfig()>() in method <com.bumptech.glide.load.resource.bitmap.Downsampler: java.lang.String getBitmapString(android.graphics.Bitmap)>
[main] INFO soot.jimple.infoflow.android.SetupApplication$InPlaceInfoflow - The sink virtualinvoke $r3.<android.content.Context: void sendBroadcast(android.content.Intent)>($r4) in method <com.onetrust.otpublishers.headless.Internal.Helper.q: void a(java.lang.String,int)> was called with values from the following sources:
[main] INFO soot.jimple.infoflow.android.SetupApplication$InPlaceInfoflow - - $i0 = virtualinvoke $r2.<java.lang.Object: int hashCode()>() in method <kotlin.collections.AbstractSet$Companion: int unorderedHashCode$kotlin_stdlib(java.util.Collection)>
[main] INFO soot.jimple.infoflow.android.SetupApplication$InPlaceInfoflow - - $i2 = virtualinvoke $r1.<java.lang.Object: int hashCode()>() in method <lu.bgl.spm.dataLayer.remote.core.models.Teaser: int hashCode()>
[main] INFO soot.jimple.infoflow.android.SetupApplication$InPlaceInfoflow - - $i2 = virtualinvoke $r0.<java.lang.Object: int hashCode()>() in method <kotlin.Triple: int hashCode()>
[main] INFO soot.jimple.infoflow.android.SetupApplication$InPlaceInfoflow - - $r3 = virtualinvoke $r5.<java.lang.Object: java.lang.String toString()>() in method <com.fasterxml.jackson.databind.deser.std.StringDeserializer: java.lang.String deserialize(com.fasterxml.jackson.core.JsonParser,com.fasterxml.jackson.databind.DeserializationContext)>
[main] INFO soot.jimple.infoflow.android.SetupApplication$InPlaceInfoflow - - $i1 = virtualinvoke $r1.<java.lang.Object: int hashCode()>() in method <coil.request.ImageRequest: int hashCode()>
[main] INFO soot.jimple.infoflow.android.SetupApplication$InPlaceInfoflow - - $i1 = virtualinvoke $r0.<java.lang.Object: int hashCode()>() in method <com.fasterxml.jackson.core.JsonLocation: int hashCode()>
[main] INFO soot.jimple.infoflow.android.SetupApplication$InPlaceInfoflow - - $i0 = virtualinvoke $r0.<java.lang.Object: int hashCode()>() in method <com.fasterxml.jackson.databind.util.RawValue: int hashCode()>
[main] INFO soot.jimple.infoflow.android.SetupApplication$InPlaceInfoflow - - $i0 = virtualinvoke $r0.<java.lang.Object: int hashCode()>() in method <kotlinx.coroutines.internal.InlineList: int hashCode-impl(java.lang.Object)>
[main] INFO soot.jimple.infoflow.android.SetupApplication$InPlaceInfoflow - - $i0 = virtualinvoke $r1.<java.lang.Object: int hashCode()>() in method <com.medallia.digital.mobilesdk.CustomParameter: int hashCode()>
[main] INFO soot.jimple.infoflow.android.SetupApplication$InPlaceInfoflow - - $i1 = virtualinvoke $r0.<java.lang.Object: int hashCode()>() in method <kotlinx.coroutines.CompletedContinuation: int hashCode()>
[main] INFO soot.jimple.infoflow.android.SetupApplication$InPlaceInfoflow - - $i0 = virtualinvoke $r0.<java.lang.Object: int hashCode()>() in method <kotlin.Pair: int hashCode()>
[main] INFO soot.jimple.infoflow.android.SetupApplication$InPlaceInfoflow - - $i0 = virtualinvoke $r0.<java.lang.Object: int hashCode()>() in method <kotlin.Triple: int hashCode()>
[main] INFO soot.jimple.infoflow.android.SetupApplication$InPlaceInfoflow - - $i0 = virtualinvoke $r0.<java.lang.Object: int hashCode()>() in method <kotlinx.coroutines.channels.ChannelResult: int hashCode-impl(java.lang.Object)>
[main] INFO soot.jimple.infoflow.android.SetupApplication$InPlaceInfoflow - - $i1 = virtualinvoke $r0.<java.lang.Object: int hashCode()>() in method <kotlin.reflect.jvm.internal.impl.serialization.deserialization.IncompatibleVersionErrorData: int hashCode()>
[main] INFO soot.jimple.infoflow.android.SetupApplication$InPlaceInfoflow - - $r3 = virtualinvoke $r2.<java.lang.Object: java.lang.String toString()>() in method <com.adobe.marketing.mobile.MatcherStartsWith: java.lang.String toString()>
[main] INFO soot.jimple.infoflow.android.SetupApplication$InPlaceInfoflow - - $i0 = virtualinvoke $r0.<java.lang.Object: int hashCode()>() in method <kotlin.reflect.jvm.internal.impl.resolve.constants.ConstantValue: int hashCode()>
[main] INFO soot.jimple.infoflow.android.SetupApplication$InPlaceInfoflow - - $i0 = virtualinvoke $r0.<java.lang.Object: int hashCode()>() in method <kotlin.reflect.jvm.internal.impl.serialization.deserialization.IncompatibleVersionErrorData: int hashCode()>
[main] INFO soot.jimple.infoflow.android.SetupApplication$InPlaceInfoflow - - $r3 = virtualinvoke $r2.<java.lang.Object: java.lang.String toString()>() in method <com.adobe.marketing.mobile.MatcherEndsWith: java.lang.String toString()>
[main] INFO soot.jimple.infoflow.android.SetupApplication$InPlaceInfoflow - - $i1 = virtualinvoke $r0.<java.lang.Object: int hashCode()>() in method <io.reactivex.schedulers.Timed: int hashCode()>
[main] INFO soot.jimple.infoflow.android.SetupApplication$InPlaceInfoflow - - $r0 = virtualinvoke this.<com.bumptech.glide.manager.RequestManagerFragment: android.app.Fragment getParentFragment()>() in method <com.bumptech.glide.manager.RequestManagerFragment: android.app.Fragment getParentFragmentUsingHint()>
[main] INFO soot.jimple.infoflow.android.SetupApplication$InPlaceInfoflow - - $i0 = virtualinvoke $r0.<java.lang.Object: int hashCode()>() in method <lu.bgl.spm.data.models.portfolio.PortfolioModel$MultiMapKey4Values: int hashCode()>
[main] INFO soot.jimple.infoflow.android.SetupApplication$InPlaceInfoflow - - $i2 = virtualinvoke $r1.<java.lang.Object: int hashCode()>() in method <lu.bgl.spm.data.models.introduction.Teaser: int hashCode()>
[main] INFO soot.jimple.infoflow.android.SetupApplication$InPlaceInfoflow - - $i1 = virtualinvoke $r0.<java.lang.Object: int hashCode()>() in method <kotlin.Pair: int hashCode()>
[main] INFO soot.jimple.infoflow.android.SetupApplication$InPlaceInfoflow - - $i1 = virtualinvoke $r2.<java.lang.Object: int hashCode()>() in method <kotlin.collections.AbstractList$Companion: int orderedHashCode$kotlin_stdlib(java.util.Collection)>
[main] INFO soot.jimple.infoflow.android.SetupApplication$InPlaceInfoflow - - $r3 = virtualinvoke $r2.<java.lang.Object: java.lang.String toString()>() in method <com.adobe.marketing.mobile.MatcherGreaterThan: java.lang.String toString()>
[main] INFO soot.jimple.infoflow.android.SetupApplication$InPlaceInfoflow - - $i1 = virtualinvoke $r0.<java.lang.Object: int hashCode()>() in method <kotlin.collections.builders.MapBuilder$EntryRef: int hashCode()>
[main] INFO soot.jimple.infoflow.android.SetupApplication$InPlaceInfoflow - - $f0 = virtualinvoke $r2.<android.view.Display: float getRefreshRate()>() in method <com.faltenreich.skeletonlayout.BaseExtensionsKt: float refreshRateInSeconds(android.content.Context)>
[main] INFO soot.jimple.infoflow.android.SetupApplication$InPlaceInfoflow - - $i0 = virtualinvoke $r1.<java.lang.Object: int hashCode()>() in method <coil.request.Parameters$Entry: int hashCode()>
[main] INFO soot.jimple.infoflow.android.SetupApplication$InPlaceInfoflow - - $r4 = virtualinvoke $r0.<java.lang.Object: java.lang.String toString()>() in method <com.adobe.marketing.mobile.ContextData: java.lang.String toString()>
[main] INFO soot.jimple.infoflow.android.SetupApplication$InPlaceInfoflow - - $i0 = virtualinvoke $r1.<java.lang.Object: int hashCode()>() in method <kotlin.jvm.internal.AdaptedFunctionReference: int hashCode()>
[main] INFO soot.jimple.infoflow.android.SetupApplication$InPlaceInfoflow - - $r3 = virtualinvoke $r2.<java.lang.Object: java.lang.String toString()>() in method <com.adobe.marketing.mobile.MatcherLessThan: java.lang.String toString()>
[main] INFO soot.jimple.infoflow.android.SetupApplication$InPlaceInfoflow - - $i1 = virtualinvoke $r1.<java.lang.Object: int hashCode()>() in method <rx.Notification: int hashCode()>
[main] INFO soot.jimple.infoflow.android.SetupApplication$InPlaceInfoflow - - $i2 = virtualinvoke $r0.<java.lang.Object: int hashCode()>() in method <kotlin.reflect.jvm.internal.impl.serialization.deserialization.IncompatibleVersionErrorData: int hashCode()>
[main] INFO soot.jimple.infoflow.android.SetupApplication$InPlaceInfoflow - - $i1 = virtualinvoke $r0.<java.lang.Object: int hashCode()>() in method <lu.bgl.spm.data.models.portfolio.PortfolioModel$MultiMapKey4Values: int hashCode()>
[main] INFO soot.jimple.infoflow.android.SetupApplication$InPlaceInfoflow - - $i2 = virtualinvoke $r1.<java.lang.Object: int hashCode()>() in method <kotlin.collections.builders.ListBuilderKt: int subarrayContentHashCode(java.lang.Object[],int,int)>
[main] INFO soot.jimple.infoflow.android.SetupApplication$InPlaceInfoflow - - $i1 = virtualinvoke $r1.<java.lang.Object: int hashCode()>() in method <lu.bgl.spm.data.domain.directinvest.DirectInvestSimulationFragmentAdapterData: int hashCode()>
[main] INFO soot.jimple.infoflow.android.SetupApplication$InPlaceInfoflow - - $i1 = virtualinvoke $r0.<java.lang.Object: int hashCode()>() in method <kotlin.reflect.jvm.internal.impl.types.typesApproximation.ApproximationBounds: int hashCode()>
[main] INFO soot.jimple.infoflow.android.SetupApplication$InPlaceInfoflow - - $i0 = virtualinvoke $r0.<java.lang.Object: int hashCode()>() in method <kotlinx.coroutines.internal.SegmentOrClosed: int hashCode-impl(java.lang.Object)>
[main] INFO soot.jimple.infoflow.android.SetupApplication$InPlaceInfoflow - - $i2 = virtualinvoke $r1.<java.lang.Object: int hashCode()>() in method <lu.bgl.spm.data.domain.directinvest.DirectInvestSimulationFragmentAdapterData: int hashCode()>
[main] INFO soot.jimple.infoflow.android.SetupApplication$InPlaceInfoflow - - $r2 = virtualinvoke $r1.<java.lang.Object: java.lang.String toString()>() in method <rx.schedulers.Timestamped: java.lang.String toString()>
[main] INFO soot.jimple.infoflow.android.SetupApplication$InPlaceInfoflow - - $i1 = virtualinvoke $r0.<java.lang.Object: int hashCode()>() in method <lu.bgl.spm.data.models.portfolio.PortfolioModel$MultiMapKey4Values: int hashCode()>
[main] INFO soot.jimple.infoflow.android.SetupApplication$InPlaceInfoflow - - $i0 = virtualinvoke $r0.<java.lang.Object: int hashCode()>() in method <lu.bgl.spm.domainLayer.payment.models.common.ListItem: int hashCode()>
[main] INFO soot.jimple.infoflow.android.SetupApplication$InPlaceInfoflow - - $r13 = virtualinvoke $r1.<java.lang.Object: java.lang.String toString()>() in method <kotlin.reflect.jvm.internal.calls.AnnotationConstructorCallerKt$createAnnotationInstance$toString$2$1$1: java.lang.CharSequence invoke(java.util.Map$Entry)>
[main] INFO soot.jimple.infoflow.android.SetupApplication$InPlaceInfoflow - - $i0 = virtualinvoke $r0.<java.lang.Object: int hashCode()>() in method <io.reactivex.Notification: int hashCode()>
[main] INFO soot.jimple.infoflow.android.SetupApplication$InPlaceInfoflow - - $r3 = virtualinvoke $r2.<java.lang.Object: java.lang.String toString()>() in method <com.adobe.marketing.mobile.MatcherEquals: java.lang.String toString()>
[main] INFO soot.jimple.infoflow.android.SetupApplication$InPlaceInfoflow - - $i0 = virtualinvoke $r0.<java.lang.Object: int hashCode()>() in method <com.bumptech.glide.load.model.ModelCache$ModelKey: int hashCode()>
[main] INFO soot.jimple.infoflow.android.SetupApplication$InPlaceInfoflow - - $i1 = virtualinvoke $r0.<java.lang.Object: int hashCode()>() in method <kotlin.reflect.jvm.internal.impl.serialization.deserialization.IncompatibleVersionErrorData: int hashCode()>
[main] INFO soot.jimple.infoflow.android.SetupApplication$InPlaceInfoflow - - $i1 = virtualinvoke $r0.<java.lang.Object: int hashCode()>() in method <lu.bgl.spm.data.domain.directinvest.DirectInvestContractDetailFragmentAdapterData: int hashCode()>
[main] INFO soot.jimple.infoflow.android.SetupApplication$InPlaceInfoflow - - $r3 = virtualinvoke $r2.<java.lang.Object: java.lang.String toString()>() in method <com.adobe.marketing.mobile.MatcherNotEquals: java.lang.String toString()>
[main] INFO soot.jimple.infoflow.android.SetupApplication$InPlaceInfoflow - - $i0 = virtualinvoke $r0.<java.lang.Object: int hashCode()>() in method <kotlin.time.TimedValue: int hashCode()>
[main] INFO soot.jimple.infoflow.android.SetupApplication$InPlaceInfoflow - - $i1 = virtualinvoke $r0.<java.lang.Object: int hashCode()>() in method <com.squareup.moshi.LinkedHashTreeMap$Node: int hashCode()>
[main] INFO soot.jimple.infoflow.android.SetupApplication$InPlaceInfoflow - - $i0 = virtualinvoke $r0.<java.lang.Object: int hashCode()>() in method <kotlin.reflect.jvm.internal.impl.storage.LockBasedStorageManager$KeyWithComputation: int hashCode()>
[main] INFO soot.jimple.infoflow.android.SetupApplication$InPlaceInfoflow - - $i1 = virtualinvoke $r1.<java.lang.Object: int hashCode()>() in method <lu.bgl.spm.data.domain.portfolio.PortfolioMainAdapterData: int hashCode()>
[main] INFO soot.jimple.infoflow.android.SetupApplication$InPlaceInfoflow - - $r0 = virtualinvoke $r1.<java.lang.Object: java.lang.String toString()>() in method <com.fasterxml.jackson.databind.util.ClassUtil: java.lang.String nullOrToString(java.lang.Object)>
[main] INFO soot.jimple.infoflow.android.SetupApplication$InPlaceInfoflow - - $i0 = virtualinvoke $r0.<java.lang.Object: int hashCode()>() in method <lu.bgl.spm.data.domain.directinvest.DirectInvestContractDetailFragmentAdapterData: int hashCode()>
[main] INFO soot.jimple.infoflow.android.SetupApplication$InPlaceInfoflow - - $i1 = virtualinvoke $r2.<java.lang.Object: int hashCode()>() in method <kotlin.collections.builders.MapBuilder$EntriesItr: int nextHashCode$kotlin_stdlib()>
[main] INFO soot.jimple.infoflow.android.SetupApplication$InPlaceInfoflow - - $i0 = virtualinvoke $r4.<java.lang.Object: int hashCode()>() in method <kotlin.reflect.jvm.internal.calls.AnnotationConstructorCallerKt$createAnnotationInstance$hashCode$2: java.lang.Integer invoke()>
[main] INFO soot.jimple.infoflow.android.SetupApplication$InPlaceInfoflow - - $r3 = virtualinvoke $r2.<java.lang.Object: java.lang.String toString()>() in method <com.adobe.marketing.mobile.MatcherGreaterThanOrEqual: java.lang.String toString()>
[main] INFO soot.jimple.infoflow.android.SetupApplication$InPlaceInfoflow - - $i1 = virtualinvoke $r0.<java.lang.Object: int hashCode()>() in method <com.bumptech.glide.util.Util: int hashCode(java.lang.Object,int)>
[main] INFO soot.jimple.infoflow.android.SetupApplication$InPlaceInfoflow - - $i0 = virtualinvoke $r0.<java.lang.Object: int hashCode()>() in method <kotlin.collections.builders.MapBuilder$EntryRef: int hashCode()>
[main] INFO soot.jimple.infoflow.android.SetupApplication$InPlaceInfoflow - - $i1 = virtualinvoke $r0.<java.lang.Object: int hashCode()>() in method <kotlin.reflect.jvm.internal.impl.protobuf.SmallSortedMap$Entry: int hashCode()>
[main] INFO soot.jimple.infoflow.android.SetupApplication$InPlaceInfoflow - - $i0 = virtualinvoke $r0.<java.lang.Object: int hashCode()>() in method <com.bumptech.glide.load.engine.EngineKey: int hashCode()>
[main] INFO soot.jimple.infoflow.android.SetupApplication$InPlaceInfoflow - - $r0 = virtualinvoke $r3.<android.content.Context: java.lang.String getPackageName()>() in method <com.onetrust.otpublishers.headless.Internal.Helper.q: void a(java.lang.String,int)>
[main] INFO soot.jimple.infoflow.android.SetupApplication$InPlaceInfoflow - - $i0 = virtualinvoke $r0.<java.lang.Object: int hashCode()>() in method <kotlinx.serialization.internal.MapEntrySerializer$MapEntry: int hashCode()>
[main] INFO soot.jimple.infoflow.android.SetupApplication$InPlaceInfoflow - - $i0 = virtualinvoke $r0.<java.lang.Object: int hashCode()>() in method <com.fasterxml.jackson.databind.node.POJONode: int hashCode()>
[main] INFO soot.jimple.infoflow.android.SetupApplication$InPlaceInfoflow - - $r3 = virtualinvoke $r2.<java.lang.Object: java.lang.String toString()>() in method <com.adobe.marketing.mobile.MatcherLessThanOrEqual: java.lang.String toString()>
[main] INFO soot.jimple.infoflow.android.SetupApplication$InPlaceInfoflow - - $i0 = virtualinvoke $r0.<java.lang.Object: int hashCode()>() in method <com.squareup.moshi.LinkedHashTreeMap$Node: int hashCode()>
[main] INFO soot.jimple.infoflow.android.SetupApplication$InPlaceInfoflow - - $i0 = virtualinvoke $r0.<java.lang.Object: int hashCode()>() in method <rx.schedulers.TimeInterval: int hashCode()>
[main] INFO soot.jimple.infoflow.android.SetupApplication$InPlaceInfoflow - - $i2 = virtualinvoke $r1.<java.lang.Object: int hashCode()>() in method <lu.bgl.spm.dataLayer.core.models.network.NetworkServiceResponse: int hashCode()>
[main] INFO soot.jimple.infoflow.android.SetupApplication$InPlaceInfoflow - - $i0 = virtualinvoke $r0.<java.lang.Object: int hashCode()>() in method <rx.schedulers.Timestamped: int hashCode()>
[main] INFO soot.jimple.infoflow.android.SetupApplication$InPlaceInfoflow - - $r1 = virtualinvoke $r0.<java.lang.Object: java.lang.String toString()>() in method <com.fasterxml.jackson.databind.introspect.POJOPropertyBuilder$Linked: java.lang.String toString()>
[main] INFO soot.jimple.infoflow.android.SetupApplication$InPlaceInfoflow - - $i0 = virtualinvoke $r2.<java.lang.Object: int hashCode()>() in method <kotlin.collections.builders.MapBuilder$EntriesItr: int nextHashCode$kotlin_stdlib()>
[main] INFO soot.jimple.infoflow.android.SetupApplication$InPlaceInfoflow - - $r3 = virtualinvoke $r2.<java.lang.Object: java.lang.String toString()>() in method <kotlin.reflect.jvm.internal.impl.types.IntersectionTypeConstructor$makeDebugNameForIntersectionType$3: java.lang.CharSequence invoke(kotlin.reflect.jvm.internal.impl.types.KotlinType)>
[main] INFO soot.jimple.infoflow.android.SetupApplication$InPlaceInfoflow - - $i0 = virtualinvoke $r0.<java.lang.Object: int hashCode()>() in method <com.fasterxml.jackson.annotation.JacksonInject$Value: int hashCode()>
[main] INFO soot.jimple.infoflow.android.SetupApplication$InPlaceInfoflow - - $i0 = virtualinvoke $r0.<java.lang.Object: int hashCode()>() in method <kotlin.reflect.jvm.internal.impl.types.typesApproximation.ApproximationBounds: int hashCode()>
[main] INFO soot.jimple.infoflow.android.SetupApplication$InPlaceInfoflow - - $r3 = virtualinvoke $r2.<java.lang.Object: java.lang.String toString()>() in method <com.adobe.marketing.mobile.MatcherNotContains: java.lang.String toString()>
[main] INFO soot.jimple.infoflow.android.SetupApplication$InPlaceInfoflow - - $i1 = virtualinvoke $r0.<java.lang.Object: int hashCode()>() in method <kotlin.collections.IndexedValue: int hashCode()>
[main] INFO soot.jimple.infoflow.android.SetupApplication$InPlaceInfoflow - - $i0 = virtualinvoke $r0.<java.lang.Object: int hashCode()>() in method <com.bumptech.glide.signature.ObjectKey: int hashCode()>
[main] INFO soot.jimple.infoflow.android.SetupApplication$InPlaceInfoflow - - $i0 = virtualinvoke $r0.<java.lang.Object: int hashCode()>() in method <com.squareup.moshi.internal.Util: int hashCodeOrZero(java.lang.Object)>
[main] INFO soot.jimple.infoflow.android.SetupApplication$InPlaceInfoflow - - $r0 = virtualinvoke $r1.<java.lang.Object: java.lang.String toString()>() in method <com.fasterxml.jackson.databind.node.POJONode: java.lang.String asText()>
[main] INFO soot.jimple.infoflow.android.SetupApplication$InPlaceInfoflow - - $i1 = virtualinvoke $r0.<java.lang.Object: int hashCode()>() in method <lu.bgl.spm.data.models.portfolio.PortfolioModel$MultiMapKey4Values: int hashCode()>
[main] INFO soot.jimple.infoflow.android.SetupApplication$InPlaceInfoflow - - $i1 = virtualinvoke $r0.<java.lang.Object: int hashCode()>() in method <kotlinx.serialization.internal.MapEntrySerializer$MapEntry: int hashCode()>
[main] INFO soot.jimple.infoflow.android.SetupApplication$InPlaceInfoflow - - $i0 = virtualinvoke $r2.<java.lang.Object: int hashCode()>() in method <lu.bgl.spm.data.domain.portfolio.PortfolioPositionData: int hashCode()>
[main] INFO soot.jimple.infoflow.android.SetupApplication$InPlaceInfoflow - - $r3 = virtualinvoke $r2.<java.lang.Object: java.lang.String toString()>() in method <com.adobe.marketing.mobile.MatcherContains: java.lang.String toString()>
[main] INFO soot.jimple.infoflow.android.SetupApplication$InPlaceInfoflow - - $i0 = virtualinvoke $r0.<java.lang.Object: int hashCode()>() in method <kotlinx.coroutines.CompletedContinuation: int hashCode()>
[main] INFO soot.jimple.infoflow.android.SetupApplication$InPlaceInfoflow - - $i1 = virtualinvoke $r0.<java.lang.Object: int hashCode()>() in method <kotlin.Triple: int hashCode()>
[main] INFO soot.jimple.infoflow.android.SetupApplication$InPlaceInfoflow - - $i0 = virtualinvoke $r0.<java.lang.Object: int hashCode()>() in method <kotlin.Result: int hashCode-impl(java.lang.Object)>
[main] INFO soot.jimple.infoflow.android.SetupApplication$InPlaceInfoflow - - $i2 = virtualinvoke $r1.<java.lang.Object: int hashCode()>() in method <lu.bgl.spm.domainLayer.core.models.Teaser: int hashCode()>
[main] INFO soot.jimple.infoflow.android.SetupApplication$InPlaceInfoflow - - $r2 = virtualinvoke $r5.<java.lang.Object: java.lang.String toString()>() in method <kotlinx.coroutines.channels.BufferedChannel: java.lang.String toString()>
[main] INFO soot.jimple.infoflow.android.SetupApplication$InPlaceInfoflow - - $i0 = virtualinvoke $r0.<java.lang.Object: int hashCode()>() in method <kotlin.jvm.internal.TypeParameterReference: int hashCode()>
[main] INFO soot.jimple.infoflow.android.SetupApplication$InPlaceInfoflow - The sink virtualinvoke this.<lu.bgl.spm.core.activities.DrawerActivity: void startActivity(android.content.Intent)>($r0) in method <lu.bgl.spm.core.activities.DrawerActivity: void refreshActivity()> was called with values from the following sources:
[main] INFO soot.jimple.infoflow.android.SetupApplication$InPlaceInfoflow - - $r0 = virtualinvoke this.<lu.bgl.spm.core.activities.DrawerActivity: android.content.Intent getIntent()>() in method <lu.bgl.spm.core.activities.DrawerActivity: void refreshActivity()>
[main] INFO soot.jimple.infoflow.android.SetupApplication$InPlaceInfoflow - The sink staticinvoke <android.util.Log: int i(java.lang.String,java.lang.String)>($r5, $r3) in method <com.journeyapps.barcodescanner.camera.AutoFocusManager: void <init>(android.hardware.Camera,com.journeyapps.barcodescanner.camera.CameraSettings)> was called with values from the following sources:
[main] INFO soot.jimple.infoflow.android.SetupApplication$InPlaceInfoflow - - $r3 = virtualinvoke $r2.<android.hardware.Camera$Parameters: java.lang.String getFocusMode()>() in method <com.journeyapps.barcodescanner.camera.AutoFocusManager: void <init>(android.hardware.Camera,com.journeyapps.barcodescanner.camera.CameraSettings)>
[main] INFO soot.jimple.infoflow.android.SetupApplication$InPlaceInfoflow - The sink staticinvoke <android.util.Log: int w(java.lang.String,java.lang.String)>("DrawableToBitmap", $r3) in method <com.bumptech.glide.load.resource.bitmap.DrawableToBitmapConverter: android.graphics.Bitmap drawToBitmap(com.bumptech.glide.load.engine.bitmap_recycle.BitmapPool,android.graphics.drawable.Drawable,int,int)> was called with values from the following sources:
[main] INFO soot.jimple.infoflow.android.SetupApplication$InPlaceInfoflow - - $r0 = virtualinvoke $r0.<android.graphics.drawable.Drawable: android.graphics.drawable.Drawable getCurrent()>() in method <com.bumptech.glide.load.resource.bitmap.DrawableToBitmapConverter: com.bumptech.glide.load.engine.Resource convert(com.bumptech.glide.load.engine.bitmap_recycle.BitmapPool,android.graphics.drawable.Drawable,int,int)>
[main] INFO soot.jimple.infoflow.android.SetupApplication$InPlaceInfoflow - - $r0 = virtualinvoke $r0.<android.graphics.drawable.Drawable: android.graphics.drawable.Drawable getCurrent()>() in method <com.bumptech.glide.request.target.FixedSizeDrawable: android.graphics.drawable.Drawable getCurrent()>
[main] INFO soot.jimple.infoflow.android.SetupApplication$InPlaceInfoflow - The sink virtualinvoke this.<lu.bgl.spm.core.activities.generic.signature.App2AppActivity: void startActivity(android.content.Intent)>($r8) in method <lu.bgl.spm.core.activities.generic.signature.App2AppActivity: void handleIntent(android.content.Intent)> was called with values from the following sources:
[main] INFO soot.jimple.infoflow.android.SetupApplication$InPlaceInfoflow - - $r2 = virtualinvoke $r0.<android.content.Intent: java.lang.String getAction()>() in method <lu.bgl.spm.core.activities.generic.signature.App2AppActivity: void handleIntent(android.content.Intent)>
[main] INFO soot.jimple.infoflow.android.SetupApplication$InPlaceInfoflow - - $r1 = virtualinvoke $r0.<android.content.Intent: android.net.Uri getData()>() in method <lu.bgl.spm.core.activities.generic.signature.App2AppActivity: void handleIntent(android.content.Intent)>
[main] INFO soot.jimple.infoflow.android.SetupApplication$InPlaceInfoflow - The sink virtualinvoke $r0.<android.media.MediaMetadataRetriever: void setDataSource(java.io.FileDescriptor)>($r1) in method <com.bumptech.glide.load.resource.bitmap.VideoDecoder$ParcelFileDescriptorInitializer: void initialize(android.media.MediaMetadataRetriever,android.os.ParcelFileDescriptor)> was called with values from the following sources:
[main] INFO soot.jimple.infoflow.android.SetupApplication$InPlaceInfoflow - - $r1 = virtualinvoke $r2.<android.os.ParcelFileDescriptor: java.io.FileDescriptor getFileDescriptor()>() in method <com.bumptech.glide.load.resource.bitmap.VideoDecoder$ParcelFileDescriptorInitializer: void initialize(android.media.MediaMetadataRetriever,android.os.ParcelFileDescriptor)>
[main] INFO soot.jimple.infoflow.android.SetupApplication$InPlaceInfoflow - The sink virtualinvoke $r3.<android.app.Activity: void setResult(int,android.content.Intent)>(-1, $r2) in method <com.journeyapps.barcodescanner.CaptureManager: void returnResult(com.journeyapps.barcodescanner.BarcodeResult)> was called with values from the following sources:
[main] INFO soot.jimple.infoflow.android.SetupApplication$InPlaceInfoflow - - $r3 = virtualinvoke $r2.<java.lang.Object: java.lang.String toString()>() in method <com.adobe.marketing.mobile.MatcherGreaterThan: java.lang.String toString()>
[main] INFO soot.jimple.infoflow.android.SetupApplication$InPlaceInfoflow - - $r3 = virtualinvoke $r2.<java.lang.Object: java.lang.String toString()>() in method <com.adobe.marketing.mobile.MatcherNotEquals: java.lang.String toString()>
[main] INFO soot.jimple.infoflow.android.SetupApplication$InPlaceInfoflow - - $r3 = virtualinvoke $r2.<java.lang.Object: java.lang.String toString()>() in method <com.adobe.marketing.mobile.MatcherNotContains: java.lang.String toString()>
[main] INFO soot.jimple.infoflow.android.SetupApplication$InPlaceInfoflow - - $r4 = virtualinvoke $r0.<java.lang.Object: java.lang.String toString()>() in method <com.adobe.marketing.mobile.ContextData: java.lang.String toString()>
[main] INFO soot.jimple.infoflow.android.SetupApplication$InPlaceInfoflow - - $r2 = virtualinvoke $r7.<java.lang.Object: java.lang.String toString()>() in method <com.journeyapps.barcodescanner.CaptureManager: android.content.Intent resultIntent(com.journeyapps.barcodescanner.BarcodeResult,java.lang.String)>
[main] INFO soot.jimple.infoflow.android.SetupApplication$InPlaceInfoflow - - $r3 = virtualinvoke $r2.<java.lang.Object: java.lang.String toString()>() in method <com.adobe.marketing.mobile.MatcherGreaterThanOrEqual: java.lang.String toString()>
[main] INFO soot.jimple.infoflow.android.SetupApplication$InPlaceInfoflow - - $r3 = virtualinvoke $r2.<java.lang.Object: java.lang.String toString()>() in method <com.adobe.marketing.mobile.MatcherLessThan: java.lang.String toString()>
[main] INFO soot.jimple.infoflow.android.SetupApplication$InPlaceInfoflow - - $r3 = virtualinvoke $r2.<java.lang.Object: java.lang.String toString()>() in method <com.adobe.marketing.mobile.MatcherStartsWith: java.lang.String toString()>
[main] INFO soot.jimple.infoflow.android.SetupApplication$InPlaceInfoflow - - $r3 = virtualinvoke $r2.<java.lang.Object: java.lang.String toString()>() in method <com.adobe.marketing.mobile.MatcherEndsWith: java.lang.String toString()>
[main] INFO soot.jimple.infoflow.android.SetupApplication$InPlaceInfoflow - - $r3 = virtualinvoke $r2.<java.lang.Object: java.lang.String toString()>() in method <com.adobe.marketing.mobile.MatcherContains: java.lang.String toString()>
[main] INFO soot.jimple.infoflow.android.SetupApplication$InPlaceInfoflow - - $r3 = virtualinvoke $r2.<java.lang.Object: java.lang.String toString()>() in method <com.adobe.marketing.mobile.MatcherLessThanOrEqual: java.lang.String toString()>
[main] INFO soot.jimple.infoflow.android.SetupApplication$InPlaceInfoflow - - $r2 = virtualinvoke $r5.<java.lang.Object: java.lang.String toString()>() in method <kotlinx.coroutines.channels.BufferedChannel: java.lang.String toString()>
[main] INFO soot.jimple.infoflow.android.SetupApplication$InPlaceInfoflow - - $r3 = virtualinvoke $r2.<java.lang.Object: java.lang.String toString()>() in method <com.adobe.marketing.mobile.MatcherEquals: java.lang.String toString()>
[main] INFO soot.jimple.infoflow.android.SetupApplication$InPlaceInfoflow - The sink $i2 = staticinvoke <android.util.Log: int w(java.lang.String,java.lang.String)>($r0, $r1) in method <com.onetrust.otpublishers.headless.Internal.Log.OTLogger: int a(java.lang.String,int,java.lang.String)> was called with values from the following sources:
[main] INFO soot.jimple.infoflow.android.SetupApplication$InPlaceInfoflow - - $i2 = virtualinvoke $r0.<java.lang.Object: int hashCode()>() in method <kotlin.Triple: int hashCode()>
[main] INFO soot.jimple.infoflow.android.SetupApplication$InPlaceInfoflow - - $i1 = virtualinvoke $r0.<java.lang.Object: int hashCode()>() in method <com.fasterxml.jackson.core.JsonLocation: int hashCode()>
[main] INFO soot.jimple.infoflow.android.SetupApplication$InPlaceInfoflow - - $i0 = virtualinvoke $r0.<java.lang.Object: int hashCode()>() in method <com.fasterxml.jackson.databind.util.RawValue: int hashCode()>
[main] INFO soot.jimple.infoflow.android.SetupApplication$InPlaceInfoflow - - $i0 = virtualinvoke $r1.<java.lang.Object: int hashCode()>() in method <com.medallia.digital.mobilesdk.CustomParameter: int hashCode()>
[main] INFO soot.jimple.infoflow.android.SetupApplication$InPlaceInfoflow - - $i1 = virtualinvoke $r0.<java.lang.Object: int hashCode()>() in method <kotlin.reflect.jvm.internal.impl.serialization.deserialization.IncompatibleVersionErrorData: int hashCode()>
[main] INFO soot.jimple.infoflow.android.SetupApplication$InPlaceInfoflow - - $i0 = virtualinvoke $r0.<java.lang.Object: int hashCode()>() in method <kotlin.reflect.jvm.internal.impl.resolve.constants.ConstantValue: int hashCode()>
[main] INFO soot.jimple.infoflow.android.SetupApplication$InPlaceInfoflow - - $i0 = virtualinvoke $r0.<java.lang.Object: int hashCode()>() in method <kotlin.reflect.jvm.internal.impl.serialization.deserialization.IncompatibleVersionErrorData: int hashCode()>
[main] INFO soot.jimple.infoflow.android.SetupApplication$InPlaceInfoflow - - $r0 = virtualinvoke $r5.<java.lang.Object: java.lang.String toString()>() in method <com.onetrust.otpublishers.headless.Internal.Helper.v: void a(java.lang.String,boolean)>
[main] INFO soot.jimple.infoflow.android.SetupApplication$InPlaceInfoflow - - $i1 = virtualinvoke $r0.<java.lang.Object: int hashCode()>() in method <io.reactivex.schedulers.Timed: int hashCode()>
[main] INFO soot.jimple.infoflow.android.SetupApplication$InPlaceInfoflow - - $i0 = virtualinvoke $r0.<java.lang.Object: int hashCode()>() in method <lu.bgl.spm.data.models.portfolio.PortfolioModel$MultiMapKey4Values: int hashCode()>
[main] INFO soot.jimple.infoflow.android.SetupApplication$InPlaceInfoflow - - $r4 = virtualinvoke $r0.<java.lang.Object: java.lang.String toString()>() in method <com.adobe.marketing.mobile.ContextData: java.lang.String toString()>
[main] INFO soot.jimple.infoflow.android.SetupApplication$InPlaceInfoflow - - $r11 = virtualinvoke $r10.<java.lang.Object: java.lang.String toString()>() in method <com.onetrust.otpublishers.headless.UI.adapter.d: void a(org.json.JSONObject,com.onetrust.otpublishers.headless.UI.adapter.d$a,java.lang.String,android.view.View)>
[main] INFO soot.jimple.infoflow.android.SetupApplication$InPlaceInfoflow - - $r8 = virtualinvoke $r6.<java.lang.Object: java.lang.String toString()>() in method <com.onetrust.otpublishers.headless.Internal.Helper.n: void a(android.content.SharedPreferences,org.json.JSONObject,com.onetrust.otpublishers.headless.Internal.Models.d)>
[main] INFO soot.jimple.infoflow.android.SetupApplication$InPlaceInfoflow - - $i1 = virtualinvoke $r1.<java.lang.Object: int hashCode()>() in method <lu.bgl.spm.data.domain.directinvest.DirectInvestSimulationFragmentAdapterData: int hashCode()>
[main] INFO soot.jimple.infoflow.android.SetupApplication$InPlaceInfoflow - - $r12 = virtualinvoke $r11.<java.lang.Object: java.lang.String toString()>() in method <com.onetrust.otpublishers.headless.cmp.ui.adapters.b: void a(org.json.JSONObject,com.onetrust.otpublishers.headless.cmp.ui.adapters.b,com.onetrust.otpublishers.headless.cmp.ui.adapters.b$a,java.lang.String,android.view.View)>
[main] INFO soot.jimple.infoflow.android.SetupApplication$InPlaceInfoflow - - $i1 = virtualinvoke $r0.<java.lang.Object: int hashCode()>() in method <kotlin.reflect.jvm.internal.impl.types.typesApproximation.ApproximationBounds: int hashCode()>
[main] INFO soot.jimple.infoflow.android.SetupApplication$InPlaceInfoflow - - $i2 = virtualinvoke $r1.<java.lang.Object: int hashCode()>() in method <lu.bgl.spm.data.domain.directinvest.DirectInvestSimulationFragmentAdapterData: int hashCode()>
[main] INFO soot.jimple.infoflow.android.SetupApplication$InPlaceInfoflow - - $r2 = virtualinvoke $r1.<java.lang.Object: java.lang.String toString()>() in method <rx.schedulers.Timestamped: java.lang.String toString()>
[main] INFO soot.jimple.infoflow.android.SetupApplication$InPlaceInfoflow - - $r4 = virtualinvoke $r6.<java.lang.Object: java.lang.String toString()>() in method <com.onetrust.otpublishers.headless.Public.OTPublishersHeadlessSDK: void updateAllSDKConsentStatus(org.json.JSONArray,boolean)>
[main] INFO soot.jimple.infoflow.android.SetupApplication$InPlaceInfoflow - - $r11 = virtualinvoke $r10.<android.content.Context: android.content.pm.ApplicationInfo getApplicationInfo()>() in method <com.onetrust.otpublishers.headless.Internal.Models.c: void a(java.lang.String,java.lang.String,java.lang.String,org.json.JSONObject)>
[main] INFO soot.jimple.infoflow.android.SetupApplication$InPlaceInfoflow - - $r13 = virtualinvoke $r1.<java.lang.Object: java.lang.String toString()>() in method <kotlin.reflect.jvm.internal.calls.AnnotationConstructorCallerKt$createAnnotationInstance$toString$2$1$1: java.lang.CharSequence invoke(java.util.Map$Entry)>
[main] INFO soot.jimple.infoflow.android.SetupApplication$InPlaceInfoflow - - $i0 = virtualinvoke $r0.<java.lang.Object: int hashCode()>() in method <kotlin.reflect.jvm.internal.impl.storage.LockBasedStorageManager$KeyWithComputation: int hashCode()>
[main] INFO soot.jimple.infoflow.android.SetupApplication$InPlaceInfoflow - - $r0 = virtualinvoke $r1.<java.lang.Object: java.lang.String toString()>() in method <com.fasterxml.jackson.databind.util.ClassUtil: java.lang.String nullOrToString(java.lang.Object)>
[main] INFO soot.jimple.infoflow.android.SetupApplication$InPlaceInfoflow - - $i0 = virtualinvoke $r4.<java.lang.Object: int hashCode()>() in method <kotlin.reflect.jvm.internal.calls.AnnotationConstructorCallerKt$createAnnotationInstance$hashCode$2: java.lang.Integer invoke()>
[main] INFO soot.jimple.infoflow.android.SetupApplication$InPlaceInfoflow - - $r3 = virtualinvoke $r2.<java.lang.Object: java.lang.String toString()>() in method <com.adobe.marketing.mobile.MatcherGreaterThanOrEqual: java.lang.String toString()>
[main] INFO soot.jimple.infoflow.android.SetupApplication$InPlaceInfoflow - - $i1 = virtualinvoke $r0.<java.lang.Object: int hashCode()>() in method <com.bumptech.glide.util.Util: int hashCode(java.lang.Object,int)>
[main] INFO soot.jimple.infoflow.android.SetupApplication$InPlaceInfoflow - - $r0 = virtualinvoke $r4.<java.lang.Object: java.lang.String toString()>() in method <com.onetrust.otpublishers.headless.UI.fragment.f: void a(java.lang.String,boolean)>
[main] INFO soot.jimple.infoflow.android.SetupApplication$InPlaceInfoflow - - $i0 = virtualinvoke $r0.<java.lang.Object: int hashCode()>() in method <kotlin.collections.builders.MapBuilder$EntryRef: int hashCode()>
[main] INFO soot.jimple.infoflow.android.SetupApplication$InPlaceInfoflow - - $r3 = virtualinvoke $r2.<java.lang.Object: java.lang.String toString()>() in method <com.adobe.marketing.mobile.MatcherLessThanOrEqual: java.lang.String toString()>
[main] INFO soot.jimple.infoflow.android.SetupApplication$InPlaceInfoflow - - $i0 = virtualinvoke $r0.<java.lang.Object: int hashCode()>() in method <com.squareup.moshi.LinkedHashTreeMap$Node: int hashCode()>
[main] INFO soot.jimple.infoflow.android.SetupApplication$InPlaceInfoflow - - $i0 = virtualinvoke $r0.<java.lang.Object: int hashCode()>() in method <com.fasterxml.jackson.annotation.JacksonInject$Value: int hashCode()>
[main] INFO soot.jimple.infoflow.android.SetupApplication$InPlaceInfoflow - - $r3 = virtualinvoke $r2.<java.lang.Object: java.lang.String toString()>() in method <com.adobe.marketing.mobile.MatcherNotContains: java.lang.String toString()>
[main] INFO soot.jimple.infoflow.android.SetupApplication$InPlaceInfoflow - - $i1 = virtualinvoke $r0.<java.lang.Object: int hashCode()>() in method <kotlin.collections.IndexedValue: int hashCode()>
[main] INFO soot.jimple.infoflow.android.SetupApplication$InPlaceInfoflow - - $i0 = virtualinvoke $r0.<java.lang.Object: int hashCode()>() in method <com.squareup.moshi.internal.Util: int hashCodeOrZero(java.lang.Object)>
[main] INFO soot.jimple.infoflow.android.SetupApplication$InPlaceInfoflow - - $i1 = virtualinvoke $r0.<java.lang.Object: int hashCode()>() in method <lu.bgl.spm.data.models.portfolio.PortfolioModel$MultiMapKey4Values: int hashCode()>
[main] INFO soot.jimple.infoflow.android.SetupApplication$InPlaceInfoflow - - $i0 = virtualinvoke $r2.<java.lang.Object: int hashCode()>() in method <lu.bgl.spm.data.domain.portfolio.PortfolioPositionData: int hashCode()>
[main] INFO soot.jimple.infoflow.android.SetupApplication$InPlaceInfoflow - - $r3 = virtualinvoke $r2.<java.lang.Object: java.lang.String toString()>() in method <com.adobe.marketing.mobile.MatcherContains: java.lang.String toString()>
[main] INFO soot.jimple.infoflow.android.SetupApplication$InPlaceInfoflow - - $r0 = virtualinvoke $r4.<java.lang.Object: java.lang.String toString()>() in method <com.onetrust.otpublishers.headless.cmp.ui.fragments.a: void a(java.lang.String,boolean)>
[main] INFO soot.jimple.infoflow.android.SetupApplication$InPlaceInfoflow - - $r0 = virtualinvoke $r10.<java.lang.Object: java.lang.String toString()>() in method <com.onetrust.otpublishers.headless.UI.adapter.c: void a(java.lang.String,java.lang.String,boolean,boolean)>
[main] INFO soot.jimple.infoflow.android.SetupApplication$InPlaceInfoflow - - $r2 = virtualinvoke $r5.<java.lang.Object: java.lang.String toString()>() in method <kotlinx.coroutines.channels.BufferedChannel: java.lang.String toString()>
[main] INFO soot.jimple.infoflow.android.SetupApplication$InPlaceInfoflow - - $r2 = virtualinvoke $r12.<java.lang.Object: java.lang.String toString()>() in method <com.onetrust.otpublishers.headless.Internal.Helper.c0: void a(android.content.Context,java.lang.String)>
[main] INFO soot.jimple.infoflow.android.SetupApplication$InPlaceInfoflow - - $r11 = virtualinvoke $r1.<java.lang.Object: java.lang.String toString()>() in method <com.onetrust.otpublishers.headless.UI.fragment.i: void a()>
[main] INFO soot.jimple.infoflow.android.SetupApplication$InPlaceInfoflow - - $i0 = virtualinvoke $r2.<java.lang.Object: int hashCode()>() in method <kotlin.collections.AbstractSet$Companion: int unorderedHashCode$kotlin_stdlib(java.util.Collection)>
[main] INFO soot.jimple.infoflow.android.SetupApplication$InPlaceInfoflow - - $i2 = virtualinvoke $r1.<java.lang.Object: int hashCode()>() in method <lu.bgl.spm.dataLayer.remote.core.models.Teaser: int hashCode()>
[main] INFO soot.jimple.infoflow.android.SetupApplication$InPlaceInfoflow - - $r3 = virtualinvoke $r5.<java.lang.Object: java.lang.String toString()>() in method <com.fasterxml.jackson.databind.deser.std.StringDeserializer: java.lang.String deserialize(com.fasterxml.jackson.core.JsonParser,com.fasterxml.jackson.databind.DeserializationContext)>
[main] INFO soot.jimple.infoflow.android.SetupApplication$InPlaceInfoflow - - $i1 = virtualinvoke $r1.<java.lang.Object: int hashCode()>() in method <coil.request.ImageRequest: int hashCode()>
[main] INFO soot.jimple.infoflow.android.SetupApplication$InPlaceInfoflow - - $i0 = virtualinvoke $r0.<java.lang.Object: int hashCode()>() in method <kotlinx.coroutines.internal.InlineList: int hashCode-impl(java.lang.Object)>
[main] INFO soot.jimple.infoflow.android.SetupApplication$InPlaceInfoflow - - $i1 = virtualinvoke $r0.<java.lang.Object: int hashCode()>() in method <kotlinx.coroutines.CompletedContinuation: int hashCode()>
[main] INFO soot.jimple.infoflow.android.SetupApplication$InPlaceInfoflow - - $i0 = virtualinvoke $r0.<java.lang.Object: int hashCode()>() in method <kotlin.Pair: int hashCode()>
[main] INFO soot.jimple.infoflow.android.SetupApplication$InPlaceInfoflow - - $i0 = virtualinvoke $r0.<java.lang.Object: int hashCode()>() in method <kotlin.Triple: int hashCode()>
[main] INFO soot.jimple.infoflow.android.SetupApplication$InPlaceInfoflow - - $i0 = virtualinvoke $r0.<java.lang.Object: int hashCode()>() in method <kotlinx.coroutines.channels.ChannelResult: int hashCode-impl(java.lang.Object)>
[main] INFO soot.jimple.infoflow.android.SetupApplication$InPlaceInfoflow - - $r3 = virtualinvoke $r2.<java.lang.Object: java.lang.String toString()>() in method <com.adobe.marketing.mobile.MatcherStartsWith: java.lang.String toString()>
[main] INFO soot.jimple.infoflow.android.SetupApplication$InPlaceInfoflow - - $r3 = virtualinvoke $r2.<java.lang.Object: java.lang.String toString()>() in method <com.adobe.marketing.mobile.MatcherEndsWith: java.lang.String toString()>
[main] INFO soot.jimple.infoflow.android.SetupApplication$InPlaceInfoflow - - $r0 = virtualinvoke $r4.<java.lang.Object: java.lang.String toString()>() in method <com.onetrust.otpublishers.headless.Internal.Helper.i0: org.json.JSONArray b(java.lang.String)>
[main] INFO soot.jimple.infoflow.android.SetupApplication$InPlaceInfoflow - - $r0 = virtualinvoke this.<com.bumptech.glide.manager.RequestManagerFragment: android.app.Fragment getParentFragment()>() in method <com.bumptech.glide.manager.RequestManagerFragment: android.app.Fragment getParentFragmentUsingHint()>
[main] INFO soot.jimple.infoflow.android.SetupApplication$InPlaceInfoflow - - $i2 = virtualinvoke $r1.<java.lang.Object: int hashCode()>() in method <lu.bgl.spm.data.models.introduction.Teaser: int hashCode()>
[main] INFO soot.jimple.infoflow.android.SetupApplication$InPlaceInfoflow - - $i1 = virtualinvoke $r0.<java.lang.Object: int hashCode()>() in method <kotlin.Pair: int hashCode()>
[main] INFO soot.jimple.infoflow.android.SetupApplication$InPlaceInfoflow - - $i1 = virtualinvoke $r2.<java.lang.Object: int hashCode()>() in method <kotlin.collections.AbstractList$Companion: int orderedHashCode$kotlin_stdlib(java.util.Collection)>
[main] INFO soot.jimple.infoflow.android.SetupApplication$InPlaceInfoflow - - $r3 = virtualinvoke $r2.<java.lang.Object: java.lang.String toString()>() in method <com.adobe.marketing.mobile.MatcherGreaterThan: java.lang.String toString()>
[main] INFO soot.jimple.infoflow.android.SetupApplication$InPlaceInfoflow - - $i1 = virtualinvoke $r0.<java.lang.Object: int hashCode()>() in method <kotlin.collections.builders.MapBuilder$EntryRef: int hashCode()>
[main] INFO soot.jimple.infoflow.android.SetupApplication$InPlaceInfoflow - - $f0 = virtualinvoke $r2.<android.view.Display: float getRefreshRate()>() in method <com.faltenreich.skeletonlayout.BaseExtensionsKt: float refreshRateInSeconds(android.content.Context)>
[main] INFO soot.jimple.infoflow.android.SetupApplication$InPlaceInfoflow - - $r2 = virtualinvoke $r10.<java.lang.Object: java.lang.String toString()>() in method <com.onetrust.otpublishers.headless.UI.adapter.d: void a(org.json.JSONObject,com.onetrust.otpublishers.headless.UI.adapter.d$a,java.lang.String,android.view.View)>
[main] INFO soot.jimple.infoflow.android.SetupApplication$InPlaceInfoflow - - $i0 = virtualinvoke $r1.<java.lang.Object: int hashCode()>() in method <coil.request.Parameters$Entry: int hashCode()>
[main] INFO soot.jimple.infoflow.android.SetupApplication$InPlaceInfoflow - - $i0 = virtualinvoke $r1.<java.lang.Object: int hashCode()>() in method <kotlin.jvm.internal.AdaptedFunctionReference: int hashCode()>
[main] INFO soot.jimple.infoflow.android.SetupApplication$InPlaceInfoflow - - $r3 = virtualinvoke $r2.<java.lang.Object: java.lang.String toString()>() in method <com.adobe.marketing.mobile.MatcherLessThan: java.lang.String toString()>
[main] INFO soot.jimple.infoflow.android.SetupApplication$InPlaceInfoflow - - $i1 = virtualinvoke $r1.<java.lang.Object: int hashCode()>() in method <rx.Notification: int hashCode()>
[main] INFO soot.jimple.infoflow.android.SetupApplication$InPlaceInfoflow - - $i2 = virtualinvoke $r0.<java.lang.Object: int hashCode()>() in method <kotlin.reflect.jvm.internal.impl.serialization.deserialization.IncompatibleVersionErrorData: int hashCode()>
[main] INFO soot.jimple.infoflow.android.SetupApplication$InPlaceInfoflow - - $i1 = virtualinvoke $r0.<java.lang.Object: int hashCode()>() in method <lu.bgl.spm.data.models.portfolio.PortfolioModel$MultiMapKey4Values: int hashCode()>
[main] INFO soot.jimple.infoflow.android.SetupApplication$InPlaceInfoflow - - $i2 = virtualinvoke $r1.<java.lang.Object: int hashCode()>() in method <kotlin.collections.builders.ListBuilderKt: int subarrayContentHashCode(java.lang.Object[],int,int)>
[main] INFO soot.jimple.infoflow.android.SetupApplication$InPlaceInfoflow - - $i0 = virtualinvoke $r0.<java.lang.Object: int hashCode()>() in method <kotlinx.coroutines.internal.SegmentOrClosed: int hashCode-impl(java.lang.Object)>
[main] INFO soot.jimple.infoflow.android.SetupApplication$InPlaceInfoflow - - $r5 = virtualinvoke $r8.<java.lang.Object: java.lang.String toString()>() in method <com.onetrust.otpublishers.headless.Public.OTPublishersHeadlessSDK: void updatePurposeConsent(java.lang.String,boolean,boolean)>
[main] INFO soot.jimple.infoflow.android.SetupApplication$InPlaceInfoflow - - $i1 = virtualinvoke $r0.<java.lang.Object: int hashCode()>() in method <lu.bgl.spm.data.models.portfolio.PortfolioModel$MultiMapKey4Values: int hashCode()>
[main] INFO soot.jimple.infoflow.android.SetupApplication$InPlaceInfoflow - - $i0 = virtualinvoke $r0.<java.lang.Object: int hashCode()>() in method <lu.bgl.spm.domainLayer.payment.models.common.ListItem: int hashCode()>
[main] INFO soot.jimple.infoflow.android.SetupApplication$InPlaceInfoflow - - $i0 = virtualinvoke $r0.<java.lang.Object: int hashCode()>() in method <io.reactivex.Notification: int hashCode()>
[main] INFO soot.jimple.infoflow.android.SetupApplication$InPlaceInfoflow - - $r2 = virtualinvoke $r1.<android.content.res.Resources: android.content.res.Configuration getConfiguration()>() in method <com.onetrust.otpublishers.headless.UI.TVUI.fragments.a: void a()>
[main] INFO soot.jimple.infoflow.android.SetupApplication$InPlaceInfoflow - - $r3 = virtualinvoke $r2.<java.lang.Object: java.lang.String toString()>() in method <com.adobe.marketing.mobile.MatcherEquals: java.lang.String toString()>
[main] INFO soot.jimple.infoflow.android.SetupApplication$InPlaceInfoflow - - $i0 = virtualinvoke $r0.<java.lang.Object: int hashCode()>() in method <com.bumptech.glide.load.model.ModelCache$ModelKey: int hashCode()>
[main] INFO soot.jimple.infoflow.android.SetupApplication$InPlaceInfoflow - - $i1 = virtualinvoke $r0.<java.lang.Object: int hashCode()>() in method <kotlin.reflect.jvm.internal.impl.serialization.deserialization.IncompatibleVersionErrorData: int hashCode()>
[main] INFO soot.jimple.infoflow.android.SetupApplication$InPlaceInfoflow - - $i1 = virtualinvoke $r0.<java.lang.Object: int hashCode()>() in method <lu.bgl.spm.data.domain.directinvest.DirectInvestContractDetailFragmentAdapterData: int hashCode()>
[main] INFO soot.jimple.infoflow.android.SetupApplication$InPlaceInfoflow - - $r3 = virtualinvoke $r2.<java.lang.Object: java.lang.String toString()>() in method <com.adobe.marketing.mobile.MatcherNotEquals: java.lang.String toString()>
[main] INFO soot.jimple.infoflow.android.SetupApplication$InPlaceInfoflow - - $i0 = virtualinvoke $r0.<java.lang.Object: int hashCode()>() in method <kotlin.time.TimedValue: int hashCode()>
[main] INFO soot.jimple.infoflow.android.SetupApplication$InPlaceInfoflow - - $i1 = virtualinvoke $r0.<java.lang.Object: int hashCode()>() in method <com.squareup.moshi.LinkedHashTreeMap$Node: int hashCode()>
[main] INFO soot.jimple.infoflow.android.SetupApplication$InPlaceInfoflow - - $i1 = virtualinvoke $r1.<java.lang.Object: int hashCode()>() in method <lu.bgl.spm.data.domain.portfolio.PortfolioMainAdapterData: int hashCode()>
[main] INFO soot.jimple.infoflow.android.SetupApplication$InPlaceInfoflow - - $i0 = virtualinvoke $r0.<java.lang.Object: int hashCode()>() in method <lu.bgl.spm.data.domain.directinvest.DirectInvestContractDetailFragmentAdapterData: int hashCode()>
[main] INFO soot.jimple.infoflow.android.SetupApplication$InPlaceInfoflow - - $i1 = virtualinvoke $r2.<java.lang.Object: int hashCode()>() in method <kotlin.collections.builders.MapBuilder$EntriesItr: int nextHashCode$kotlin_stdlib()>
[main] INFO soot.jimple.infoflow.android.SetupApplication$InPlaceInfoflow - - $r2 = virtualinvoke $r6.<java.lang.Object: java.lang.String toString()>() in method <com.onetrust.otpublishers.headless.Internal.Helper.s: void a(org.json.JSONObject,java.lang.String,int,int,android.content.Context)>
[main] INFO soot.jimple.infoflow.android.SetupApplication$InPlaceInfoflow - - $r5 = virtualinvoke $r10.<java.lang.Object: java.lang.String toString()>() in method <com.onetrust.otpublishers.headless.UI.fragment.f: void b(androidx.appcompat.widget.SwitchCompat,boolean)>
[main] INFO soot.jimple.infoflow.android.SetupApplication$InPlaceInfoflow - - $i1 = virtualinvoke $r0.<java.lang.Object: int hashCode()>() in method <kotlin.reflect.jvm.internal.impl.protobuf.SmallSortedMap$Entry: int hashCode()>
[main] INFO soot.jimple.infoflow.android.SetupApplication$InPlaceInfoflow - - $i0 = virtualinvoke $r0.<java.lang.Object: int hashCode()>() in method <com.bumptech.glide.load.engine.EngineKey: int hashCode()>
[main] INFO soot.jimple.infoflow.android.SetupApplication$InPlaceInfoflow - - $i0 = virtualinvoke $r0.<java.lang.Object: int hashCode()>() in method <kotlinx.serialization.internal.MapEntrySerializer$MapEntry: int hashCode()>
[main] INFO soot.jimple.infoflow.android.SetupApplication$InPlaceInfoflow - - $i0 = virtualinvoke $r0.<java.lang.Object: int hashCode()>() in method <com.fasterxml.jackson.databind.node.POJONode: int hashCode()>
[main] INFO soot.jimple.infoflow.android.SetupApplication$InPlaceInfoflow - - $i0 = virtualinvoke $r0.<java.lang.Object: int hashCode()>() in method <rx.schedulers.TimeInterval: int hashCode()>
[main] INFO soot.jimple.infoflow.android.SetupApplication$InPlaceInfoflow - - $i2 = virtualinvoke $r1.<java.lang.Object: int hashCode()>() in method <lu.bgl.spm.dataLayer.core.models.network.NetworkServiceResponse: int hashCode()>
[main] INFO soot.jimple.infoflow.android.SetupApplication$InPlaceInfoflow - - $r4 = virtualinvoke $r11.<java.lang.Object: java.lang.String toString()>() in method <com.onetrust.otpublishers.headless.cmp.ui.adapters.b: void a(org.json.JSONObject,com.onetrust.otpublishers.headless.cmp.ui.adapters.b,com.onetrust.otpublishers.headless.cmp.ui.adapters.b$a,java.lang.String,android.view.View)>
[main] INFO soot.jimple.infoflow.android.SetupApplication$InPlaceInfoflow - - $i0 = virtualinvoke $r0.<java.lang.Object: int hashCode()>() in method <rx.schedulers.Timestamped: int hashCode()>
[main] INFO soot.jimple.infoflow.android.SetupApplication$InPlaceInfoflow - - $r1 = virtualinvoke $r0.<java.lang.Object: java.lang.String toString()>() in method <com.fasterxml.jackson.databind.introspect.POJOPropertyBuilder$Linked: java.lang.String toString()>
[main] INFO soot.jimple.infoflow.android.SetupApplication$InPlaceInfoflow - - $i0 = virtualinvoke $r2.<java.lang.Object: int hashCode()>() in method <kotlin.collections.builders.MapBuilder$EntriesItr: int nextHashCode$kotlin_stdlib()>
[main] INFO soot.jimple.infoflow.android.SetupApplication$InPlaceInfoflow - - $r3 = virtualinvoke $r2.<java.lang.Object: java.lang.String toString()>() in method <kotlin.reflect.jvm.internal.impl.types.IntersectionTypeConstructor$makeDebugNameForIntersectionType$3: java.lang.CharSequence invoke(kotlin.reflect.jvm.internal.impl.types.KotlinType)>
[main] INFO soot.jimple.infoflow.android.SetupApplication$InPlaceInfoflow - - $i0 = virtualinvoke $r0.<java.lang.Object: int hashCode()>() in method <kotlin.reflect.jvm.internal.impl.types.typesApproximation.ApproximationBounds: int hashCode()>
[main] INFO soot.jimple.infoflow.android.SetupApplication$InPlaceInfoflow - - $i0 = virtualinvoke $r0.<java.lang.Object: int hashCode()>() in method <com.bumptech.glide.signature.ObjectKey: int hashCode()>
[main] INFO soot.jimple.infoflow.android.SetupApplication$InPlaceInfoflow - - $r0 = virtualinvoke $r1.<java.lang.Object: java.lang.String toString()>() in method <com.fasterxml.jackson.databind.node.POJONode: java.lang.String asText()>
[main] INFO soot.jimple.infoflow.android.SetupApplication$InPlaceInfoflow - - $i1 = virtualinvoke $r0.<java.lang.Object: int hashCode()>() in method <kotlinx.serialization.internal.MapEntrySerializer$MapEntry: int hashCode()>
[main] INFO soot.jimple.infoflow.android.SetupApplication$InPlaceInfoflow - - $i0 = virtualinvoke $r0.<java.lang.Object: int hashCode()>() in method <kotlinx.coroutines.CompletedContinuation: int hashCode()>
[main] INFO soot.jimple.infoflow.android.SetupApplication$InPlaceInfoflow - - $r0 = virtualinvoke $r9.<java.lang.Object: java.lang.String toString()>() in method <com.onetrust.otpublishers.headless.cmp.ui.adapters.a: void a(java.lang.String,java.lang.String,boolean,boolean)>
[main] INFO soot.jimple.infoflow.android.SetupApplication$InPlaceInfoflow - - $i1 = virtualinvoke $r0.<java.lang.Object: int hashCode()>() in method <kotlin.Triple: int hashCode()>
[main] INFO soot.jimple.infoflow.android.SetupApplication$InPlaceInfoflow - - $i0 = virtualinvoke $r0.<java.lang.Object: int hashCode()>() in method <kotlin.Result: int hashCode-impl(java.lang.Object)>
[main] INFO soot.jimple.infoflow.android.SetupApplication$InPlaceInfoflow - - $r6 = virtualinvoke $r7.<java.lang.Object: java.lang.String toString()>() in method <com.onetrust.otpublishers.headless.Internal.Helper.n: void a(android.content.SharedPreferences,org.json.JSONObject,android.content.Context,com.onetrust.otpublishers.headless.Internal.Preferences.g,boolean,boolean)>
[main] INFO soot.jimple.infoflow.android.SetupApplication$InPlaceInfoflow - - $i2 = virtualinvoke $r1.<java.lang.Object: int hashCode()>() in method <lu.bgl.spm.domainLayer.core.models.Teaser: int hashCode()>
[main] INFO soot.jimple.infoflow.android.SetupApplication$InPlaceInfoflow - - $i0 = virtualinvoke $r0.<java.lang.Object: int hashCode()>() in method <kotlin.jvm.internal.TypeParameterReference: int hashCode()>
[main] INFO soot.jimple.infoflow.android.SetupApplication$InPlaceInfoflow - The sink staticinvoke <android.util.Log: int i(java.lang.String,java.lang.String)>("CameraConfiguration", $r2) in method <com.journeyapps.barcodescanner.camera.CameraConfigurationUtils: void setBestExposure(android.hardware.Camera$Parameters,boolean)> was called with values from the following sources:
[main] INFO soot.jimple.infoflow.android.SetupApplication$InPlaceInfoflow - - $f0 = virtualinvoke $r0.<android.hardware.Camera$Parameters: float getExposureCompensationStep()>() in method <com.journeyapps.barcodescanner.camera.CameraConfigurationUtils: void setBestExposure(android.hardware.Camera$Parameters,boolean)>
[main] INFO soot.jimple.infoflow.android.SetupApplication$InPlaceInfoflow - The sink staticinvoke <android.util.Log: int v(java.lang.String,java.lang.String)>("AdobeExperienceSDK", $r0) in method <com.adobe.marketing.mobile.AndroidLoggingService: void trace(java.lang.String,java.lang.String)> was called with values from the following sources:
[main] INFO soot.jimple.infoflow.android.SetupApplication$InPlaceInfoflow - - $i0 = virtualinvoke $r2.<java.lang.Object: int hashCode()>() in method <kotlin.collections.AbstractSet$Companion: int unorderedHashCode$kotlin_stdlib(java.util.Collection)>
[main] INFO soot.jimple.infoflow.android.SetupApplication$InPlaceInfoflow - - $i2 = virtualinvoke $r1.<java.lang.Object: int hashCode()>() in method <lu.bgl.spm.dataLayer.remote.core.models.Teaser: int hashCode()>
[main] INFO soot.jimple.infoflow.android.SetupApplication$InPlaceInfoflow - - $i2 = virtualinvoke $r0.<java.lang.Object: int hashCode()>() in method <kotlin.Triple: int hashCode()>
[main] INFO soot.jimple.infoflow.android.SetupApplication$InPlaceInfoflow - - $r3 = virtualinvoke $r5.<java.lang.Object: java.lang.String toString()>() in method <com.fasterxml.jackson.databind.deser.std.StringDeserializer: java.lang.String deserialize(com.fasterxml.jackson.core.JsonParser,com.fasterxml.jackson.databind.DeserializationContext)>
[main] INFO soot.jimple.infoflow.android.SetupApplication$InPlaceInfoflow - - $i1 = virtualinvoke $r1.<java.lang.Object: int hashCode()>() in method <coil.request.ImageRequest: int hashCode()>
[main] INFO soot.jimple.infoflow.android.SetupApplication$InPlaceInfoflow - - $r3 = virtualinvoke $r1.<java.lang.Object: java.lang.String toString()>() in method <com.adobe.marketing.mobile.AndroidJsonObject: com.adobe.marketing.mobile.JsonUtilityService$JSONObject put(java.lang.String,java.lang.Object)>
[main] INFO soot.jimple.infoflow.android.SetupApplication$InPlaceInfoflow - - $i1 = virtualinvoke $r0.<java.lang.Object: int hashCode()>() in method <com.fasterxml.jackson.core.JsonLocation: int hashCode()>
[main] INFO soot.jimple.infoflow.android.SetupApplication$InPlaceInfoflow - - $i0 = virtualinvoke $r0.<java.lang.Object: int hashCode()>() in method <com.fasterxml.jackson.databind.util.RawValue: int hashCode()>
[main] INFO soot.jimple.infoflow.android.SetupApplication$InPlaceInfoflow - - $i0 = virtualinvoke $r0.<java.lang.Object: int hashCode()>() in method <kotlinx.coroutines.internal.InlineList: int hashCode-impl(java.lang.Object)>
[main] INFO soot.jimple.infoflow.android.SetupApplication$InPlaceInfoflow - - $i0 = virtualinvoke $r1.<java.lang.Object: int hashCode()>() in method <com.medallia.digital.mobilesdk.CustomParameter: int hashCode()>
[main] INFO soot.jimple.infoflow.android.SetupApplication$InPlaceInfoflow - - $i1 = virtualinvoke $r0.<java.lang.Object: int hashCode()>() in method <kotlinx.coroutines.CompletedContinuation: int hashCode()>
[main] INFO soot.jimple.infoflow.android.SetupApplication$InPlaceInfoflow - - $i0 = virtualinvoke $r0.<java.lang.Object: int hashCode()>() in method <kotlin.Pair: int hashCode()>
[main] INFO soot.jimple.infoflow.android.SetupApplication$InPlaceInfoflow - - $i0 = virtualinvoke $r0.<java.lang.Object: int hashCode()>() in method <kotlin.Triple: int hashCode()>
[main] INFO soot.jimple.infoflow.android.SetupApplication$InPlaceInfoflow - - $i0 = virtualinvoke $r0.<java.lang.Object: int hashCode()>() in method <kotlinx.coroutines.channels.ChannelResult: int hashCode-impl(java.lang.Object)>
[main] INFO soot.jimple.infoflow.android.SetupApplication$InPlaceInfoflow - - $i1 = virtualinvoke $r0.<java.lang.Object: int hashCode()>() in method <kotlin.reflect.jvm.internal.impl.serialization.deserialization.IncompatibleVersionErrorData: int hashCode()>
[main] INFO soot.jimple.infoflow.android.SetupApplication$InPlaceInfoflow - - $r3 = virtualinvoke $r2.<java.lang.Object: java.lang.String toString()>() in method <com.adobe.marketing.mobile.MatcherStartsWith: java.lang.String toString()>
[main] INFO soot.jimple.infoflow.android.SetupApplication$InPlaceInfoflow - - $i0 = virtualinvoke $r0.<java.lang.Object: int hashCode()>() in method <kotlin.reflect.jvm.internal.impl.resolve.constants.ConstantValue: int hashCode()>
[main] INFO soot.jimple.infoflow.android.SetupApplication$InPlaceInfoflow - - $i0 = virtualinvoke $r0.<java.lang.Object: int hashCode()>() in method <kotlin.reflect.jvm.internal.impl.serialization.deserialization.IncompatibleVersionErrorData: int hashCode()>
[main] INFO soot.jimple.infoflow.android.SetupApplication$InPlaceInfoflow - - $r3 = virtualinvoke $r2.<java.lang.Object: java.lang.String toString()>() in method <com.adobe.marketing.mobile.MatcherEndsWith: java.lang.String toString()>
[main] INFO soot.jimple.infoflow.android.SetupApplication$InPlaceInfoflow - - $i1 = virtualinvoke $r0.<java.lang.Object: int hashCode()>() in method <io.reactivex.schedulers.Timed: int hashCode()>
[main] INFO soot.jimple.infoflow.android.SetupApplication$InPlaceInfoflow - - $r0 = virtualinvoke this.<com.bumptech.glide.manager.RequestManagerFragment: android.app.Fragment getParentFragment()>() in method <com.bumptech.glide.manager.RequestManagerFragment: android.app.Fragment getParentFragmentUsingHint()>
[main] INFO soot.jimple.infoflow.android.SetupApplication$InPlaceInfoflow - - $i0 = virtualinvoke $r0.<java.lang.Object: int hashCode()>() in method <lu.bgl.spm.data.models.portfolio.PortfolioModel$MultiMapKey4Values: int hashCode()>
[main] INFO soot.jimple.infoflow.android.SetupApplication$InPlaceInfoflow - - $i2 = virtualinvoke $r1.<java.lang.Object: int hashCode()>() in method <lu.bgl.spm.data.models.introduction.Teaser: int hashCode()>
[main] INFO soot.jimple.infoflow.android.SetupApplication$InPlaceInfoflow - - $i1 = virtualinvoke $r2.<java.lang.Object: int hashCode()>() in method <kotlin.collections.AbstractList$Companion: int orderedHashCode$kotlin_stdlib(java.util.Collection)>
[main] INFO soot.jimple.infoflow.android.SetupApplication$InPlaceInfoflow - - $i1 = virtualinvoke $r0.<java.lang.Object: int hashCode()>() in method <kotlin.Pair: int hashCode()>
[main] INFO soot.jimple.infoflow.android.SetupApplication$InPlaceInfoflow - - $r3 = virtualinvoke $r2.<java.lang.Object: java.lang.String toString()>() in method <com.adobe.marketing.mobile.MatcherGreaterThan: java.lang.String toString()>
[main] INFO soot.jimple.infoflow.android.SetupApplication$InPlaceInfoflow - - $i1 = virtualinvoke $r0.<java.lang.Object: int hashCode()>() in method <kotlin.collections.builders.MapBuilder$EntryRef: int hashCode()>
[main] INFO soot.jimple.infoflow.android.SetupApplication$InPlaceInfoflow - - $f0 = virtualinvoke $r2.<android.view.Display: float getRefreshRate()>() in method <com.faltenreich.skeletonlayout.BaseExtensionsKt: float refreshRateInSeconds(android.content.Context)>
[main] INFO soot.jimple.infoflow.android.SetupApplication$InPlaceInfoflow - - $i0 = virtualinvoke $r1.<java.lang.Object: int hashCode()>() in method <coil.request.Parameters$Entry: int hashCode()>
[main] INFO soot.jimple.infoflow.android.SetupApplication$InPlaceInfoflow - - $r4 = virtualinvoke $r0.<java.lang.Object: java.lang.String toString()>() in method <com.adobe.marketing.mobile.ContextData: java.lang.String toString()>
[main] INFO soot.jimple.infoflow.android.SetupApplication$InPlaceInfoflow - - $i0 = virtualinvoke $r1.<java.lang.Object: int hashCode()>() in method <kotlin.jvm.internal.AdaptedFunctionReference: int hashCode()>
[main] INFO soot.jimple.infoflow.android.SetupApplication$InPlaceInfoflow - - $r3 = virtualinvoke $r2.<java.lang.Object: java.lang.String toString()>() in method <com.adobe.marketing.mobile.MatcherLessThan: java.lang.String toString()>
[main] INFO soot.jimple.infoflow.android.SetupApplication$InPlaceInfoflow - - $i1 = virtualinvoke $r1.<java.lang.Object: int hashCode()>() in method <rx.Notification: int hashCode()>
[main] INFO soot.jimple.infoflow.android.SetupApplication$InPlaceInfoflow - - $i2 = virtualinvoke $r0.<java.lang.Object: int hashCode()>() in method <kotlin.reflect.jvm.internal.impl.serialization.deserialization.IncompatibleVersionErrorData: int hashCode()>
[main] INFO soot.jimple.infoflow.android.SetupApplication$InPlaceInfoflow - - $i1 = virtualinvoke $r0.<java.lang.Object: int hashCode()>() in method <lu.bgl.spm.data.models.portfolio.PortfolioModel$MultiMapKey4Values: int hashCode()>
[main] INFO soot.jimple.infoflow.android.SetupApplication$InPlaceInfoflow - - $i2 = virtualinvoke $r1.<java.lang.Object: int hashCode()>() in method <kotlin.collections.builders.ListBuilderKt: int subarrayContentHashCode(java.lang.Object[],int,int)>
[main] INFO soot.jimple.infoflow.android.SetupApplication$InPlaceInfoflow - - $i1 = virtualinvoke $r1.<java.lang.Object: int hashCode()>() in method <lu.bgl.spm.data.domain.directinvest.DirectInvestSimulationFragmentAdapterData: int hashCode()>
[main] INFO soot.jimple.infoflow.android.SetupApplication$InPlaceInfoflow - - $i1 = virtualinvoke $r0.<java.lang.Object: int hashCode()>() in method <kotlin.reflect.jvm.internal.impl.types.typesApproximation.ApproximationBounds: int hashCode()>
[main] INFO soot.jimple.infoflow.android.SetupApplication$InPlaceInfoflow - - $i0 = virtualinvoke $r0.<java.lang.Object: int hashCode()>() in method <kotlinx.coroutines.internal.SegmentOrClosed: int hashCode-impl(java.lang.Object)>
[main] INFO soot.jimple.infoflow.android.SetupApplication$InPlaceInfoflow - - $i2 = virtualinvoke $r1.<java.lang.Object: int hashCode()>() in method <lu.bgl.spm.data.domain.directinvest.DirectInvestSimulationFragmentAdapterData: int hashCode()>
[main] INFO soot.jimple.infoflow.android.SetupApplication$InPlaceInfoflow - - $r2 = virtualinvoke $r1.<java.lang.Object: java.lang.String toString()>() in method <rx.schedulers.Timestamped: java.lang.String toString()>
[main] INFO soot.jimple.infoflow.android.SetupApplication$InPlaceInfoflow - - $i1 = virtualinvoke $r0.<java.lang.Object: int hashCode()>() in method <lu.bgl.spm.data.models.portfolio.PortfolioModel$MultiMapKey4Values: int hashCode()>
[main] INFO soot.jimple.infoflow.android.SetupApplication$InPlaceInfoflow - - $i0 = virtualinvoke $r0.<java.lang.Object: int hashCode()>() in method <lu.bgl.spm.domainLayer.payment.models.common.ListItem: int hashCode()>
[main] INFO soot.jimple.infoflow.android.SetupApplication$InPlaceInfoflow - - $i0 = virtualinvoke $r0.<java.lang.Object: int hashCode()>() in method <io.reactivex.Notification: int hashCode()>
[main] INFO soot.jimple.infoflow.android.SetupApplication$InPlaceInfoflow - - $r13 = virtualinvoke $r1.<java.lang.Object: java.lang.String toString()>() in method <kotlin.reflect.jvm.internal.calls.AnnotationConstructorCallerKt$createAnnotationInstance$toString$2$1$1: java.lang.CharSequence invoke(java.util.Map$Entry)>
[main] INFO soot.jimple.infoflow.android.SetupApplication$InPlaceInfoflow - - $r5 = virtualinvoke $r1.<android.app.Activity: java.lang.String getLocalClassName()>() in method <com.adobe.marketing.mobile.services.ui.FloatingButtonManager$3: void run()>
[main] INFO soot.jimple.infoflow.android.SetupApplication$InPlaceInfoflow - - $r3 = virtualinvoke $r2.<java.lang.Object: java.lang.String toString()>() in method <com.adobe.marketing.mobile.MatcherEquals: java.lang.String toString()>
[main] INFO soot.jimple.infoflow.android.SetupApplication$InPlaceInfoflow - - $i0 = virtualinvoke $r0.<java.lang.Object: int hashCode()>() in method <com.bumptech.glide.load.model.ModelCache$ModelKey: int hashCode()>
[main] INFO soot.jimple.infoflow.android.SetupApplication$InPlaceInfoflow - - $i1 = virtualinvoke $r0.<java.lang.Object: int hashCode()>() in method <kotlin.reflect.jvm.internal.impl.serialization.deserialization.IncompatibleVersionErrorData: int hashCode()>
[main] INFO soot.jimple.infoflow.android.SetupApplication$InPlaceInfoflow - - $i1 = virtualinvoke $r0.<java.lang.Object: int hashCode()>() in method <lu.bgl.spm.data.domain.directinvest.DirectInvestContractDetailFragmentAdapterData: int hashCode()>
[main] INFO soot.jimple.infoflow.android.SetupApplication$InPlaceInfoflow - - $r3 = virtualinvoke $r2.<java.lang.Object: java.lang.String toString()>() in method <com.adobe.marketing.mobile.MatcherNotEquals: java.lang.String toString()>
[main] INFO soot.jimple.infoflow.android.SetupApplication$InPlaceInfoflow - - $i0 = virtualinvoke $r0.<java.lang.Object: int hashCode()>() in method <kotlin.time.TimedValue: int hashCode()>
[main] INFO soot.jimple.infoflow.android.SetupApplication$InPlaceInfoflow - - $i1 = virtualinvoke $r0.<java.lang.Object: int hashCode()>() in method <com.squareup.moshi.LinkedHashTreeMap$Node: int hashCode()>
[main] INFO soot.jimple.infoflow.android.SetupApplication$InPlaceInfoflow - - $i0 = virtualinvoke $r0.<java.lang.Object: int hashCode()>() in method <kotlin.reflect.jvm.internal.impl.storage.LockBasedStorageManager$KeyWithComputation: int hashCode()>
[main] INFO soot.jimple.infoflow.android.SetupApplication$InPlaceInfoflow - - $i1 = virtualinvoke $r1.<java.lang.Object: int hashCode()>() in method <lu.bgl.spm.data.domain.portfolio.PortfolioMainAdapterData: int hashCode()>
[main] INFO soot.jimple.infoflow.android.SetupApplication$InPlaceInfoflow - - $i0 = virtualinvoke $r0.<java.lang.Object: int hashCode()>() in method <lu.bgl.spm.data.domain.directinvest.DirectInvestContractDetailFragmentAdapterData: int hashCode()>
[main] INFO soot.jimple.infoflow.android.SetupApplication$InPlaceInfoflow - - $i1 = virtualinvoke $r2.<java.lang.Object: int hashCode()>() in method <kotlin.collections.builders.MapBuilder$EntriesItr: int nextHashCode$kotlin_stdlib()>
[main] INFO soot.jimple.infoflow.android.SetupApplication$InPlaceInfoflow - - $r0 = virtualinvoke $r1.<java.lang.Object: java.lang.String toString()>() in method <com.fasterxml.jackson.databind.util.ClassUtil: java.lang.String nullOrToString(java.lang.Object)>
[main] INFO soot.jimple.infoflow.android.SetupApplication$InPlaceInfoflow - - $i0 = virtualinvoke $r4.<java.lang.Object: int hashCode()>() in method <kotlin.reflect.jvm.internal.calls.AnnotationConstructorCallerKt$createAnnotationInstance$hashCode$2: java.lang.Integer invoke()>
[main] INFO soot.jimple.infoflow.android.SetupApplication$InPlaceInfoflow - - $r3 = virtualinvoke $r2.<java.lang.Object: java.lang.String toString()>() in method <com.adobe.marketing.mobile.MatcherGreaterThanOrEqual: java.lang.String toString()>
[main] INFO soot.jimple.infoflow.android.SetupApplication$InPlaceInfoflow - - $i1 = virtualinvoke $r0.<java.lang.Object: int hashCode()>() in method <com.bumptech.glide.util.Util: int hashCode(java.lang.Object,int)>
[main] INFO soot.jimple.infoflow.android.SetupApplication$InPlaceInfoflow - - $i0 = virtualinvoke $r0.<java.lang.Object: int hashCode()>() in method <kotlin.collections.builders.MapBuilder$EntryRef: int hashCode()>
[main] INFO soot.jimple.infoflow.android.SetupApplication$InPlaceInfoflow - - $i1 = virtualinvoke $r0.<java.lang.Object: int hashCode()>() in method <kotlin.reflect.jvm.internal.impl.protobuf.SmallSortedMap$Entry: int hashCode()>
[main] INFO soot.jimple.infoflow.android.SetupApplication$InPlaceInfoflow - - $i0 = virtualinvoke $r0.<java.lang.Object: int hashCode()>() in method <com.bumptech.glide.load.engine.EngineKey: int hashCode()>
[main] INFO soot.jimple.infoflow.android.SetupApplication$InPlaceInfoflow - - $i0 = virtualinvoke $r0.<java.lang.Object: int hashCode()>() in method <kotlinx.serialization.internal.MapEntrySerializer$MapEntry: int hashCode()>
[main] INFO soot.jimple.infoflow.android.SetupApplication$InPlaceInfoflow - - $i0 = virtualinvoke $r0.<java.lang.Object: int hashCode()>() in method <com.fasterxml.jackson.databind.node.POJONode: int hashCode()>
[main] INFO soot.jimple.infoflow.android.SetupApplication$InPlaceInfoflow - - $r3 = virtualinvoke $r2.<java.lang.Object: java.lang.String toString()>() in method <com.adobe.marketing.mobile.MatcherLessThanOrEqual: java.lang.String toString()>
[main] INFO soot.jimple.infoflow.android.SetupApplication$InPlaceInfoflow - - $i0 = virtualinvoke $r0.<java.lang.Object: int hashCode()>() in method <com.squareup.moshi.LinkedHashTreeMap$Node: int hashCode()>
[main] INFO soot.jimple.infoflow.android.SetupApplication$InPlaceInfoflow - - $i0 = virtualinvoke $r0.<java.lang.Object: int hashCode()>() in method <rx.schedulers.TimeInterval: int hashCode()>
[main] INFO soot.jimple.infoflow.android.SetupApplication$InPlaceInfoflow - - $i2 = virtualinvoke $r1.<java.lang.Object: int hashCode()>() in method <lu.bgl.spm.dataLayer.core.models.network.NetworkServiceResponse: int hashCode()>
[main] INFO soot.jimple.infoflow.android.SetupApplication$InPlaceInfoflow - - $i0 = virtualinvoke $r0.<java.lang.Object: int hashCode()>() in method <rx.schedulers.Timestamped: int hashCode()>
[main] INFO soot.jimple.infoflow.android.SetupApplication$InPlaceInfoflow - - $r1 = virtualinvoke $r0.<java.lang.Object: java.lang.String toString()>() in method <com.fasterxml.jackson.databind.introspect.POJOPropertyBuilder$Linked: java.lang.String toString()>
[main] INFO soot.jimple.infoflow.android.SetupApplication$InPlaceInfoflow - - $r5 = virtualinvoke $r4.<android.app.Activity: java.lang.String getLocalClassName()>() in method <com.adobe.marketing.mobile.services.ui.FloatingButtonManager$2: void run()>
[main] INFO soot.jimple.infoflow.android.SetupApplication$InPlaceInfoflow - - $i0 = virtualinvoke $r2.<java.lang.Object: int hashCode()>() in method <kotlin.collections.builders.MapBuilder$EntriesItr: int nextHashCode$kotlin_stdlib()>
[main] INFO soot.jimple.infoflow.android.SetupApplication$InPlaceInfoflow - - $r3 = virtualinvoke $r1.<android.content.Intent: android.net.Uri getData()>() in method <com.adobe.marketing.mobile.DataMarshaller: com.adobe.marketing.mobile.DataMarshaller marshal(android.app.Activity)>
[main] INFO soot.jimple.infoflow.android.SetupApplication$InPlaceInfoflow - - $i0 = virtualinvoke $r0.<java.lang.Object: int hashCode()>() in method <com.fasterxml.jackson.annotation.JacksonInject$Value: int hashCode()>
[main] INFO soot.jimple.infoflow.android.SetupApplication$InPlaceInfoflow - - $r3 = virtualinvoke $r2.<java.lang.Object: java.lang.String toString()>() in method <kotlin.reflect.jvm.internal.impl.types.IntersectionTypeConstructor$makeDebugNameForIntersectionType$3: java.lang.CharSequence invoke(kotlin.reflect.jvm.internal.impl.types.KotlinType)>
[main] INFO soot.jimple.infoflow.android.SetupApplication$InPlaceInfoflow - - $i0 = virtualinvoke $r0.<java.lang.Object: int hashCode()>() in method <kotlin.reflect.jvm.internal.impl.types.typesApproximation.ApproximationBounds: int hashCode()>
[main] INFO soot.jimple.infoflow.android.SetupApplication$InPlaceInfoflow - - $r3 = virtualinvoke $r2.<java.lang.Object: java.lang.String toString()>() in method <com.adobe.marketing.mobile.MatcherNotContains: java.lang.String toString()>
[main] INFO soot.jimple.infoflow.android.SetupApplication$InPlaceInfoflow - - $i1 = virtualinvoke $r0.<java.lang.Object: int hashCode()>() in method <kotlin.collections.IndexedValue: int hashCode()>
[main] INFO soot.jimple.infoflow.android.SetupApplication$InPlaceInfoflow - - $i0 = virtualinvoke $r0.<java.lang.Object: int hashCode()>() in method <com.bumptech.glide.signature.ObjectKey: int hashCode()>
[main] INFO soot.jimple.infoflow.android.SetupApplication$InPlaceInfoflow - - $i0 = virtualinvoke $r0.<java.lang.Object: int hashCode()>() in method <com.squareup.moshi.internal.Util: int hashCodeOrZero(java.lang.Object)>
[main] INFO soot.jimple.infoflow.android.SetupApplication$InPlaceInfoflow - - $i1 = virtualinvoke $r0.<java.lang.Object: int hashCode()>() in method <lu.bgl.spm.data.models.portfolio.PortfolioModel$MultiMapKey4Values: int hashCode()>
[main] INFO soot.jimple.infoflow.android.SetupApplication$InPlaceInfoflow - - $r0 = virtualinvoke $r1.<java.lang.Object: java.lang.String toString()>() in method <com.fasterxml.jackson.databind.node.POJONode: java.lang.String asText()>
[main] INFO soot.jimple.infoflow.android.SetupApplication$InPlaceInfoflow - - $i1 = virtualinvoke $r0.<java.lang.Object: int hashCode()>() in method <kotlinx.serialization.internal.MapEntrySerializer$MapEntry: int hashCode()>
[main] INFO soot.jimple.infoflow.android.SetupApplication$InPlaceInfoflow - - $i0 = virtualinvoke $r2.<java.lang.Object: int hashCode()>() in method <lu.bgl.spm.data.domain.portfolio.PortfolioPositionData: int hashCode()>
[main] INFO soot.jimple.infoflow.android.SetupApplication$InPlaceInfoflow - - $r3 = virtualinvoke $r2.<java.lang.Object: java.lang.String toString()>() in method <com.adobe.marketing.mobile.MatcherContains: java.lang.String toString()>
[main] INFO soot.jimple.infoflow.android.SetupApplication$InPlaceInfoflow - - $i0 = virtualinvoke $r0.<java.lang.Object: int hashCode()>() in method <kotlinx.coroutines.CompletedContinuation: int hashCode()>
[main] INFO soot.jimple.infoflow.android.SetupApplication$InPlaceInfoflow - - $i1 = virtualinvoke $r0.<java.lang.Object: int hashCode()>() in method <kotlin.Triple: int hashCode()>
[main] INFO soot.jimple.infoflow.android.SetupApplication$InPlaceInfoflow - - $i0 = virtualinvoke $r0.<java.lang.Object: int hashCode()>() in method <kotlin.Result: int hashCode-impl(java.lang.Object)>
[main] INFO soot.jimple.infoflow.android.SetupApplication$InPlaceInfoflow - - $i2 = virtualinvoke $r1.<java.lang.Object: int hashCode()>() in method <lu.bgl.spm.domainLayer.core.models.Teaser: int hashCode()>
[main] INFO soot.jimple.infoflow.android.SetupApplication$InPlaceInfoflow - - $r2 = virtualinvoke $r5.<java.lang.Object: java.lang.String toString()>() in method <kotlinx.coroutines.channels.BufferedChannel: java.lang.String toString()>
[main] INFO soot.jimple.infoflow.android.SetupApplication$InPlaceInfoflow - - $i0 = virtualinvoke $r0.<java.lang.Object: int hashCode()>() in method <kotlin.jvm.internal.TypeParameterReference: int hashCode()>
[main] INFO soot.jimple.infoflow.android.SetupApplication$InPlaceInfoflow - The sink virtualinvoke this.<lu.bgl.spm.core.activities.generic.signature.App2AppActivity: void startActivity(android.content.Intent)>($r8) in method <lu.bgl.spm.core.activities.generic.signature.App2AppActivity: void handleIntent(android.content.Intent)> was called with values from the following sources:
[main] INFO soot.jimple.infoflow.android.SetupApplication$InPlaceInfoflow - - $r1 = virtualinvoke $r0.<android.content.Intent: android.net.Uri getData()>() in method <lu.bgl.spm.core.activities.generic.signature.App2AppActivity: void handleIntent(android.content.Intent)>
[main] INFO soot.jimple.infoflow.android.SetupApplication$InPlaceInfoflow - - $r2 = virtualinvoke $r0.<android.content.Intent: java.lang.String getAction()>() in method <lu.bgl.spm.core.activities.generic.signature.App2AppActivity: void handleIntent(android.content.Intent)>
[main] INFO soot.jimple.infoflow.android.SetupApplication$InPlaceInfoflow - The sink virtualinvoke $r6.<lu.bgl.spm.base.BaseActivity: void setResult(int,android.content.Intent)>(-1, $r11) in method <lu.bgl.spm.core.activities.teasers.TeaserControllerImpl: void clickButton(lu.bgl.spm.data.models.introduction.SPMChannelResponse,java.lang.String)> was called with values from the following sources:
[main] INFO soot.jimple.infoflow.android.SetupApplication$InPlaceInfoflow - - $r11 = virtualinvoke $r3.<lu.bgl.spm.core.activities.teasers.GenericTeaser: android.content.Intent getIntent()>() in method <lu.bgl.spm.core.activities.teasers.TeaserControllerImpl: void clickButton(lu.bgl.spm.data.models.introduction.SPMChannelResponse,java.lang.String)>
[main] INFO soot.jimple.infoflow.android.SetupApplication$InPlaceInfoflow - The sink virtualinvoke $r11.<android.content.Context: void startActivity(android.content.Intent)>($r9) in method <com.medallia.digital.mobilesdk.f3: void c(com.medallia.digital.mobilesdk.e3)> was called with values from the following sources:
[main] INFO soot.jimple.infoflow.android.SetupApplication$InPlaceInfoflow - - $r0 = virtualinvoke $r1.<android.app.Application: android.content.Context getApplicationContext()>() in method <com.medallia.digital.mobilesdk.i4: android.content.Context b()>
[main] INFO soot.jimple.infoflow.android.SetupApplication$InPlaceInfoflow - The sink virtualinvoke this.<lu.bgl.spm.ui.launch.SplashActivity: void startActivity(android.content.Intent)>($r4) in method <lu.bgl.spm.ui.launch.SplashActivity: void next()> was called with values from the following sources:
[main] INFO soot.jimple.infoflow.android.SetupApplication$InPlaceInfoflow - - $r4 = virtualinvoke this.<lu.bgl.spm.ui.launch.SplashActivity: android.content.Intent getIntent()>() in method <lu.bgl.spm.ui.launch.SplashActivity: void next()>
[main] INFO soot.jimple.infoflow.android.SetupApplication$InPlaceInfoflow - The sink staticinvoke <android.util.Log: int w(java.lang.String,java.lang.String)>("DrawableToBitmap", $r3) in method <com.bumptech.glide.load.resource.bitmap.DrawableToBitmapConverter: android.graphics.Bitmap drawToBitmap(com.bumptech.glide.load.engine.bitmap_recycle.BitmapPool,android.graphics.drawable.Drawable,int,int)> was called with values from the following sources:
[main] INFO soot.jimple.infoflow.android.SetupApplication$InPlaceInfoflow - - $r0 = virtualinvoke $r0.<android.graphics.drawable.Drawable: android.graphics.drawable.Drawable getCurrent()>() in method <com.bumptech.glide.load.resource.bitmap.DrawableToBitmapConverter: com.bumptech.glide.load.engine.Resource convert(com.bumptech.glide.load.engine.bitmap_recycle.BitmapPool,android.graphics.drawable.Drawable,int,int)>
[main] INFO soot.jimple.infoflow.android.SetupApplication$InPlaceInfoflow - - $r0 = virtualinvoke $r0.<android.graphics.drawable.Drawable: android.graphics.drawable.Drawable getCurrent()>() in method <com.bumptech.glide.request.target.FixedSizeDrawable: android.graphics.drawable.Drawable getCurrent()>
[main] INFO soot.jimple.infoflow.android.SetupApplication$InPlaceInfoflow - The sink staticinvoke <android.util.Log: int i(java.lang.String,java.lang.String)>("CameraConfiguration", $r2) in method <com.journeyapps.barcodescanner.camera.CameraConfigurationUtils: void setBestPreviewFPS(android.hardware.Camera$Parameters,int,int)> was called with values from the following sources:
[main] INFO soot.jimple.infoflow.android.SetupApplication$InPlaceInfoflow - - $i0 = virtualinvoke $r2.<java.lang.Object: int hashCode()>() in method <kotlin.collections.AbstractSet$Companion: int unorderedHashCode$kotlin_stdlib(java.util.Collection)>
[main] INFO soot.jimple.infoflow.android.SetupApplication$InPlaceInfoflow - - $i2 = virtualinvoke $r0.<java.lang.Object: int hashCode()>() in method <kotlin.Triple: int hashCode()>
[main] INFO soot.jimple.infoflow.android.SetupApplication$InPlaceInfoflow - - $i2 = virtualinvoke $r1.<java.lang.Object: int hashCode()>() in method <lu.bgl.spm.dataLayer.remote.core.models.Teaser: int hashCode()>
[main] INFO soot.jimple.infoflow.android.SetupApplication$InPlaceInfoflow - - $r3 = virtualinvoke $r5.<java.lang.Object: java.lang.String toString()>() in method <com.fasterxml.jackson.databind.deser.std.StringDeserializer: java.lang.String deserialize(com.fasterxml.jackson.core.JsonParser,com.fasterxml.jackson.databind.DeserializationContext)>
[main] INFO soot.jimple.infoflow.android.SetupApplication$InPlaceInfoflow - - $i1 = virtualinvoke $r1.<java.lang.Object: int hashCode()>() in method <coil.request.ImageRequest: int hashCode()>
[main] INFO soot.jimple.infoflow.android.SetupApplication$InPlaceInfoflow - - $i1 = virtualinvoke $r0.<java.lang.Object: int hashCode()>() in method <com.fasterxml.jackson.core.JsonLocation: int hashCode()>
[main] INFO soot.jimple.infoflow.android.SetupApplication$InPlaceInfoflow - - $i0 = virtualinvoke $r0.<java.lang.Object: int hashCode()>() in method <com.fasterxml.jackson.databind.util.RawValue: int hashCode()>
[main] INFO soot.jimple.infoflow.android.SetupApplication$InPlaceInfoflow - - $i0 = virtualinvoke $r0.<java.lang.Object: int hashCode()>() in method <kotlinx.coroutines.internal.InlineList: int hashCode-impl(java.lang.Object)>
[main] INFO soot.jimple.infoflow.android.SetupApplication$InPlaceInfoflow - - $i1 = virtualinvoke $r0.<java.lang.Object: int hashCode()>() in method <kotlinx.coroutines.CompletedContinuation: int hashCode()>
[main] INFO soot.jimple.infoflow.android.SetupApplication$InPlaceInfoflow - - $i0 = virtualinvoke $r1.<java.lang.Object: int hashCode()>() in method <com.medallia.digital.mobilesdk.CustomParameter: int hashCode()>
[main] INFO soot.jimple.infoflow.android.SetupApplication$InPlaceInfoflow - - $i0 = virtualinvoke $r0.<java.lang.Object: int hashCode()>() in method <kotlin.Pair: int hashCode()>
[main] INFO soot.jimple.infoflow.android.SetupApplication$InPlaceInfoflow - - $i0 = virtualinvoke $r0.<java.lang.Object: int hashCode()>() in method <kotlin.Triple: int hashCode()>
[main] INFO soot.jimple.infoflow.android.SetupApplication$InPlaceInfoflow - - $i0 = virtualinvoke $r0.<java.lang.Object: int hashCode()>() in method <kotlinx.coroutines.channels.ChannelResult: int hashCode-impl(java.lang.Object)>
[main] INFO soot.jimple.infoflow.android.SetupApplication$InPlaceInfoflow - - $i1 = virtualinvoke $r0.<java.lang.Object: int hashCode()>() in method <kotlin.reflect.jvm.internal.impl.serialization.deserialization.IncompatibleVersionErrorData: int hashCode()>
[main] INFO soot.jimple.infoflow.android.SetupApplication$InPlaceInfoflow - - $r3 = virtualinvoke $r2.<java.lang.Object: java.lang.String toString()>() in method <com.adobe.marketing.mobile.MatcherStartsWith: java.lang.String toString()>
[main] INFO soot.jimple.infoflow.android.SetupApplication$InPlaceInfoflow - - $i0 = virtualinvoke $r0.<java.lang.Object: int hashCode()>() in method <kotlin.reflect.jvm.internal.impl.resolve.constants.ConstantValue: int hashCode()>
[main] INFO soot.jimple.infoflow.android.SetupApplication$InPlaceInfoflow - - $r1 = virtualinvoke $r0.<android.hardware.Camera$Parameters: java.util.List getSupportedPreviewFpsRange()>() in method <com.journeyapps.barcodescanner.camera.CameraConfigurationUtils: void setBestPreviewFPS(android.hardware.Camera$Parameters,int,int)>
[main] INFO soot.jimple.infoflow.android.SetupApplication$InPlaceInfoflow - - $i0 = virtualinvoke $r0.<java.lang.Object: int hashCode()>() in method <kotlin.reflect.jvm.internal.impl.serialization.deserialization.IncompatibleVersionErrorData: int hashCode()>
[main] INFO soot.jimple.infoflow.android.SetupApplication$InPlaceInfoflow - - $r3 = virtualinvoke $r2.<java.lang.Object: java.lang.String toString()>() in method <com.adobe.marketing.mobile.MatcherEndsWith: java.lang.String toString()>
[main] INFO soot.jimple.infoflow.android.SetupApplication$InPlaceInfoflow - - $i1 = virtualinvoke $r0.<java.lang.Object: int hashCode()>() in method <io.reactivex.schedulers.Timed: int hashCode()>
[main] INFO soot.jimple.infoflow.android.SetupApplication$InPlaceInfoflow - - $r0 = virtualinvoke this.<com.bumptech.glide.manager.RequestManagerFragment: android.app.Fragment getParentFragment()>() in method <com.bumptech.glide.manager.RequestManagerFragment: android.app.Fragment getParentFragmentUsingHint()>
[main] INFO soot.jimple.infoflow.android.SetupApplication$InPlaceInfoflow - - $i2 = virtualinvoke $r1.<java.lang.Object: int hashCode()>() in method <lu.bgl.spm.data.models.introduction.Teaser: int hashCode()>
[main] INFO soot.jimple.infoflow.android.SetupApplication$InPlaceInfoflow - - $i1 = virtualinvoke $r0.<java.lang.Object: int hashCode()>() in method <kotlin.Pair: int hashCode()>
[main] INFO soot.jimple.infoflow.android.SetupApplication$InPlaceInfoflow - - $r3 = virtualinvoke $r2.<java.lang.Object: java.lang.String toString()>() in method <com.adobe.marketing.mobile.MatcherGreaterThan: java.lang.String toString()>
[main] INFO soot.jimple.infoflow.android.SetupApplication$InPlaceInfoflow - - $i1 = virtualinvoke $r0.<java.lang.Object: int hashCode()>() in method <kotlin.collections.builders.MapBuilder$EntryRef: int hashCode()>
[main] INFO soot.jimple.infoflow.android.SetupApplication$InPlaceInfoflow - - $f0 = virtualinvoke $r2.<android.view.Display: float getRefreshRate()>() in method <com.faltenreich.skeletonlayout.BaseExtensionsKt: float refreshRateInSeconds(android.content.Context)>
[main] INFO soot.jimple.infoflow.android.SetupApplication$InPlaceInfoflow - - $i0 = virtualinvoke $r1.<java.lang.Object: int hashCode()>() in method <coil.request.Parameters$Entry: int hashCode()>
[main] INFO soot.jimple.infoflow.android.SetupApplication$InPlaceInfoflow - - $r4 = virtualinvoke $r0.<java.lang.Object: java.lang.String toString()>() in method <com.adobe.marketing.mobile.ContextData: java.lang.String toString()>
[main] INFO soot.jimple.infoflow.android.SetupApplication$InPlaceInfoflow - - $i0 = virtualinvoke $r1.<java.lang.Object: int hashCode()>() in method <kotlin.jvm.internal.AdaptedFunctionReference: int hashCode()>
[main] INFO soot.jimple.infoflow.android.SetupApplication$InPlaceInfoflow - - $i1 = virtualinvoke $r1.<java.lang.Object: int hashCode()>() in method <rx.Notification: int hashCode()>
[main] INFO soot.jimple.infoflow.android.SetupApplication$InPlaceInfoflow - - $r3 = virtualinvoke $r2.<java.lang.Object: java.lang.String toString()>() in method <com.adobe.marketing.mobile.MatcherLessThan: java.lang.String toString()>
[main] INFO soot.jimple.infoflow.android.SetupApplication$InPlaceInfoflow - - $i2 = virtualinvoke $r0.<java.lang.Object: int hashCode()>() in method <kotlin.reflect.jvm.internal.impl.serialization.deserialization.IncompatibleVersionErrorData: int hashCode()>
[main] INFO soot.jimple.infoflow.android.SetupApplication$InPlaceInfoflow - - $i2 = virtualinvoke $r1.<java.lang.Object: int hashCode()>() in method <kotlin.collections.builders.ListBuilderKt: int subarrayContentHashCode(java.lang.Object[],int,int)>
[main] INFO soot.jimple.infoflow.android.SetupApplication$InPlaceInfoflow - - $i1 = virtualinvoke $r1.<java.lang.Object: int hashCode()>() in method <lu.bgl.spm.data.domain.directinvest.DirectInvestSimulationFragmentAdapterData: int hashCode()>
[main] INFO soot.jimple.infoflow.android.SetupApplication$InPlaceInfoflow - - $i1 = virtualinvoke $r0.<java.lang.Object: int hashCode()>() in method <kotlin.reflect.jvm.internal.impl.types.typesApproximation.ApproximationBounds: int hashCode()>
[main] INFO soot.jimple.infoflow.android.SetupApplication$InPlaceInfoflow - - $i0 = virtualinvoke $r0.<java.lang.Object: int hashCode()>() in method <kotlinx.coroutines.internal.SegmentOrClosed: int hashCode-impl(java.lang.Object)>
[main] INFO soot.jimple.infoflow.android.SetupApplication$InPlaceInfoflow - - $i2 = virtualinvoke $r1.<java.lang.Object: int hashCode()>() in method <lu.bgl.spm.data.domain.directinvest.DirectInvestSimulationFragmentAdapterData: int hashCode()>
[main] INFO soot.jimple.infoflow.android.SetupApplication$InPlaceInfoflow - - $r2 = virtualinvoke $r1.<java.lang.Object: java.lang.String toString()>() in method <rx.schedulers.Timestamped: java.lang.String toString()>
[main] INFO soot.jimple.infoflow.android.SetupApplication$InPlaceInfoflow - - $i0 = virtualinvoke $r0.<java.lang.Object: int hashCode()>() in method <lu.bgl.spm.domainLayer.payment.models.common.ListItem: int hashCode()>
[main] INFO soot.jimple.infoflow.android.SetupApplication$InPlaceInfoflow - - $r13 = virtualinvoke $r1.<java.lang.Object: java.lang.String toString()>() in method <kotlin.reflect.jvm.internal.calls.AnnotationConstructorCallerKt$createAnnotationInstance$toString$2$1$1: java.lang.CharSequence invoke(java.util.Map$Entry)>
[main] INFO soot.jimple.infoflow.android.SetupApplication$InPlaceInfoflow - - $i0 = virtualinvoke $r0.<java.lang.Object: int hashCode()>() in method <io.reactivex.Notification: int hashCode()>
[main] INFO soot.jimple.infoflow.android.SetupApplication$InPlaceInfoflow - - $r3 = virtualinvoke $r2.<java.lang.Object: java.lang.String toString()>() in method <com.adobe.marketing.mobile.MatcherEquals: java.lang.String toString()>
[main] INFO soot.jimple.infoflow.android.SetupApplication$InPlaceInfoflow - - $i0 = virtualinvoke $r0.<java.lang.Object: int hashCode()>() in method <com.bumptech.glide.load.model.ModelCache$ModelKey: int hashCode()>
[main] INFO soot.jimple.infoflow.android.SetupApplication$InPlaceInfoflow - - $i1 = virtualinvoke $r0.<java.lang.Object: int hashCode()>() in method <kotlin.reflect.jvm.internal.impl.serialization.deserialization.IncompatibleVersionErrorData: int hashCode()>
[main] INFO soot.jimple.infoflow.android.SetupApplication$InPlaceInfoflow - - $i1 = virtualinvoke $r0.<java.lang.Object: int hashCode()>() in method <lu.bgl.spm.data.domain.directinvest.DirectInvestContractDetailFragmentAdapterData: int hashCode()>
[main] INFO soot.jimple.infoflow.android.SetupApplication$InPlaceInfoflow - - $r3 = virtualinvoke $r2.<java.lang.Object: java.lang.String toString()>() in method <com.adobe.marketing.mobile.MatcherNotEquals: java.lang.String toString()>
[main] INFO soot.jimple.infoflow.android.SetupApplication$InPlaceInfoflow - - $i0 = virtualinvoke $r0.<java.lang.Object: int hashCode()>() in method <kotlin.time.TimedValue: int hashCode()>
[main] INFO soot.jimple.infoflow.android.SetupApplication$InPlaceInfoflow - - $i1 = virtualinvoke $r0.<java.lang.Object: int hashCode()>() in method <com.squareup.moshi.LinkedHashTreeMap$Node: int hashCode()>
[main] INFO soot.jimple.infoflow.android.SetupApplication$InPlaceInfoflow - - $i0 = virtualinvoke $r0.<java.lang.Object: int hashCode()>() in method <kotlin.reflect.jvm.internal.impl.storage.LockBasedStorageManager$KeyWithComputation: int hashCode()>
[main] INFO soot.jimple.infoflow.android.SetupApplication$InPlaceInfoflow - - $i1 = virtualinvoke $r1.<java.lang.Object: int hashCode()>() in method <lu.bgl.spm.data.domain.portfolio.PortfolioMainAdapterData: int hashCode()>
[main] INFO soot.jimple.infoflow.android.SetupApplication$InPlaceInfoflow - - $r0 = virtualinvoke $r1.<java.lang.Object: java.lang.String toString()>() in method <com.fasterxml.jackson.databind.util.ClassUtil: java.lang.String nullOrToString(java.lang.Object)>
[main] INFO soot.jimple.infoflow.android.SetupApplication$InPlaceInfoflow - - $i0 = virtualinvoke $r0.<java.lang.Object: int hashCode()>() in method <lu.bgl.spm.data.domain.directinvest.DirectInvestContractDetailFragmentAdapterData: int hashCode()>
[main] INFO soot.jimple.infoflow.android.SetupApplication$InPlaceInfoflow - - $i1 = virtualinvoke $r2.<java.lang.Object: int hashCode()>() in method <kotlin.collections.builders.MapBuilder$EntriesItr: int nextHashCode$kotlin_stdlib()>
[main] INFO soot.jimple.infoflow.android.SetupApplication$InPlaceInfoflow - - $i0 = virtualinvoke $r4.<java.lang.Object: int hashCode()>() in method <kotlin.reflect.jvm.internal.calls.AnnotationConstructorCallerKt$createAnnotationInstance$hashCode$2: java.lang.Integer invoke()>
[main] INFO soot.jimple.infoflow.android.SetupApplication$InPlaceInfoflow - - $r3 = virtualinvoke $r2.<java.lang.Object: java.lang.String toString()>() in method <com.adobe.marketing.mobile.MatcherGreaterThanOrEqual: java.lang.String toString()>
[main] INFO soot.jimple.infoflow.android.SetupApplication$InPlaceInfoflow - - $i1 = virtualinvoke $r0.<java.lang.Object: int hashCode()>() in method <com.bumptech.glide.util.Util: int hashCode(java.lang.Object,int)>
[main] INFO soot.jimple.infoflow.android.SetupApplication$InPlaceInfoflow - - $i0 = virtualinvoke $r0.<java.lang.Object: int hashCode()>() in method <kotlin.collections.builders.MapBuilder$EntryRef: int hashCode()>
[main] INFO soot.jimple.infoflow.android.SetupApplication$InPlaceInfoflow - - $i1 = virtualinvoke $r0.<java.lang.Object: int hashCode()>() in method <kotlin.reflect.jvm.internal.impl.protobuf.SmallSortedMap$Entry: int hashCode()>
[main] INFO soot.jimple.infoflow.android.SetupApplication$InPlaceInfoflow - - $i0 = virtualinvoke $r0.<java.lang.Object: int hashCode()>() in method <com.bumptech.glide.load.engine.EngineKey: int hashCode()>
[main] INFO soot.jimple.infoflow.android.SetupApplication$InPlaceInfoflow - - $i0 = virtualinvoke $r0.<java.lang.Object: int hashCode()>() in method <kotlinx.serialization.internal.MapEntrySerializer$MapEntry: int hashCode()>
[main] INFO soot.jimple.infoflow.android.SetupApplication$InPlaceInfoflow - - $i0 = virtualinvoke $r0.<java.lang.Object: int hashCode()>() in method <com.fasterxml.jackson.databind.node.POJONode: int hashCode()>
[main] INFO soot.jimple.infoflow.android.SetupApplication$InPlaceInfoflow - - $r3 = virtualinvoke $r2.<java.lang.Object: java.lang.String toString()>() in method <com.adobe.marketing.mobile.MatcherLessThanOrEqual: java.lang.String toString()>
[main] INFO soot.jimple.infoflow.android.SetupApplication$InPlaceInfoflow - - $i0 = virtualinvoke $r0.<java.lang.Object: int hashCode()>() in method <com.squareup.moshi.LinkedHashTreeMap$Node: int hashCode()>
[main] INFO soot.jimple.infoflow.android.SetupApplication$InPlaceInfoflow - - $i0 = virtualinvoke $r0.<java.lang.Object: int hashCode()>() in method <rx.schedulers.TimeInterval: int hashCode()>
[main] INFO soot.jimple.infoflow.android.SetupApplication$InPlaceInfoflow - - $i2 = virtualinvoke $r1.<java.lang.Object: int hashCode()>() in method <lu.bgl.spm.dataLayer.core.models.network.NetworkServiceResponse: int hashCode()>
[main] INFO soot.jimple.infoflow.android.SetupApplication$InPlaceInfoflow - - $i0 = virtualinvoke $r0.<java.lang.Object: int hashCode()>() in method <rx.schedulers.Timestamped: int hashCode()>
[main] INFO soot.jimple.infoflow.android.SetupApplication$InPlaceInfoflow - - $r1 = virtualinvoke $r0.<java.lang.Object: java.lang.String toString()>() in method <com.fasterxml.jackson.databind.introspect.POJOPropertyBuilder$Linked: java.lang.String toString()>
[main] INFO soot.jimple.infoflow.android.SetupApplication$InPlaceInfoflow - - $i0 = virtualinvoke $r2.<java.lang.Object: int hashCode()>() in method <kotlin.collections.builders.MapBuilder$EntriesItr: int nextHashCode$kotlin_stdlib()>
[main] INFO soot.jimple.infoflow.android.SetupApplication$InPlaceInfoflow - - $r3 = virtualinvoke $r2.<java.lang.Object: java.lang.String toString()>() in method <kotlin.reflect.jvm.internal.impl.types.IntersectionTypeConstructor$makeDebugNameForIntersectionType$3: java.lang.CharSequence invoke(kotlin.reflect.jvm.internal.impl.types.KotlinType)>
[main] INFO soot.jimple.infoflow.android.SetupApplication$InPlaceInfoflow - - $i0 = virtualinvoke $r0.<java.lang.Object: int hashCode()>() in method <com.fasterxml.jackson.annotation.JacksonInject$Value: int hashCode()>
[main] INFO soot.jimple.infoflow.android.SetupApplication$InPlaceInfoflow - - $i0 = virtualinvoke $r0.<java.lang.Object: int hashCode()>() in method <kotlin.reflect.jvm.internal.impl.types.typesApproximation.ApproximationBounds: int hashCode()>
[main] INFO soot.jimple.infoflow.android.SetupApplication$InPlaceInfoflow - - $r3 = virtualinvoke $r2.<java.lang.Object: java.lang.String toString()>() in method <com.adobe.marketing.mobile.MatcherNotContains: java.lang.String toString()>
[main] INFO soot.jimple.infoflow.android.SetupApplication$InPlaceInfoflow - - $i1 = virtualinvoke $r0.<java.lang.Object: int hashCode()>() in method <kotlin.collections.IndexedValue: int hashCode()>
[main] INFO soot.jimple.infoflow.android.SetupApplication$InPlaceInfoflow - - $i0 = virtualinvoke $r0.<java.lang.Object: int hashCode()>() in method <com.bumptech.glide.signature.ObjectKey: int hashCode()>
[main] INFO soot.jimple.infoflow.android.SetupApplication$InPlaceInfoflow - - $i0 = virtualinvoke $r0.<java.lang.Object: int hashCode()>() in method <com.squareup.moshi.internal.Util: int hashCodeOrZero(java.lang.Object)>
[main] INFO soot.jimple.infoflow.android.SetupApplication$InPlaceInfoflow - - $r0 = virtualinvoke $r1.<java.lang.Object: java.lang.String toString()>() in method <com.fasterxml.jackson.databind.node.POJONode: java.lang.String asText()>
[main] INFO soot.jimple.infoflow.android.SetupApplication$InPlaceInfoflow - - $i1 = virtualinvoke $r0.<java.lang.Object: int hashCode()>() in method <kotlinx.serialization.internal.MapEntrySerializer$MapEntry: int hashCode()>
[main] INFO soot.jimple.infoflow.android.SetupApplication$InPlaceInfoflow - - $i0 = virtualinvoke $r2.<java.lang.Object: int hashCode()>() in method <lu.bgl.spm.data.domain.portfolio.PortfolioPositionData: int hashCode()>
[main] INFO soot.jimple.infoflow.android.SetupApplication$InPlaceInfoflow - - $r3 = virtualinvoke $r2.<java.lang.Object: java.lang.String toString()>() in method <com.adobe.marketing.mobile.MatcherContains: java.lang.String toString()>
[main] INFO soot.jimple.infoflow.android.SetupApplication$InPlaceInfoflow - - $i0 = virtualinvoke $r0.<java.lang.Object: int hashCode()>() in method <kotlinx.coroutines.CompletedContinuation: int hashCode()>
[main] INFO soot.jimple.infoflow.android.SetupApplication$InPlaceInfoflow - - $i1 = virtualinvoke $r0.<java.lang.Object: int hashCode()>() in method <kotlin.Triple: int hashCode()>
[main] INFO soot.jimple.infoflow.android.SetupApplication$InPlaceInfoflow - - $i0 = virtualinvoke $r0.<java.lang.Object: int hashCode()>() in method <kotlin.Result: int hashCode-impl(java.lang.Object)>
[main] INFO soot.jimple.infoflow.android.SetupApplication$InPlaceInfoflow - - $i2 = virtualinvoke $r1.<java.lang.Object: int hashCode()>() in method <lu.bgl.spm.domainLayer.core.models.Teaser: int hashCode()>
[main] INFO soot.jimple.infoflow.android.SetupApplication$InPlaceInfoflow - - $r2 = virtualinvoke $r5.<java.lang.Object: java.lang.String toString()>() in method <kotlinx.coroutines.channels.BufferedChannel: java.lang.String toString()>
[main] INFO soot.jimple.infoflow.android.SetupApplication$InPlaceInfoflow - - $i0 = virtualinvoke $r0.<java.lang.Object: int hashCode()>() in method <kotlin.jvm.internal.TypeParameterReference: int hashCode()>
[main] INFO soot.jimple.infoflow.android.SetupApplication$InPlaceInfoflow - The sink virtualinvoke this.<lu.bgl.spm.ui.launch.SplashActivity: void startActivity(android.content.Intent)>($r4) in method <lu.bgl.spm.ui.launch.SplashActivity: void next()> was called with values from the following sources:
[main] INFO soot.jimple.infoflow.android.SetupApplication$InPlaceInfoflow - - $r4 = virtualinvoke this.<lu.bgl.spm.ui.launch.SplashActivity: android.content.Intent getIntent()>() in method <lu.bgl.spm.ui.launch.SplashActivity: void next()>
[main] INFO soot.jimple.infoflow.android.SetupApplication$InPlaceInfoflow - The sink virtualinvoke $r11.<android.content.Context: void startActivity(android.content.Intent)>($r9) in method <com.medallia.digital.mobilesdk.f3: void c(com.medallia.digital.mobilesdk.e3)> was called with values from the following sources:
[main] INFO soot.jimple.infoflow.android.SetupApplication$InPlaceInfoflow - - $r0 = virtualinvoke $r1.<android.app.Application: android.content.Context getApplicationContext()>() in method <com.medallia.digital.mobilesdk.i4: android.content.Context b()>
[main] INFO soot.jimple.infoflow.android.SetupApplication$InPlaceInfoflow - - $r2 = virtualinvoke $r11.<android.content.Context: java.lang.String getPackageName()>() in method <com.medallia.digital.mobilesdk.f3: void c(com.medallia.digital.mobilesdk.e3)>
[main] INFO soot.jimple.infoflow.android.SetupApplication$InPlaceInfoflow - The sink virtualinvoke this.<lu.bgl.spm.core.activities.generic.signature.App2AppActivity: void startActivity(android.content.Intent)>($r8) in method <lu.bgl.spm.core.activities.generic.signature.App2AppActivity: void handleIntent(android.content.Intent)> was called with values from the following sources:
[main] INFO soot.jimple.infoflow.android.SetupApplication$InPlaceInfoflow - - $r1 = virtualinvoke $r0.<android.content.Intent: android.net.Uri getData()>() in method <lu.bgl.spm.core.activities.generic.signature.App2AppActivity: void handleIntent(android.content.Intent)>
[main] INFO soot.jimple.infoflow.android.SetupApplication$InPlaceInfoflow - - $r2 = virtualinvoke $r0.<android.content.Intent: java.lang.String getAction()>() in method <lu.bgl.spm.core.activities.generic.signature.App2AppActivity: void handleIntent(android.content.Intent)>
[main] INFO soot.jimple.infoflow.android.SetupApplication$InPlaceInfoflow - The sink virtualinvoke $r0.<android.app.Activity: void startActivityForResult(android.content.Intent,int)>($r4, 2) in method <com.medallia.digital.mobilesdk.c5: void a(android.app.Activity,int)> was called with values from the following sources:
[main] INFO soot.jimple.infoflow.android.SetupApplication$InPlaceInfoflow - - $r4 = virtualinvoke $r3.<android.content.MutableContextWrapper: android.content.Context getBaseContext()>() in method <com.medallia.digital.mobilesdk.c5: com.medallia.digital.mobilesdk.e5 a(com.medallia.digital.mobilesdk.g5,com.medallia.digital.mobilesdk.j2,boolean)>
[main] INFO soot.jimple.infoflow.android.SetupApplication$InPlaceInfoflow - - $r5 = virtualinvoke $r4.<android.content.MutableContextWrapper: android.content.Context getBaseContext()>() in method <com.medallia.digital.mobilesdk.BaseFormCommunicator$b: void a()>
[main] INFO soot.jimple.infoflow.android.SetupApplication$InPlaceInfoflow - - $r8 = virtualinvoke $r7.<android.content.MutableContextWrapper: android.content.Context getBaseContext()>() in method <com.medallia.digital.mobilesdk.BaseFormCommunicator$l$b$a: void a(com.medallia.digital.mobilesdk.z4)>
[main] INFO soot.jimple.infoflow.android.SetupApplication$InPlaceInfoflow - The sink staticinvoke <android.util.Log: int v(java.lang.String,java.lang.String)>("LruBitmapPool", $r5) in method <com.bumptech.glide.load.engine.bitmap_recycle.LruBitmapPool: void put(android.graphics.Bitmap)> was called with values from the following sources:
[main] INFO soot.jimple.infoflow.android.SetupApplication$InPlaceInfoflow - - $r1 = virtualinvoke $r0.<android.graphics.Bitmap: android.graphics.Bitmap$Config getConfig()>() in method <com.bumptech.glide.load.engine.bitmap_recycle.AttributeStrategy: java.lang.String getBitmapString(android.graphics.Bitmap)>
[main] INFO soot.jimple.infoflow.android.SetupApplication$InPlaceInfoflow - - $r1 = virtualinvoke $r0.<android.graphics.Bitmap: android.graphics.Bitmap$Config getConfig()>() in method <com.bumptech.glide.load.engine.bitmap_recycle.SizeConfigStrategy: java.lang.String logBitmap(android.graphics.Bitmap)>
[main] INFO soot.jimple.infoflow.android.SetupApplication$InPlaceInfoflow - The sink virtualinvoke $r3.<android.content.Context: void sendBroadcast(android.content.Intent)>($r4) in method <com.onetrust.otpublishers.headless.Internal.Helper.q: void a(java.lang.String)> was called with values from the following sources:
[main] INFO soot.jimple.infoflow.android.SetupApplication$InPlaceInfoflow - - $r0 = virtualinvoke $r3.<android.content.Context: java.lang.String getPackageName()>() in method <com.onetrust.otpublishers.headless.Internal.Helper.q: void a(java.lang.String)>
[main] INFO soot.jimple.infoflow.android.SetupApplication$InPlaceInfoflow - The sink staticinvoke <android.util.Log: int d(java.lang.String,java.lang.String)>("ManifestParser", $r2) in method <com.bumptech.glide.module.ManifestParser: java.util.List parse()> was called with values from the following sources:
[main] INFO soot.jimple.infoflow.android.SetupApplication$InPlaceInfoflow - - $i0 = virtualinvoke $r2.<java.lang.Object: int hashCode()>() in method <kotlin.collections.AbstractSet$Companion: int unorderedHashCode$kotlin_stdlib(java.util.Collection)>
[main] INFO soot.jimple.infoflow.android.SetupApplication$InPlaceInfoflow - - $i2 = virtualinvoke $r0.<java.lang.Object: int hashCode()>() in method <kotlin.Triple: int hashCode()>
[main] INFO soot.jimple.infoflow.android.SetupApplication$InPlaceInfoflow - - $i2 = virtualinvoke $r1.<java.lang.Object: int hashCode()>() in method <lu.bgl.spm.dataLayer.remote.core.models.Teaser: int hashCode()>
[main] INFO soot.jimple.infoflow.android.SetupApplication$InPlaceInfoflow - - $r3 = virtualinvoke $r5.<java.lang.Object: java.lang.String toString()>() in method <com.fasterxml.jackson.databind.deser.std.StringDeserializer: java.lang.String deserialize(com.fasterxml.jackson.core.JsonParser,com.fasterxml.jackson.databind.DeserializationContext)>
[main] INFO soot.jimple.infoflow.android.SetupApplication$InPlaceInfoflow - - $i1 = virtualinvoke $r1.<java.lang.Object: int hashCode()>() in method <coil.request.ImageRequest: int hashCode()>
[main] INFO soot.jimple.infoflow.android.SetupApplication$InPlaceInfoflow - - $i1 = virtualinvoke $r0.<java.lang.Object: int hashCode()>() in method <com.fasterxml.jackson.core.JsonLocation: int hashCode()>
[main] INFO soot.jimple.infoflow.android.SetupApplication$InPlaceInfoflow - - $i0 = virtualinvoke $r0.<java.lang.Object: int hashCode()>() in method <com.fasterxml.jackson.databind.util.RawValue: int hashCode()>
[main] INFO soot.jimple.infoflow.android.SetupApplication$InPlaceInfoflow - - $i0 = virtualinvoke $r0.<java.lang.Object: int hashCode()>() in method <kotlinx.coroutines.internal.InlineList: int hashCode-impl(java.lang.Object)>
[main] INFO soot.jimple.infoflow.android.SetupApplication$InPlaceInfoflow - - $i0 = virtualinvoke $r1.<java.lang.Object: int hashCode()>() in method <com.medallia.digital.mobilesdk.CustomParameter: int hashCode()>
[main] INFO soot.jimple.infoflow.android.SetupApplication$InPlaceInfoflow - - $i1 = virtualinvoke $r0.<java.lang.Object: int hashCode()>() in method <kotlinx.coroutines.CompletedContinuation: int hashCode()>
[main] INFO soot.jimple.infoflow.android.SetupApplication$InPlaceInfoflow - - $i0 = virtualinvoke $r0.<java.lang.Object: int hashCode()>() in method <kotlin.Pair: int hashCode()>
[main] INFO soot.jimple.infoflow.android.SetupApplication$InPlaceInfoflow - - $i0 = virtualinvoke $r0.<java.lang.Object: int hashCode()>() in method <kotlin.Triple: int hashCode()>
[main] INFO soot.jimple.infoflow.android.SetupApplication$InPlaceInfoflow - - $i0 = virtualinvoke $r0.<java.lang.Object: int hashCode()>() in method <kotlinx.coroutines.channels.ChannelResult: int hashCode-impl(java.lang.Object)>
[main] INFO soot.jimple.infoflow.android.SetupApplication$InPlaceInfoflow - - $i1 = virtualinvoke $r0.<java.lang.Object: int hashCode()>() in method <kotlin.reflect.jvm.internal.impl.serialization.deserialization.IncompatibleVersionErrorData: int hashCode()>
[main] INFO soot.jimple.infoflow.android.SetupApplication$InPlaceInfoflow - - $r3 = virtualinvoke $r2.<java.lang.Object: java.lang.String toString()>() in method <com.adobe.marketing.mobile.MatcherStartsWith: java.lang.String toString()>
[main] INFO soot.jimple.infoflow.android.SetupApplication$InPlaceInfoflow - - $i0 = virtualinvoke $r0.<java.lang.Object: int hashCode()>() in method <kotlin.reflect.jvm.internal.impl.resolve.constants.ConstantValue: int hashCode()>
[main] INFO soot.jimple.infoflow.android.SetupApplication$InPlaceInfoflow - - $i0 = virtualinvoke $r0.<java.lang.Object: int hashCode()>() in method <kotlin.reflect.jvm.internal.impl.serialization.deserialization.IncompatibleVersionErrorData: int hashCode()>
[main] INFO soot.jimple.infoflow.android.SetupApplication$InPlaceInfoflow - - $r3 = virtualinvoke $r2.<java.lang.Object: java.lang.String toString()>() in method <com.adobe.marketing.mobile.MatcherEndsWith: java.lang.String toString()>
[main] INFO soot.jimple.infoflow.android.SetupApplication$InPlaceInfoflow - - $i1 = virtualinvoke $r0.<java.lang.Object: int hashCode()>() in method <io.reactivex.schedulers.Timed: int hashCode()>
[main] INFO soot.jimple.infoflow.android.SetupApplication$InPlaceInfoflow - - $r0 = virtualinvoke this.<com.bumptech.glide.manager.RequestManagerFragment: android.app.Fragment getParentFragment()>() in method <com.bumptech.glide.manager.RequestManagerFragment: android.app.Fragment getParentFragmentUsingHint()>
[main] INFO soot.jimple.infoflow.android.SetupApplication$InPlaceInfoflow - - $i0 = virtualinvoke $r0.<java.lang.Object: int hashCode()>() in method <lu.bgl.spm.data.models.portfolio.PortfolioModel$MultiMapKey4Values: int hashCode()>
[main] INFO soot.jimple.infoflow.android.SetupApplication$InPlaceInfoflow - - $i2 = virtualinvoke $r1.<java.lang.Object: int hashCode()>() in method <lu.bgl.spm.data.models.introduction.Teaser: int hashCode()>
[main] INFO soot.jimple.infoflow.android.SetupApplication$InPlaceInfoflow - - $i1 = virtualinvoke $r0.<java.lang.Object: int hashCode()>() in method <kotlin.Pair: int hashCode()>
[main] INFO soot.jimple.infoflow.android.SetupApplication$InPlaceInfoflow - - $i1 = virtualinvoke $r2.<java.lang.Object: int hashCode()>() in method <kotlin.collections.AbstractList$Companion: int orderedHashCode$kotlin_stdlib(java.util.Collection)>
[main] INFO soot.jimple.infoflow.android.SetupApplication$InPlaceInfoflow - - $r3 = virtualinvoke $r2.<java.lang.Object: java.lang.String toString()>() in method <com.adobe.marketing.mobile.MatcherGreaterThan: java.lang.String toString()>
[main] INFO soot.jimple.infoflow.android.SetupApplication$InPlaceInfoflow - - $i1 = virtualinvoke $r0.<java.lang.Object: int hashCode()>() in method <kotlin.collections.builders.MapBuilder$EntryRef: int hashCode()>
[main] INFO soot.jimple.infoflow.android.SetupApplication$InPlaceInfoflow - - $f0 = virtualinvoke $r2.<android.view.Display: float getRefreshRate()>() in method <com.faltenreich.skeletonlayout.BaseExtensionsKt: float refreshRateInSeconds(android.content.Context)>
[main] INFO soot.jimple.infoflow.android.SetupApplication$InPlaceInfoflow - - $i0 = virtualinvoke $r1.<java.lang.Object: int hashCode()>() in method <coil.request.Parameters$Entry: int hashCode()>
[main] INFO soot.jimple.infoflow.android.SetupApplication$InPlaceInfoflow - - $r4 = virtualinvoke $r0.<java.lang.Object: java.lang.String toString()>() in method <com.adobe.marketing.mobile.ContextData: java.lang.String toString()>
[main] INFO soot.jimple.infoflow.android.SetupApplication$InPlaceInfoflow - - $i0 = virtualinvoke $r1.<java.lang.Object: int hashCode()>() in method <kotlin.jvm.internal.AdaptedFunctionReference: int hashCode()>
[main] INFO soot.jimple.infoflow.android.SetupApplication$InPlaceInfoflow - - $r3 = virtualinvoke $r2.<java.lang.Object: java.lang.String toString()>() in method <com.adobe.marketing.mobile.MatcherLessThan: java.lang.String toString()>
[main] INFO soot.jimple.infoflow.android.SetupApplication$InPlaceInfoflow - - $i1 = virtualinvoke $r1.<java.lang.Object: int hashCode()>() in method <rx.Notification: int hashCode()>
[main] INFO soot.jimple.infoflow.android.SetupApplication$InPlaceInfoflow - - $i2 = virtualinvoke $r0.<java.lang.Object: int hashCode()>() in method <kotlin.reflect.jvm.internal.impl.serialization.deserialization.IncompatibleVersionErrorData: int hashCode()>
[main] INFO soot.jimple.infoflow.android.SetupApplication$InPlaceInfoflow - - $i1 = virtualinvoke $r0.<java.lang.Object: int hashCode()>() in method <lu.bgl.spm.data.models.portfolio.PortfolioModel$MultiMapKey4Values: int hashCode()>
[main] INFO soot.jimple.infoflow.android.SetupApplication$InPlaceInfoflow - - $i2 = virtualinvoke $r1.<java.lang.Object: int hashCode()>() in method <kotlin.collections.builders.ListBuilderKt: int subarrayContentHashCode(java.lang.Object[],int,int)>
[main] INFO soot.jimple.infoflow.android.SetupApplication$InPlaceInfoflow - - $i1 = virtualinvoke $r1.<java.lang.Object: int hashCode()>() in method <lu.bgl.spm.data.domain.directinvest.DirectInvestSimulationFragmentAdapterData: int hashCode()>
[main] INFO soot.jimple.infoflow.android.SetupApplication$InPlaceInfoflow - - $i1 = virtualinvoke $r0.<java.lang.Object: int hashCode()>() in method <kotlin.reflect.jvm.internal.impl.types.typesApproximation.ApproximationBounds: int hashCode()>
[main] INFO soot.jimple.infoflow.android.SetupApplication$InPlaceInfoflow - - $i0 = virtualinvoke $r0.<java.lang.Object: int hashCode()>() in method <kotlinx.coroutines.internal.SegmentOrClosed: int hashCode-impl(java.lang.Object)>
[main] INFO soot.jimple.infoflow.android.SetupApplication$InPlaceInfoflow - - $i2 = virtualinvoke $r1.<java.lang.Object: int hashCode()>() in method <lu.bgl.spm.data.domain.directinvest.DirectInvestSimulationFragmentAdapterData: int hashCode()>
[main] INFO soot.jimple.infoflow.android.SetupApplication$InPlaceInfoflow - - $r2 = virtualinvoke $r1.<java.lang.Object: java.lang.String toString()>() in method <rx.schedulers.Timestamped: java.lang.String toString()>
[main] INFO soot.jimple.infoflow.android.SetupApplication$InPlaceInfoflow - - $i1 = virtualinvoke $r0.<java.lang.Object: int hashCode()>() in method <lu.bgl.spm.data.models.portfolio.PortfolioModel$MultiMapKey4Values: int hashCode()>
[main] INFO soot.jimple.infoflow.android.SetupApplication$InPlaceInfoflow - - $i0 = virtualinvoke $r0.<java.lang.Object: int hashCode()>() in method <lu.bgl.spm.domainLayer.payment.models.common.ListItem: int hashCode()>
[main] INFO soot.jimple.infoflow.android.SetupApplication$InPlaceInfoflow - - $r13 = virtualinvoke $r1.<java.lang.Object: java.lang.String toString()>() in method <kotlin.reflect.jvm.internal.calls.AnnotationConstructorCallerKt$createAnnotationInstance$toString$2$1$1: java.lang.CharSequence invoke(java.util.Map$Entry)>
[main] INFO soot.jimple.infoflow.android.SetupApplication$InPlaceInfoflow - - $i0 = virtualinvoke $r0.<java.lang.Object: int hashCode()>() in method <io.reactivex.Notification: int hashCode()>
[main] INFO soot.jimple.infoflow.android.SetupApplication$InPlaceInfoflow - - $r3 = virtualinvoke $r2.<java.lang.Object: java.lang.String toString()>() in method <com.adobe.marketing.mobile.MatcherEquals: java.lang.String toString()>
[main] INFO soot.jimple.infoflow.android.SetupApplication$InPlaceInfoflow - - $i0 = virtualinvoke $r0.<java.lang.Object: int hashCode()>() in method <com.bumptech.glide.load.model.ModelCache$ModelKey: int hashCode()>
[main] INFO soot.jimple.infoflow.android.SetupApplication$InPlaceInfoflow - - $i1 = virtualinvoke $r0.<java.lang.Object: int hashCode()>() in method <kotlin.reflect.jvm.internal.impl.serialization.deserialization.IncompatibleVersionErrorData: int hashCode()>
[main] INFO soot.jimple.infoflow.android.SetupApplication$InPlaceInfoflow - - $i1 = virtualinvoke $r0.<java.lang.Object: int hashCode()>() in method <lu.bgl.spm.data.domain.directinvest.DirectInvestContractDetailFragmentAdapterData: int hashCode()>
[main] INFO soot.jimple.infoflow.android.SetupApplication$InPlaceInfoflow - - $r3 = virtualinvoke $r2.<java.lang.Object: java.lang.String toString()>() in method <com.adobe.marketing.mobile.MatcherNotEquals: java.lang.String toString()>
[main] INFO soot.jimple.infoflow.android.SetupApplication$InPlaceInfoflow - - $i0 = virtualinvoke $r0.<java.lang.Object: int hashCode()>() in method <kotlin.time.TimedValue: int hashCode()>
[main] INFO soot.jimple.infoflow.android.SetupApplication$InPlaceInfoflow - - $i1 = virtualinvoke $r0.<java.lang.Object: int hashCode()>() in method <com.squareup.moshi.LinkedHashTreeMap$Node: int hashCode()>
[main] INFO soot.jimple.infoflow.android.SetupApplication$InPlaceInfoflow - - $i0 = virtualinvoke $r0.<java.lang.Object: int hashCode()>() in method <kotlin.reflect.jvm.internal.impl.storage.LockBasedStorageManager$KeyWithComputation: int hashCode()>
[main] INFO soot.jimple.infoflow.android.SetupApplication$InPlaceInfoflow - - $i1 = virtualinvoke $r1.<java.lang.Object: int hashCode()>() in method <lu.bgl.spm.data.domain.portfolio.PortfolioMainAdapterData: int hashCode()>
[main] INFO soot.jimple.infoflow.android.SetupApplication$InPlaceInfoflow - - $r0 = virtualinvoke $r1.<java.lang.Object: java.lang.String toString()>() in method <com.fasterxml.jackson.databind.util.ClassUtil: java.lang.String nullOrToString(java.lang.Object)>
[main] INFO soot.jimple.infoflow.android.SetupApplication$InPlaceInfoflow - - $i0 = virtualinvoke $r0.<java.lang.Object: int hashCode()>() in method <lu.bgl.spm.data.domain.directinvest.DirectInvestContractDetailFragmentAdapterData: int hashCode()>
[main] INFO soot.jimple.infoflow.android.SetupApplication$InPlaceInfoflow - - $i1 = virtualinvoke $r2.<java.lang.Object: int hashCode()>() in method <kotlin.collections.builders.MapBuilder$EntriesItr: int nextHashCode$kotlin_stdlib()>
[main] INFO soot.jimple.infoflow.android.SetupApplication$InPlaceInfoflow - - $i0 = virtualinvoke $r4.<java.lang.Object: int hashCode()>() in method <kotlin.reflect.jvm.internal.calls.AnnotationConstructorCallerKt$createAnnotationInstance$hashCode$2: java.lang.Integer invoke()>
[main] INFO soot.jimple.infoflow.android.SetupApplication$InPlaceInfoflow - - $r3 = virtualinvoke $r2.<java.lang.Object: java.lang.String toString()>() in method <com.adobe.marketing.mobile.MatcherGreaterThanOrEqual: java.lang.String toString()>
[main] INFO soot.jimple.infoflow.android.SetupApplication$InPlaceInfoflow - - $i1 = virtualinvoke $r0.<java.lang.Object: int hashCode()>() in method <com.bumptech.glide.util.Util: int hashCode(java.lang.Object,int)>
[main] INFO soot.jimple.infoflow.android.SetupApplication$InPlaceInfoflow - - $i0 = virtualinvoke $r0.<java.lang.Object: int hashCode()>() in method <kotlin.collections.builders.MapBuilder$EntryRef: int hashCode()>
[main] INFO soot.jimple.infoflow.android.SetupApplication$InPlaceInfoflow - - $i1 = virtualinvoke $r0.<java.lang.Object: int hashCode()>() in method <kotlin.reflect.jvm.internal.impl.protobuf.SmallSortedMap$Entry: int hashCode()>
[main] INFO soot.jimple.infoflow.android.SetupApplication$InPlaceInfoflow - - $i0 = virtualinvoke $r0.<java.lang.Object: int hashCode()>() in method <com.bumptech.glide.load.engine.EngineKey: int hashCode()>
[main] INFO soot.jimple.infoflow.android.SetupApplication$InPlaceInfoflow - - $i0 = virtualinvoke $r0.<java.lang.Object: int hashCode()>() in method <kotlinx.serialization.internal.MapEntrySerializer$MapEntry: int hashCode()>
[main] INFO soot.jimple.infoflow.android.SetupApplication$InPlaceInfoflow - - $i0 = virtualinvoke $r0.<java.lang.Object: int hashCode()>() in method <com.fasterxml.jackson.databind.node.POJONode: int hashCode()>
[main] INFO soot.jimple.infoflow.android.SetupApplication$InPlaceInfoflow - - $r3 = virtualinvoke $r2.<java.lang.Object: java.lang.String toString()>() in method <com.adobe.marketing.mobile.MatcherLessThanOrEqual: java.lang.String toString()>
[main] INFO soot.jimple.infoflow.android.SetupApplication$InPlaceInfoflow - - $i0 = virtualinvoke $r0.<java.lang.Object: int hashCode()>() in method <com.squareup.moshi.LinkedHashTreeMap$Node: int hashCode()>
[main] INFO soot.jimple.infoflow.android.SetupApplication$InPlaceInfoflow - - $i0 = virtualinvoke $r0.<java.lang.Object: int hashCode()>() in method <rx.schedulers.TimeInterval: int hashCode()>
[main] INFO soot.jimple.infoflow.android.SetupApplication$InPlaceInfoflow - - $i2 = virtualinvoke $r1.<java.lang.Object: int hashCode()>() in method <lu.bgl.spm.dataLayer.core.models.network.NetworkServiceResponse: int hashCode()>
[main] INFO soot.jimple.infoflow.android.SetupApplication$InPlaceInfoflow - - $i0 = virtualinvoke $r0.<java.lang.Object: int hashCode()>() in method <rx.schedulers.Timestamped: int hashCode()>
[main] INFO soot.jimple.infoflow.android.SetupApplication$InPlaceInfoflow - - $r1 = virtualinvoke $r0.<java.lang.Object: java.lang.String toString()>() in method <com.fasterxml.jackson.databind.introspect.POJOPropertyBuilder$Linked: java.lang.String toString()>
[main] INFO soot.jimple.infoflow.android.SetupApplication$InPlaceInfoflow - - $i0 = virtualinvoke $r2.<java.lang.Object: int hashCode()>() in method <kotlin.collections.builders.MapBuilder$EntriesItr: int nextHashCode$kotlin_stdlib()>
[main] INFO soot.jimple.infoflow.android.SetupApplication$InPlaceInfoflow - - $r3 = virtualinvoke $r2.<java.lang.Object: java.lang.String toString()>() in method <kotlin.reflect.jvm.internal.impl.types.IntersectionTypeConstructor$makeDebugNameForIntersectionType$3: java.lang.CharSequence invoke(kotlin.reflect.jvm.internal.impl.types.KotlinType)>
[main] INFO soot.jimple.infoflow.android.SetupApplication$InPlaceInfoflow - - $i0 = virtualinvoke $r0.<java.lang.Object: int hashCode()>() in method <com.fasterxml.jackson.annotation.JacksonInject$Value: int hashCode()>
[main] INFO soot.jimple.infoflow.android.SetupApplication$InPlaceInfoflow - - $i0 = virtualinvoke $r0.<java.lang.Object: int hashCode()>() in method <kotlin.reflect.jvm.internal.impl.types.typesApproximation.ApproximationBounds: int hashCode()>
[main] INFO soot.jimple.infoflow.android.SetupApplication$InPlaceInfoflow - - $r3 = virtualinvoke $r2.<java.lang.Object: java.lang.String toString()>() in method <com.adobe.marketing.mobile.MatcherNotContains: java.lang.String toString()>
[main] INFO soot.jimple.infoflow.android.SetupApplication$InPlaceInfoflow - - $i1 = virtualinvoke $r0.<java.lang.Object: int hashCode()>() in method <kotlin.collections.IndexedValue: int hashCode()>
[main] INFO soot.jimple.infoflow.android.SetupApplication$InPlaceInfoflow - - $i0 = virtualinvoke $r0.<java.lang.Object: int hashCode()>() in method <com.bumptech.glide.signature.ObjectKey: int hashCode()>
[main] INFO soot.jimple.infoflow.android.SetupApplication$InPlaceInfoflow - - $i0 = virtualinvoke $r0.<java.lang.Object: int hashCode()>() in method <com.squareup.moshi.internal.Util: int hashCodeOrZero(java.lang.Object)>
[main] INFO soot.jimple.infoflow.android.SetupApplication$InPlaceInfoflow - - $r0 = virtualinvoke $r1.<java.lang.Object: java.lang.String toString()>() in method <com.fasterxml.jackson.databind.node.POJONode: java.lang.String asText()>
[main] INFO soot.jimple.infoflow.android.SetupApplication$InPlaceInfoflow - - $i1 = virtualinvoke $r0.<java.lang.Object: int hashCode()>() in method <lu.bgl.spm.data.models.portfolio.PortfolioModel$MultiMapKey4Values: int hashCode()>
[main] INFO soot.jimple.infoflow.android.SetupApplication$InPlaceInfoflow - - $i1 = virtualinvoke $r0.<java.lang.Object: int hashCode()>() in method <kotlinx.serialization.internal.MapEntrySerializer$MapEntry: int hashCode()>
[main] INFO soot.jimple.infoflow.android.SetupApplication$InPlaceInfoflow - - $i0 = virtualinvoke $r2.<java.lang.Object: int hashCode()>() in method <lu.bgl.spm.data.domain.portfolio.PortfolioPositionData: int hashCode()>
[main] INFO soot.jimple.infoflow.android.SetupApplication$InPlaceInfoflow - - $r3 = virtualinvoke $r2.<java.lang.Object: java.lang.String toString()>() in method <com.adobe.marketing.mobile.MatcherContains: java.lang.String toString()>
[main] INFO soot.jimple.infoflow.android.SetupApplication$InPlaceInfoflow - - $i0 = virtualinvoke $r0.<java.lang.Object: int hashCode()>() in method <kotlinx.coroutines.CompletedContinuation: int hashCode()>
[main] INFO soot.jimple.infoflow.android.SetupApplication$InPlaceInfoflow - - $i1 = virtualinvoke $r0.<java.lang.Object: int hashCode()>() in method <kotlin.Triple: int hashCode()>
[main] INFO soot.jimple.infoflow.android.SetupApplication$InPlaceInfoflow - - $i0 = virtualinvoke $r0.<java.lang.Object: int hashCode()>() in method <kotlin.Result: int hashCode-impl(java.lang.Object)>
[main] INFO soot.jimple.infoflow.android.SetupApplication$InPlaceInfoflow - - $i2 = virtualinvoke $r1.<java.lang.Object: int hashCode()>() in method <lu.bgl.spm.domainLayer.core.models.Teaser: int hashCode()>
[main] INFO soot.jimple.infoflow.android.SetupApplication$InPlaceInfoflow - - $r2 = virtualinvoke $r5.<java.lang.Object: java.lang.String toString()>() in method <kotlinx.coroutines.channels.BufferedChannel: java.lang.String toString()>
[main] INFO soot.jimple.infoflow.android.SetupApplication$InPlaceInfoflow - - $i0 = virtualinvoke $r0.<java.lang.Object: int hashCode()>() in method <kotlin.jvm.internal.TypeParameterReference: int hashCode()>
[main] INFO soot.jimple.infoflow.android.SetupApplication$InPlaceInfoflow - The sink $i2 = staticinvoke <android.util.Log: int d(java.lang.String,java.lang.String)>($r0, $r1) in method <com.onetrust.otpublishers.headless.Internal.Log.OTLogger: int a(java.lang.String,int,java.lang.String)> was called with values from the following sources:
[main] INFO soot.jimple.infoflow.android.SetupApplication$InPlaceInfoflow - - $i2 = virtualinvoke $r0.<java.lang.Object: int hashCode()>() in method <kotlin.Triple: int hashCode()>
[main] INFO soot.jimple.infoflow.android.SetupApplication$InPlaceInfoflow - - $i1 = virtualinvoke $r0.<java.lang.Object: int hashCode()>() in method <com.fasterxml.jackson.core.JsonLocation: int hashCode()>
[main] INFO soot.jimple.infoflow.android.SetupApplication$InPlaceInfoflow - - $i0 = virtualinvoke $r0.<java.lang.Object: int hashCode()>() in method <com.fasterxml.jackson.databind.util.RawValue: int hashCode()>
[main] INFO soot.jimple.infoflow.android.SetupApplication$InPlaceInfoflow - - $i0 = virtualinvoke $r1.<java.lang.Object: int hashCode()>() in method <com.medallia.digital.mobilesdk.CustomParameter: int hashCode()>
[main] INFO soot.jimple.infoflow.android.SetupApplication$InPlaceInfoflow - - $i1 = virtualinvoke $r0.<java.lang.Object: int hashCode()>() in method <kotlin.reflect.jvm.internal.impl.serialization.deserialization.IncompatibleVersionErrorData: int hashCode()>
[main] INFO soot.jimple.infoflow.android.SetupApplication$InPlaceInfoflow - - $i0 = virtualinvoke $r0.<java.lang.Object: int hashCode()>() in method <kotlin.reflect.jvm.internal.impl.resolve.constants.ConstantValue: int hashCode()>
[main] INFO soot.jimple.infoflow.android.SetupApplication$InPlaceInfoflow - - $i0 = virtualinvoke $r0.<java.lang.Object: int hashCode()>() in method <kotlin.reflect.jvm.internal.impl.serialization.deserialization.IncompatibleVersionErrorData: int hashCode()>
[main] INFO soot.jimple.infoflow.android.SetupApplication$InPlaceInfoflow - - $r0 = virtualinvoke $r5.<java.lang.Object: java.lang.String toString()>() in method <com.onetrust.otpublishers.headless.Internal.Helper.v: void a(java.lang.String,boolean)>
[main] INFO soot.jimple.infoflow.android.SetupApplication$InPlaceInfoflow - - $i1 = virtualinvoke $r0.<java.lang.Object: int hashCode()>() in method <io.reactivex.schedulers.Timed: int hashCode()>
[main] INFO soot.jimple.infoflow.android.SetupApplication$InPlaceInfoflow - - $i0 = virtualinvoke $r0.<java.lang.Object: int hashCode()>() in method <lu.bgl.spm.data.models.portfolio.PortfolioModel$MultiMapKey4Values: int hashCode()>
[main] INFO soot.jimple.infoflow.android.SetupApplication$InPlaceInfoflow - - $r4 = virtualinvoke $r0.<java.lang.Object: java.lang.String toString()>() in method <com.adobe.marketing.mobile.ContextData: java.lang.String toString()>
[main] INFO soot.jimple.infoflow.android.SetupApplication$InPlaceInfoflow - - $r11 = virtualinvoke $r10.<java.lang.Object: java.lang.String toString()>() in method <com.onetrust.otpublishers.headless.UI.adapter.d: void a(org.json.JSONObject,com.onetrust.otpublishers.headless.UI.adapter.d$a,java.lang.String,android.view.View)>
[main] INFO soot.jimple.infoflow.android.SetupApplication$InPlaceInfoflow - - $r8 = virtualinvoke $r6.<java.lang.Object: java.lang.String toString()>() in method <com.onetrust.otpublishers.headless.Internal.Helper.n: void a(android.content.SharedPreferences,org.json.JSONObject,com.onetrust.otpublishers.headless.Internal.Models.d)>
[main] INFO soot.jimple.infoflow.android.SetupApplication$InPlaceInfoflow - - $i1 = virtualinvoke $r1.<java.lang.Object: int hashCode()>() in method <lu.bgl.spm.data.domain.directinvest.DirectInvestSimulationFragmentAdapterData: int hashCode()>
[main] INFO soot.jimple.infoflow.android.SetupApplication$InPlaceInfoflow - - $r12 = virtualinvoke $r11.<java.lang.Object: java.lang.String toString()>() in method <com.onetrust.otpublishers.headless.cmp.ui.adapters.b: void a(org.json.JSONObject,com.onetrust.otpublishers.headless.cmp.ui.adapters.b,com.onetrust.otpublishers.headless.cmp.ui.adapters.b$a,java.lang.String,android.view.View)>
[main] INFO soot.jimple.infoflow.android.SetupApplication$InPlaceInfoflow - - $i1 = virtualinvoke $r0.<java.lang.Object: int hashCode()>() in method <kotlin.reflect.jvm.internal.impl.types.typesApproximation.ApproximationBounds: int hashCode()>
[main] INFO soot.jimple.infoflow.android.SetupApplication$InPlaceInfoflow - - $i2 = virtualinvoke $r1.<java.lang.Object: int hashCode()>() in method <lu.bgl.spm.data.domain.directinvest.DirectInvestSimulationFragmentAdapterData: int hashCode()>
[main] INFO soot.jimple.infoflow.android.SetupApplication$InPlaceInfoflow - - $r2 = virtualinvoke $r1.<java.lang.Object: java.lang.String toString()>() in method <rx.schedulers.Timestamped: java.lang.String toString()>
[main] INFO soot.jimple.infoflow.android.SetupApplication$InPlaceInfoflow - - $r4 = virtualinvoke $r6.<java.lang.Object: java.lang.String toString()>() in method <com.onetrust.otpublishers.headless.Public.OTPublishersHeadlessSDK: void updateAllSDKConsentStatus(org.json.JSONArray,boolean)>
[main] INFO soot.jimple.infoflow.android.SetupApplication$InPlaceInfoflow - - $r11 = virtualinvoke $r10.<android.content.Context: android.content.pm.ApplicationInfo getApplicationInfo()>() in method <com.onetrust.otpublishers.headless.Internal.Models.c: void a(java.lang.String,java.lang.String,java.lang.String,org.json.JSONObject)>
[main] INFO soot.jimple.infoflow.android.SetupApplication$InPlaceInfoflow - - $i0 = virtualinvoke $r0.<java.lang.Object: int hashCode()>() in method <kotlin.reflect.jvm.internal.impl.storage.LockBasedStorageManager$KeyWithComputation: int hashCode()>
[main] INFO soot.jimple.infoflow.android.SetupApplication$InPlaceInfoflow - - $i0 = virtualinvoke $r4.<java.lang.Object: int hashCode()>() in method <kotlin.reflect.jvm.internal.calls.AnnotationConstructorCallerKt$createAnnotationInstance$hashCode$2: java.lang.Integer invoke()>
[main] INFO soot.jimple.infoflow.android.SetupApplication$InPlaceInfoflow - - $r3 = virtualinvoke $r2.<java.lang.Object: java.lang.String toString()>() in method <com.adobe.marketing.mobile.MatcherGreaterThanOrEqual: java.lang.String toString()>
[main] INFO soot.jimple.infoflow.android.SetupApplication$InPlaceInfoflow - - $i1 = virtualinvoke $r0.<java.lang.Object: int hashCode()>() in method <com.bumptech.glide.util.Util: int hashCode(java.lang.Object,int)>
[main] INFO soot.jimple.infoflow.android.SetupApplication$InPlaceInfoflow - - $i0 = virtualinvoke $r0.<java.lang.Object: int hashCode()>() in method <kotlin.collections.builders.MapBuilder$EntryRef: int hashCode()>
[main] INFO soot.jimple.infoflow.android.SetupApplication$InPlaceInfoflow - - $r0 = virtualinvoke $r4.<java.lang.Object: java.lang.String toString()>() in method <com.onetrust.otpublishers.headless.UI.fragment.f: void a(java.lang.String,boolean)>
[main] INFO soot.jimple.infoflow.android.SetupApplication$InPlaceInfoflow - - $r3 = virtualinvoke $r2.<java.lang.Object: java.lang.String toString()>() in method <com.adobe.marketing.mobile.MatcherLessThanOrEqual: java.lang.String toString()>
[main] INFO soot.jimple.infoflow.android.SetupApplication$InPlaceInfoflow - - $i0 = virtualinvoke $r0.<java.lang.Object: int hashCode()>() in method <com.squareup.moshi.LinkedHashTreeMap$Node: int hashCode()>
[main] INFO soot.jimple.infoflow.android.SetupApplication$InPlaceInfoflow - - $i0 = virtualinvoke $r0.<java.lang.Object: int hashCode()>() in method <com.fasterxml.jackson.annotation.JacksonInject$Value: int hashCode()>
[main] INFO soot.jimple.infoflow.android.SetupApplication$InPlaceInfoflow - - $r3 = virtualinvoke $r2.<java.lang.Object: java.lang.String toString()>() in method <com.adobe.marketing.mobile.MatcherNotContains: java.lang.String toString()>
[main] INFO soot.jimple.infoflow.android.SetupApplication$InPlaceInfoflow - - $i1 = virtualinvoke $r0.<java.lang.Object: int hashCode()>() in method <kotlin.collections.IndexedValue: int hashCode()>
[main] INFO soot.jimple.infoflow.android.SetupApplication$InPlaceInfoflow - - $i0 = virtualinvoke $r0.<java.lang.Object: int hashCode()>() in method <com.squareup.moshi.internal.Util: int hashCodeOrZero(java.lang.Object)>
[main] INFO soot.jimple.infoflow.android.SetupApplication$InPlaceInfoflow - - $i1 = virtualinvoke $r0.<java.lang.Object: int hashCode()>() in method <lu.bgl.spm.data.models.portfolio.PortfolioModel$MultiMapKey4Values: int hashCode()>
[main] INFO soot.jimple.infoflow.android.SetupApplication$InPlaceInfoflow - - $i0 = virtualinvoke $r2.<java.lang.Object: int hashCode()>() in method <lu.bgl.spm.data.domain.portfolio.PortfolioPositionData: int hashCode()>
[main] INFO soot.jimple.infoflow.android.SetupApplication$InPlaceInfoflow - - $r3 = virtualinvoke $r2.<java.lang.Object: java.lang.String toString()>() in method <com.adobe.marketing.mobile.MatcherContains: java.lang.String toString()>
[main] INFO soot.jimple.infoflow.android.SetupApplication$InPlaceInfoflow - - $r0 = virtualinvoke $r4.<java.lang.Object: java.lang.String toString()>() in method <com.onetrust.otpublishers.headless.cmp.ui.fragments.a: void a(java.lang.String,boolean)>
[main] INFO soot.jimple.infoflow.android.SetupApplication$InPlaceInfoflow - - $r0 = virtualinvoke $r10.<java.lang.Object: java.lang.String toString()>() in method <com.onetrust.otpublishers.headless.UI.adapter.c: void a(java.lang.String,java.lang.String,boolean,boolean)>
[main] INFO soot.jimple.infoflow.android.SetupApplication$InPlaceInfoflow - - $r2 = virtualinvoke $r5.<java.lang.Object: java.lang.String toString()>() in method <kotlinx.coroutines.channels.BufferedChannel: java.lang.String toString()>
[main] INFO soot.jimple.infoflow.android.SetupApplication$InPlaceInfoflow - - $r2 = virtualinvoke $r12.<java.lang.Object: java.lang.String toString()>() in method <com.onetrust.otpublishers.headless.Internal.Helper.c0: void a(android.content.Context,java.lang.String)>
[main] INFO soot.jimple.infoflow.android.SetupApplication$InPlaceInfoflow - - $r11 = virtualinvoke $r1.<java.lang.Object: java.lang.String toString()>() in method <com.onetrust.otpublishers.headless.UI.fragment.i: void a()>
[main] INFO soot.jimple.infoflow.android.SetupApplication$InPlaceInfoflow - - $i0 = virtualinvoke $r2.<java.lang.Object: int hashCode()>() in method <kotlin.collections.AbstractSet$Companion: int unorderedHashCode$kotlin_stdlib(java.util.Collection)>
[main] INFO soot.jimple.infoflow.android.SetupApplication$InPlaceInfoflow - - $i2 = virtualinvoke $r1.<java.lang.Object: int hashCode()>() in method <lu.bgl.spm.dataLayer.remote.core.models.Teaser: int hashCode()>
[main] INFO soot.jimple.infoflow.android.SetupApplication$InPlaceInfoflow - - $i1 = virtualinvoke $r1.<java.lang.Object: int hashCode()>() in method <coil.request.ImageRequest: int hashCode()>
[main] INFO soot.jimple.infoflow.android.SetupApplication$InPlaceInfoflow - - $i0 = virtualinvoke $r0.<java.lang.Object: int hashCode()>() in method <kotlinx.coroutines.internal.InlineList: int hashCode-impl(java.lang.Object)>
[main] INFO soot.jimple.infoflow.android.SetupApplication$InPlaceInfoflow - - $i1 = virtualinvoke $r0.<java.lang.Object: int hashCode()>() in method <kotlinx.coroutines.CompletedContinuation: int hashCode()>
[main] INFO soot.jimple.infoflow.android.SetupApplication$InPlaceInfoflow - - $i0 = virtualinvoke $r0.<java.lang.Object: int hashCode()>() in method <kotlin.Pair: int hashCode()>
[main] INFO soot.jimple.infoflow.android.SetupApplication$InPlaceInfoflow - - $i0 = virtualinvoke $r0.<java.lang.Object: int hashCode()>() in method <kotlin.Triple: int hashCode()>
[main] INFO soot.jimple.infoflow.android.SetupApplication$InPlaceInfoflow - - $i0 = virtualinvoke $r0.<java.lang.Object: int hashCode()>() in method <kotlinx.coroutines.channels.ChannelResult: int hashCode-impl(java.lang.Object)>
[main] INFO soot.jimple.infoflow.android.SetupApplication$InPlaceInfoflow - - $r3 = virtualinvoke $r2.<java.lang.Object: java.lang.String toString()>() in method <com.adobe.marketing.mobile.MatcherStartsWith: java.lang.String toString()>
[main] INFO soot.jimple.infoflow.android.SetupApplication$InPlaceInfoflow - - $r3 = virtualinvoke $r2.<java.lang.Object: java.lang.String toString()>() in method <com.adobe.marketing.mobile.MatcherEndsWith: java.lang.String toString()>
[main] INFO soot.jimple.infoflow.android.SetupApplication$InPlaceInfoflow - - $r0 = virtualinvoke $r4.<java.lang.Object: java.lang.String toString()>() in method <com.onetrust.otpublishers.headless.Internal.Helper.i0: org.json.JSONArray b(java.lang.String)>
[main] INFO soot.jimple.infoflow.android.SetupApplication$InPlaceInfoflow - - $r0 = virtualinvoke this.<com.bumptech.glide.manager.RequestManagerFragment: android.app.Fragment getParentFragment()>() in method <com.bumptech.glide.manager.RequestManagerFragment: android.app.Fragment getParentFragmentUsingHint()>
[main] INFO soot.jimple.infoflow.android.SetupApplication$InPlaceInfoflow - - $i2 = virtualinvoke $r1.<java.lang.Object: int hashCode()>() in method <lu.bgl.spm.data.models.introduction.Teaser: int hashCode()>
[main] INFO soot.jimple.infoflow.android.SetupApplication$InPlaceInfoflow - - $i1 = virtualinvoke $r0.<java.lang.Object: int hashCode()>() in method <kotlin.Pair: int hashCode()>
[main] INFO soot.jimple.infoflow.android.SetupApplication$InPlaceInfoflow - - $i1 = virtualinvoke $r2.<java.lang.Object: int hashCode()>() in method <kotlin.collections.AbstractList$Companion: int orderedHashCode$kotlin_stdlib(java.util.Collection)>
[main] INFO soot.jimple.infoflow.android.SetupApplication$InPlaceInfoflow - - $r3 = virtualinvoke $r2.<java.lang.Object: java.lang.String toString()>() in method <com.adobe.marketing.mobile.MatcherGreaterThan: java.lang.String toString()>
[main] INFO soot.jimple.infoflow.android.SetupApplication$InPlaceInfoflow - - $i1 = virtualinvoke $r0.<java.lang.Object: int hashCode()>() in method <kotlin.collections.builders.MapBuilder$EntryRef: int hashCode()>
[main] INFO soot.jimple.infoflow.android.SetupApplication$InPlaceInfoflow - - $f0 = virtualinvoke $r2.<android.view.Display: float getRefreshRate()>() in method <com.faltenreich.skeletonlayout.BaseExtensionsKt: float refreshRateInSeconds(android.content.Context)>
[main] INFO soot.jimple.infoflow.android.SetupApplication$InPlaceInfoflow - - $r2 = virtualinvoke $r10.<java.lang.Object: java.lang.String toString()>() in method <com.onetrust.otpublishers.headless.UI.adapter.d: void a(org.json.JSONObject,com.onetrust.otpublishers.headless.UI.adapter.d$a,java.lang.String,android.view.View)>
[main] INFO soot.jimple.infoflow.android.SetupApplication$InPlaceInfoflow - - $i0 = virtualinvoke $r1.<java.lang.Object: int hashCode()>() in method <coil.request.Parameters$Entry: int hashCode()>
[main] INFO soot.jimple.infoflow.android.SetupApplication$InPlaceInfoflow - - $i0 = virtualinvoke $r1.<java.lang.Object: int hashCode()>() in method <kotlin.jvm.internal.AdaptedFunctionReference: int hashCode()>
[main] INFO soot.jimple.infoflow.android.SetupApplication$InPlaceInfoflow - - $r3 = virtualinvoke $r2.<java.lang.Object: java.lang.String toString()>() in method <com.adobe.marketing.mobile.MatcherLessThan: java.lang.String toString()>
[main] INFO soot.jimple.infoflow.android.SetupApplication$InPlaceInfoflow - - $i1 = virtualinvoke $r1.<java.lang.Object: int hashCode()>() in method <rx.Notification: int hashCode()>
[main] INFO soot.jimple.infoflow.android.SetupApplication$InPlaceInfoflow - - $i2 = virtualinvoke $r0.<java.lang.Object: int hashCode()>() in method <kotlin.reflect.jvm.internal.impl.serialization.deserialization.IncompatibleVersionErrorData: int hashCode()>
[main] INFO soot.jimple.infoflow.android.SetupApplication$InPlaceInfoflow - - $i1 = virtualinvoke $r0.<java.lang.Object: int hashCode()>() in method <lu.bgl.spm.data.models.portfolio.PortfolioModel$MultiMapKey4Values: int hashCode()>
[main] INFO soot.jimple.infoflow.android.SetupApplication$InPlaceInfoflow - - $i2 = virtualinvoke $r1.<java.lang.Object: int hashCode()>() in method <kotlin.collections.builders.ListBuilderKt: int subarrayContentHashCode(java.lang.Object[],int,int)>
[main] INFO soot.jimple.infoflow.android.SetupApplication$InPlaceInfoflow - - $i0 = virtualinvoke $r0.<java.lang.Object: int hashCode()>() in method <kotlinx.coroutines.internal.SegmentOrClosed: int hashCode-impl(java.lang.Object)>
[main] INFO soot.jimple.infoflow.android.SetupApplication$InPlaceInfoflow - - $r5 = virtualinvoke $r8.<java.lang.Object: java.lang.String toString()>() in method <com.onetrust.otpublishers.headless.Public.OTPublishersHeadlessSDK: void updatePurposeConsent(java.lang.String,boolean,boolean)>
[main] INFO soot.jimple.infoflow.android.SetupApplication$InPlaceInfoflow - - $i1 = virtualinvoke $r0.<java.lang.Object: int hashCode()>() in method <lu.bgl.spm.data.models.portfolio.PortfolioModel$MultiMapKey4Values: int hashCode()>
[main] INFO soot.jimple.infoflow.android.SetupApplication$InPlaceInfoflow - - $i0 = virtualinvoke $r0.<java.lang.Object: int hashCode()>() in method <lu.bgl.spm.domainLayer.payment.models.common.ListItem: int hashCode()>
[main] INFO soot.jimple.infoflow.android.SetupApplication$InPlaceInfoflow - - $i0 = virtualinvoke $r0.<java.lang.Object: int hashCode()>() in method <io.reactivex.Notification: int hashCode()>
[main] INFO soot.jimple.infoflow.android.SetupApplication$InPlaceInfoflow - - $r2 = virtualinvoke $r1.<android.content.res.Resources: android.content.res.Configuration getConfiguration()>() in method <com.onetrust.otpublishers.headless.UI.TVUI.fragments.a: void a()>
[main] INFO soot.jimple.infoflow.android.SetupApplication$InPlaceInfoflow - - $r3 = virtualinvoke $r2.<java.lang.Object: java.lang.String toString()>() in method <com.adobe.marketing.mobile.MatcherEquals: java.lang.String toString()>
[main] INFO soot.jimple.infoflow.android.SetupApplication$InPlaceInfoflow - - $i0 = virtualinvoke $r0.<java.lang.Object: int hashCode()>() in method <com.bumptech.glide.load.model.ModelCache$ModelKey: int hashCode()>
[main] INFO soot.jimple.infoflow.android.SetupApplication$InPlaceInfoflow - - $i1 = virtualinvoke $r0.<java.lang.Object: int hashCode()>() in method <kotlin.reflect.jvm.internal.impl.serialization.deserialization.IncompatibleVersionErrorData: int hashCode()>
[main] INFO soot.jimple.infoflow.android.SetupApplication$InPlaceInfoflow - - $i1 = virtualinvoke $r0.<java.lang.Object: int hashCode()>() in method <lu.bgl.spm.data.domain.directinvest.DirectInvestContractDetailFragmentAdapterData: int hashCode()>
[main] INFO soot.jimple.infoflow.android.SetupApplication$InPlaceInfoflow - - $r3 = virtualinvoke $r2.<java.lang.Object: java.lang.String toString()>() in method <com.adobe.marketing.mobile.MatcherNotEquals: java.lang.String toString()>
[main] INFO soot.jimple.infoflow.android.SetupApplication$InPlaceInfoflow - - $i0 = virtualinvoke $r0.<java.lang.Object: int hashCode()>() in method <kotlin.time.TimedValue: int hashCode()>
[main] INFO soot.jimple.infoflow.android.SetupApplication$InPlaceInfoflow - - $i1 = virtualinvoke $r0.<java.lang.Object: int hashCode()>() in method <com.squareup.moshi.LinkedHashTreeMap$Node: int hashCode()>
[main] INFO soot.jimple.infoflow.android.SetupApplication$InPlaceInfoflow - - $i1 = virtualinvoke $r1.<java.lang.Object: int hashCode()>() in method <lu.bgl.spm.data.domain.portfolio.PortfolioMainAdapterData: int hashCode()>
[main] INFO soot.jimple.infoflow.android.SetupApplication$InPlaceInfoflow - - $i0 = virtualinvoke $r0.<java.lang.Object: int hashCode()>() in method <lu.bgl.spm.data.domain.directinvest.DirectInvestContractDetailFragmentAdapterData: int hashCode()>
[main] INFO soot.jimple.infoflow.android.SetupApplication$InPlaceInfoflow - - $i1 = virtualinvoke $r2.<java.lang.Object: int hashCode()>() in method <kotlin.collections.builders.MapBuilder$EntriesItr: int nextHashCode$kotlin_stdlib()>
[main] INFO soot.jimple.infoflow.android.SetupApplication$InPlaceInfoflow - - $r2 = virtualinvoke $r6.<java.lang.Object: java.lang.String toString()>() in method <com.onetrust.otpublishers.headless.Internal.Helper.s: void a(org.json.JSONObject,java.lang.String,int,int,android.content.Context)>
[main] INFO soot.jimple.infoflow.android.SetupApplication$InPlaceInfoflow - - $r5 = virtualinvoke $r10.<java.lang.Object: java.lang.String toString()>() in method <com.onetrust.otpublishers.headless.UI.fragment.f: void b(androidx.appcompat.widget.SwitchCompat,boolean)>
[main] INFO soot.jimple.infoflow.android.SetupApplication$InPlaceInfoflow - - $i1 = virtualinvoke $r0.<java.lang.Object: int hashCode()>() in method <kotlin.reflect.jvm.internal.impl.protobuf.SmallSortedMap$Entry: int hashCode()>
[main] INFO soot.jimple.infoflow.android.SetupApplication$InPlaceInfoflow - - $i0 = virtualinvoke $r0.<java.lang.Object: int hashCode()>() in method <com.bumptech.glide.load.engine.EngineKey: int hashCode()>
[main] INFO soot.jimple.infoflow.android.SetupApplication$InPlaceInfoflow - - $i0 = virtualinvoke $r0.<java.lang.Object: int hashCode()>() in method <kotlinx.serialization.internal.MapEntrySerializer$MapEntry: int hashCode()>
[main] INFO soot.jimple.infoflow.android.SetupApplication$InPlaceInfoflow - - $i0 = virtualinvoke $r0.<java.lang.Object: int hashCode()>() in method <com.fasterxml.jackson.databind.node.POJONode: int hashCode()>
[main] INFO soot.jimple.infoflow.android.SetupApplication$InPlaceInfoflow - - $i0 = virtualinvoke $r0.<java.lang.Object: int hashCode()>() in method <rx.schedulers.TimeInterval: int hashCode()>
[main] INFO soot.jimple.infoflow.android.SetupApplication$InPlaceInfoflow - - $i2 = virtualinvoke $r1.<java.lang.Object: int hashCode()>() in method <lu.bgl.spm.dataLayer.core.models.network.NetworkServiceResponse: int hashCode()>
[main] INFO soot.jimple.infoflow.android.SetupApplication$InPlaceInfoflow - - $r4 = virtualinvoke $r11.<java.lang.Object: java.lang.String toString()>() in method <com.onetrust.otpublishers.headless.cmp.ui.adapters.b: void a(org.json.JSONObject,com.onetrust.otpublishers.headless.cmp.ui.adapters.b,com.onetrust.otpublishers.headless.cmp.ui.adapters.b$a,java.lang.String,android.view.View)>
[main] INFO soot.jimple.infoflow.android.SetupApplication$InPlaceInfoflow - - $i0 = virtualinvoke $r0.<java.lang.Object: int hashCode()>() in method <rx.schedulers.Timestamped: int hashCode()>
[main] INFO soot.jimple.infoflow.android.SetupApplication$InPlaceInfoflow - - $r1 = virtualinvoke $r0.<java.lang.Object: java.lang.String toString()>() in method <com.fasterxml.jackson.databind.introspect.POJOPropertyBuilder$Linked: java.lang.String toString()>
[main] INFO soot.jimple.infoflow.android.SetupApplication$InPlaceInfoflow - - $i0 = virtualinvoke $r2.<java.lang.Object: int hashCode()>() in method <kotlin.collections.builders.MapBuilder$EntriesItr: int nextHashCode$kotlin_stdlib()>
[main] INFO soot.jimple.infoflow.android.SetupApplication$InPlaceInfoflow - - $i0 = virtualinvoke $r0.<java.lang.Object: int hashCode()>() in method <kotlin.reflect.jvm.internal.impl.types.typesApproximation.ApproximationBounds: int hashCode()>
[main] INFO soot.jimple.infoflow.android.SetupApplication$InPlaceInfoflow - - $i0 = virtualinvoke $r0.<java.lang.Object: int hashCode()>() in method <com.bumptech.glide.signature.ObjectKey: int hashCode()>
[main] INFO soot.jimple.infoflow.android.SetupApplication$InPlaceInfoflow - - $i1 = virtualinvoke $r0.<java.lang.Object: int hashCode()>() in method <kotlinx.serialization.internal.MapEntrySerializer$MapEntry: int hashCode()>
[main] INFO soot.jimple.infoflow.android.SetupApplication$InPlaceInfoflow - - $i0 = virtualinvoke $r0.<java.lang.Object: int hashCode()>() in method <kotlinx.coroutines.CompletedContinuation: int hashCode()>
[main] INFO soot.jimple.infoflow.android.SetupApplication$InPlaceInfoflow - - $r0 = virtualinvoke $r9.<java.lang.Object: java.lang.String toString()>() in method <com.onetrust.otpublishers.headless.cmp.ui.adapters.a: void a(java.lang.String,java.lang.String,boolean,boolean)>
[main] INFO soot.jimple.infoflow.android.SetupApplication$InPlaceInfoflow - - $i1 = virtualinvoke $r0.<java.lang.Object: int hashCode()>() in method <kotlin.Triple: int hashCode()>
[main] INFO soot.jimple.infoflow.android.SetupApplication$InPlaceInfoflow - - $i0 = virtualinvoke $r0.<java.lang.Object: int hashCode()>() in method <kotlin.Result: int hashCode-impl(java.lang.Object)>
[main] INFO soot.jimple.infoflow.android.SetupApplication$InPlaceInfoflow - - $r6 = virtualinvoke $r7.<java.lang.Object: java.lang.String toString()>() in method <com.onetrust.otpublishers.headless.Internal.Helper.n: void a(android.content.SharedPreferences,org.json.JSONObject,android.content.Context,com.onetrust.otpublishers.headless.Internal.Preferences.g,boolean,boolean)>
[main] INFO soot.jimple.infoflow.android.SetupApplication$InPlaceInfoflow - - $i2 = virtualinvoke $r1.<java.lang.Object: int hashCode()>() in method <lu.bgl.spm.domainLayer.core.models.Teaser: int hashCode()>
[main] INFO soot.jimple.infoflow.android.SetupApplication$InPlaceInfoflow - - $i0 = virtualinvoke $r0.<java.lang.Object: int hashCode()>() in method <kotlin.jvm.internal.TypeParameterReference: int hashCode()>
[main] INFO soot.jimple.infoflow.android.SetupApplication$InPlaceInfoflow - The sink virtualinvoke $r10.<android.content.Context: void startActivity(android.content.Intent)>($r17) in method <com.medallia.digital.mobilesdk.r2: void a(com.medallia.digital.mobilesdk.j2,boolean,com.medallia.digital.mobilesdk.MDResultCallback)> was called with values from the following sources:
[main] INFO soot.jimple.infoflow.android.SetupApplication$InPlaceInfoflow - - $r0 = virtualinvoke $r1.<android.app.Application: android.content.Context getApplicationContext()>() in method <com.medallia.digital.mobilesdk.i4: android.content.Context b()>
[main] INFO soot.jimple.infoflow.android.SetupApplication$InPlaceInfoflow - The sink staticinvoke <android.util.Log: int i(java.lang.String,java.lang.String)>("CameraConfiguration", $r2) in method <com.journeyapps.barcodescanner.camera.CameraConfigurationUtils: void setBestPreviewFPS(android.hardware.Camera$Parameters,int,int)> was called with values from the following sources:
[main] INFO soot.jimple.infoflow.android.SetupApplication$InPlaceInfoflow - - $r1 = virtualinvoke $r0.<android.hardware.Camera$Parameters: java.util.List getSupportedPreviewFpsRange()>() in method <com.journeyapps.barcodescanner.camera.CameraConfigurationUtils: void setBestPreviewFPS(android.hardware.Camera$Parameters,int,int)>
[main] INFO soot.jimple.infoflow.android.SetupApplication$InPlaceInfoflow - The sink staticinvoke <android.util.Log: int w(java.lang.String,java.lang.String)>("AdobeExperienceSDK", $r0) in method <com.adobe.marketing.mobile.AndroidLoggingService: void warning(java.lang.String,java.lang.String)> was called with values from the following sources:
[main] INFO soot.jimple.infoflow.android.SetupApplication$InPlaceInfoflow - - $r1 = virtualinvoke $r0.<android.content.Context: java.io.File getCacheDir()>() in method <com.adobe.marketing.mobile.services.DeviceInfoService: java.io.File getApplicationCacheDir()>
[main] INFO soot.jimple.infoflow.android.SetupApplication$InPlaceInfoflow - - $r5 = virtualinvoke $r1.<android.app.Activity: java.lang.String getLocalClassName()>() in method <com.adobe.marketing.mobile.services.ui.FloatingButtonManager$3: void run()>
[main] INFO soot.jimple.infoflow.android.SetupApplication$InPlaceInfoflow - - $r5 = virtualinvoke $r4.<android.app.Activity: java.lang.String getLocalClassName()>() in method <com.adobe.marketing.mobile.services.ui.FloatingButtonManager$2: void run()>
[main] INFO soot.jimple.infoflow.android.SetupApplication$InPlaceInfoflow - The sink $i2 = staticinvoke <android.util.Log: int e(java.lang.String,java.lang.String)>($r0, $r1) in method <com.onetrust.otpublishers.headless.Internal.Log.OTLogger: int a(java.lang.String,int,java.lang.String)> was called with values from the following sources:
[main] INFO soot.jimple.infoflow.android.SetupApplication$InPlaceInfoflow - - $i2 = virtualinvoke $r0.<java.lang.Object: int hashCode()>() in method <kotlin.Triple: int hashCode()>
[main] INFO soot.jimple.infoflow.android.SetupApplication$InPlaceInfoflow - - $i1 = virtualinvoke $r0.<java.lang.Object: int hashCode()>() in method <com.fasterxml.jackson.core.JsonLocation: int hashCode()>
[main] INFO soot.jimple.infoflow.android.SetupApplication$InPlaceInfoflow - - $i0 = virtualinvoke $r0.<java.lang.Object: int hashCode()>() in method <com.fasterxml.jackson.databind.util.RawValue: int hashCode()>
[main] INFO soot.jimple.infoflow.android.SetupApplication$InPlaceInfoflow - - $i0 = virtualinvoke $r1.<java.lang.Object: int hashCode()>() in method <com.medallia.digital.mobilesdk.CustomParameter: int hashCode()>
[main] INFO soot.jimple.infoflow.android.SetupApplication$InPlaceInfoflow - - $i1 = virtualinvoke $r0.<java.lang.Object: int hashCode()>() in method <kotlin.reflect.jvm.internal.impl.serialization.deserialization.IncompatibleVersionErrorData: int hashCode()>
[main] INFO soot.jimple.infoflow.android.SetupApplication$InPlaceInfoflow - - $i0 = virtualinvoke $r0.<java.lang.Object: int hashCode()>() in method <kotlin.reflect.jvm.internal.impl.resolve.constants.ConstantValue: int hashCode()>
[main] INFO soot.jimple.infoflow.android.SetupApplication$InPlaceInfoflow - - $i0 = virtualinvoke $r0.<java.lang.Object: int hashCode()>() in method <kotlin.reflect.jvm.internal.impl.serialization.deserialization.IncompatibleVersionErrorData: int hashCode()>
[main] INFO soot.jimple.infoflow.android.SetupApplication$InPlaceInfoflow - - $r0 = virtualinvoke $r5.<java.lang.Object: java.lang.String toString()>() in method <com.onetrust.otpublishers.headless.Internal.Helper.v: void a(java.lang.String,boolean)>
[main] INFO soot.jimple.infoflow.android.SetupApplication$InPlaceInfoflow - - $i1 = virtualinvoke $r0.<java.lang.Object: int hashCode()>() in method <io.reactivex.schedulers.Timed: int hashCode()>
[main] INFO soot.jimple.infoflow.android.SetupApplication$InPlaceInfoflow - - $i0 = virtualinvoke $r0.<java.lang.Object: int hashCode()>() in method <lu.bgl.spm.data.models.portfolio.PortfolioModel$MultiMapKey4Values: int hashCode()>
[main] INFO soot.jimple.infoflow.android.SetupApplication$InPlaceInfoflow - - $r4 = virtualinvoke $r0.<java.lang.Object: java.lang.String toString()>() in method <com.adobe.marketing.mobile.ContextData: java.lang.String toString()>
[main] INFO soot.jimple.infoflow.android.SetupApplication$InPlaceInfoflow - - $r11 = virtualinvoke $r10.<java.lang.Object: java.lang.String toString()>() in method <com.onetrust.otpublishers.headless.UI.adapter.d: void a(org.json.JSONObject,com.onetrust.otpublishers.headless.UI.adapter.d$a,java.lang.String,android.view.View)>
[main] INFO soot.jimple.infoflow.android.SetupApplication$InPlaceInfoflow - - $r8 = virtualinvoke $r6.<java.lang.Object: java.lang.String toString()>() in method <com.onetrust.otpublishers.headless.Internal.Helper.n: void a(android.content.SharedPreferences,org.json.JSONObject,com.onetrust.otpublishers.headless.Internal.Models.d)>
[main] INFO soot.jimple.infoflow.android.SetupApplication$InPlaceInfoflow - - $i1 = virtualinvoke $r1.<java.lang.Object: int hashCode()>() in method <lu.bgl.spm.data.domain.directinvest.DirectInvestSimulationFragmentAdapterData: int hashCode()>
[main] INFO soot.jimple.infoflow.android.SetupApplication$InPlaceInfoflow - - $r12 = virtualinvoke $r11.<java.lang.Object: java.lang.String toString()>() in method <com.onetrust.otpublishers.headless.cmp.ui.adapters.b: void a(org.json.JSONObject,com.onetrust.otpublishers.headless.cmp.ui.adapters.b,com.onetrust.otpublishers.headless.cmp.ui.adapters.b$a,java.lang.String,android.view.View)>
[main] INFO soot.jimple.infoflow.android.SetupApplication$InPlaceInfoflow - - $i1 = virtualinvoke $r0.<java.lang.Object: int hashCode()>() in method <kotlin.reflect.jvm.internal.impl.types.typesApproximation.ApproximationBounds: int hashCode()>
[main] INFO soot.jimple.infoflow.android.SetupApplication$InPlaceInfoflow - - $i2 = virtualinvoke $r1.<java.lang.Object: int hashCode()>() in method <lu.bgl.spm.data.domain.directinvest.DirectInvestSimulationFragmentAdapterData: int hashCode()>
[main] INFO soot.jimple.infoflow.android.SetupApplication$InPlaceInfoflow - - $r2 = virtualinvoke $r1.<java.lang.Object: java.lang.String toString()>() in method <rx.schedulers.Timestamped: java.lang.String toString()>
[main] INFO soot.jimple.infoflow.android.SetupApplication$InPlaceInfoflow - - $r4 = virtualinvoke $r6.<java.lang.Object: java.lang.String toString()>() in method <com.onetrust.otpublishers.headless.Public.OTPublishersHeadlessSDK: void updateAllSDKConsentStatus(org.json.JSONArray,boolean)>
[main] INFO soot.jimple.infoflow.android.SetupApplication$InPlaceInfoflow - - $r11 = virtualinvoke $r10.<android.content.Context: android.content.pm.ApplicationInfo getApplicationInfo()>() in method <com.onetrust.otpublishers.headless.Internal.Models.c: void a(java.lang.String,java.lang.String,java.lang.String,org.json.JSONObject)>
[main] INFO soot.jimple.infoflow.android.SetupApplication$InPlaceInfoflow - - $i0 = virtualinvoke $r0.<java.lang.Object: int hashCode()>() in method <kotlin.reflect.jvm.internal.impl.storage.LockBasedStorageManager$KeyWithComputation: int hashCode()>
[main] INFO soot.jimple.infoflow.android.SetupApplication$InPlaceInfoflow - - $i0 = virtualinvoke $r4.<java.lang.Object: int hashCode()>() in method <kotlin.reflect.jvm.internal.calls.AnnotationConstructorCallerKt$createAnnotationInstance$hashCode$2: java.lang.Integer invoke()>
[main] INFO soot.jimple.infoflow.android.SetupApplication$InPlaceInfoflow - - $r3 = virtualinvoke $r2.<java.lang.Object: java.lang.String toString()>() in method <com.adobe.marketing.mobile.MatcherGreaterThanOrEqual: java.lang.String toString()>
[main] INFO soot.jimple.infoflow.android.SetupApplication$InPlaceInfoflow - - $i1 = virtualinvoke $r0.<java.lang.Object: int hashCode()>() in method <com.bumptech.glide.util.Util: int hashCode(java.lang.Object,int)>
[main] INFO soot.jimple.infoflow.android.SetupApplication$InPlaceInfoflow - - $i0 = virtualinvoke $r0.<java.lang.Object: int hashCode()>() in method <kotlin.collections.builders.MapBuilder$EntryRef: int hashCode()>
[main] INFO soot.jimple.infoflow.android.SetupApplication$InPlaceInfoflow - - $r0 = virtualinvoke $r4.<java.lang.Object: java.lang.String toString()>() in method <com.onetrust.otpublishers.headless.UI.fragment.f: void a(java.lang.String,boolean)>
[main] INFO soot.jimple.infoflow.android.SetupApplication$InPlaceInfoflow - - $r3 = virtualinvoke $r2.<java.lang.Object: java.lang.String toString()>() in method <com.adobe.marketing.mobile.MatcherLessThanOrEqual: java.lang.String toString()>
[main] INFO soot.jimple.infoflow.android.SetupApplication$InPlaceInfoflow - - $i0 = virtualinvoke $r0.<java.lang.Object: int hashCode()>() in method <com.squareup.moshi.LinkedHashTreeMap$Node: int hashCode()>
[main] INFO soot.jimple.infoflow.android.SetupApplication$InPlaceInfoflow - - $i0 = virtualinvoke $r0.<java.lang.Object: int hashCode()>() in method <com.fasterxml.jackson.annotation.JacksonInject$Value: int hashCode()>
[main] INFO soot.jimple.infoflow.android.SetupApplication$InPlaceInfoflow - - $r3 = virtualinvoke $r2.<java.lang.Object: java.lang.String toString()>() in method <com.adobe.marketing.mobile.MatcherNotContains: java.lang.String toString()>
[main] INFO soot.jimple.infoflow.android.SetupApplication$InPlaceInfoflow - - $i1 = virtualinvoke $r0.<java.lang.Object: int hashCode()>() in method <kotlin.collections.IndexedValue: int hashCode()>
[main] INFO soot.jimple.infoflow.android.SetupApplication$InPlaceInfoflow - - $i0 = virtualinvoke $r0.<java.lang.Object: int hashCode()>() in method <com.squareup.moshi.internal.Util: int hashCodeOrZero(java.lang.Object)>
[main] INFO soot.jimple.infoflow.android.SetupApplication$InPlaceInfoflow - - $i1 = virtualinvoke $r0.<java.lang.Object: int hashCode()>() in method <lu.bgl.spm.data.models.portfolio.PortfolioModel$MultiMapKey4Values: int hashCode()>
[main] INFO soot.jimple.infoflow.android.SetupApplication$InPlaceInfoflow - - $i0 = virtualinvoke $r2.<java.lang.Object: int hashCode()>() in method <lu.bgl.spm.data.domain.portfolio.PortfolioPositionData: int hashCode()>
[main] INFO soot.jimple.infoflow.android.SetupApplication$InPlaceInfoflow - - $r3 = virtualinvoke $r2.<java.lang.Object: java.lang.String toString()>() in method <com.adobe.marketing.mobile.MatcherContains: java.lang.String toString()>
[main] INFO soot.jimple.infoflow.android.SetupApplication$InPlaceInfoflow - - $r0 = virtualinvoke $r4.<java.lang.Object: java.lang.String toString()>() in method <com.onetrust.otpublishers.headless.cmp.ui.fragments.a: void a(java.lang.String,boolean)>
[main] INFO soot.jimple.infoflow.android.SetupApplication$InPlaceInfoflow - - $r0 = virtualinvoke $r10.<java.lang.Object: java.lang.String toString()>() in method <com.onetrust.otpublishers.headless.UI.adapter.c: void a(java.lang.String,java.lang.String,boolean,boolean)>
[main] INFO soot.jimple.infoflow.android.SetupApplication$InPlaceInfoflow - - $r2 = virtualinvoke $r5.<java.lang.Object: java.lang.String toString()>() in method <kotlinx.coroutines.channels.BufferedChannel: java.lang.String toString()>
[main] INFO soot.jimple.infoflow.android.SetupApplication$InPlaceInfoflow - - $r2 = virtualinvoke $r12.<java.lang.Object: java.lang.String toString()>() in method <com.onetrust.otpublishers.headless.Internal.Helper.c0: void a(android.content.Context,java.lang.String)>
[main] INFO soot.jimple.infoflow.android.SetupApplication$InPlaceInfoflow - - $r11 = virtualinvoke $r1.<java.lang.Object: java.lang.String toString()>() in method <com.onetrust.otpublishers.headless.UI.fragment.i: void a()>
[main] INFO soot.jimple.infoflow.android.SetupApplication$InPlaceInfoflow - - $i0 = virtualinvoke $r2.<java.lang.Object: int hashCode()>() in method <kotlin.collections.AbstractSet$Companion: int unorderedHashCode$kotlin_stdlib(java.util.Collection)>
[main] INFO soot.jimple.infoflow.android.SetupApplication$InPlaceInfoflow - - $i2 = virtualinvoke $r1.<java.lang.Object: int hashCode()>() in method <lu.bgl.spm.dataLayer.remote.core.models.Teaser: int hashCode()>
[main] INFO soot.jimple.infoflow.android.SetupApplication$InPlaceInfoflow - - $i1 = virtualinvoke $r1.<java.lang.Object: int hashCode()>() in method <coil.request.ImageRequest: int hashCode()>
[main] INFO soot.jimple.infoflow.android.SetupApplication$InPlaceInfoflow - - $i0 = virtualinvoke $r0.<java.lang.Object: int hashCode()>() in method <kotlinx.coroutines.internal.InlineList: int hashCode-impl(java.lang.Object)>
[main] INFO soot.jimple.infoflow.android.SetupApplication$InPlaceInfoflow - - $i1 = virtualinvoke $r0.<java.lang.Object: int hashCode()>() in method <kotlinx.coroutines.CompletedContinuation: int hashCode()>
[main] INFO soot.jimple.infoflow.android.SetupApplication$InPlaceInfoflow - - $i0 = virtualinvoke $r0.<java.lang.Object: int hashCode()>() in method <kotlin.Pair: int hashCode()>
[main] INFO soot.jimple.infoflow.android.SetupApplication$InPlaceInfoflow - - $i0 = virtualinvoke $r0.<java.lang.Object: int hashCode()>() in method <kotlin.Triple: int hashCode()>
[main] INFO soot.jimple.infoflow.android.SetupApplication$InPlaceInfoflow - - $i0 = virtualinvoke $r0.<java.lang.Object: int hashCode()>() in method <kotlinx.coroutines.channels.ChannelResult: int hashCode-impl(java.lang.Object)>
[main] INFO soot.jimple.infoflow.android.SetupApplication$InPlaceInfoflow - - $r3 = virtualinvoke $r2.<java.lang.Object: java.lang.String toString()>() in method <com.adobe.marketing.mobile.MatcherStartsWith: java.lang.String toString()>
[main] INFO soot.jimple.infoflow.android.SetupApplication$InPlaceInfoflow - - $r3 = virtualinvoke $r2.<java.lang.Object: java.lang.String toString()>() in method <com.adobe.marketing.mobile.MatcherEndsWith: java.lang.String toString()>
[main] INFO soot.jimple.infoflow.android.SetupApplication$InPlaceInfoflow - - $r0 = virtualinvoke $r4.<java.lang.Object: java.lang.String toString()>() in method <com.onetrust.otpublishers.headless.Internal.Helper.i0: org.json.JSONArray b(java.lang.String)>
[main] INFO soot.jimple.infoflow.android.SetupApplication$InPlaceInfoflow - - $r0 = virtualinvoke this.<com.bumptech.glide.manager.RequestManagerFragment: android.app.Fragment getParentFragment()>() in method <com.bumptech.glide.manager.RequestManagerFragment: android.app.Fragment getParentFragmentUsingHint()>
[main] INFO soot.jimple.infoflow.android.SetupApplication$InPlaceInfoflow - - $i2 = virtualinvoke $r1.<java.lang.Object: int hashCode()>() in method <lu.bgl.spm.data.models.introduction.Teaser: int hashCode()>
[main] INFO soot.jimple.infoflow.android.SetupApplication$InPlaceInfoflow - - $i1 = virtualinvoke $r0.<java.lang.Object: int hashCode()>() in method <kotlin.Pair: int hashCode()>
[main] INFO soot.jimple.infoflow.android.SetupApplication$InPlaceInfoflow - - $i1 = virtualinvoke $r2.<java.lang.Object: int hashCode()>() in method <kotlin.collections.AbstractList$Companion: int orderedHashCode$kotlin_stdlib(java.util.Collection)>
[main] INFO soot.jimple.infoflow.android.SetupApplication$InPlaceInfoflow - - $r3 = virtualinvoke $r2.<java.lang.Object: java.lang.String toString()>() in method <com.adobe.marketing.mobile.MatcherGreaterThan: java.lang.String toString()>
[main] INFO soot.jimple.infoflow.android.SetupApplication$InPlaceInfoflow - - $i1 = virtualinvoke $r0.<java.lang.Object: int hashCode()>() in method <kotlin.collections.builders.MapBuilder$EntryRef: int hashCode()>
[main] INFO soot.jimple.infoflow.android.SetupApplication$InPlaceInfoflow - - $f0 = virtualinvoke $r2.<android.view.Display: float getRefreshRate()>() in method <com.faltenreich.skeletonlayout.BaseExtensionsKt: float refreshRateInSeconds(android.content.Context)>
[main] INFO soot.jimple.infoflow.android.SetupApplication$InPlaceInfoflow - - $r2 = virtualinvoke $r10.<java.lang.Object: java.lang.String toString()>() in method <com.onetrust.otpublishers.headless.UI.adapter.d: void a(org.json.JSONObject,com.onetrust.otpublishers.headless.UI.adapter.d$a,java.lang.String,android.view.View)>
[main] INFO soot.jimple.infoflow.android.SetupApplication$InPlaceInfoflow - - $i0 = virtualinvoke $r1.<java.lang.Object: int hashCode()>() in method <coil.request.Parameters$Entry: int hashCode()>
[main] INFO soot.jimple.infoflow.android.SetupApplication$InPlaceInfoflow - - $i0 = virtualinvoke $r1.<java.lang.Object: int hashCode()>() in method <kotlin.jvm.internal.AdaptedFunctionReference: int hashCode()>
[main] INFO soot.jimple.infoflow.android.SetupApplication$InPlaceInfoflow - - $r3 = virtualinvoke $r2.<java.lang.Object: java.lang.String toString()>() in method <com.adobe.marketing.mobile.MatcherLessThan: java.lang.String toString()>
[main] INFO soot.jimple.infoflow.android.SetupApplication$InPlaceInfoflow - - $i1 = virtualinvoke $r1.<java.lang.Object: int hashCode()>() in method <rx.Notification: int hashCode()>
[main] INFO soot.jimple.infoflow.android.SetupApplication$InPlaceInfoflow - - $i2 = virtualinvoke $r0.<java.lang.Object: int hashCode()>() in method <kotlin.reflect.jvm.internal.impl.serialization.deserialization.IncompatibleVersionErrorData: int hashCode()>
[main] INFO soot.jimple.infoflow.android.SetupApplication$InPlaceInfoflow - - $i1 = virtualinvoke $r0.<java.lang.Object: int hashCode()>() in method <lu.bgl.spm.data.models.portfolio.PortfolioModel$MultiMapKey4Values: int hashCode()>
[main] INFO soot.jimple.infoflow.android.SetupApplication$InPlaceInfoflow - - $i2 = virtualinvoke $r1.<java.lang.Object: int hashCode()>() in method <kotlin.collections.builders.ListBuilderKt: int subarrayContentHashCode(java.lang.Object[],int,int)>
[main] INFO soot.jimple.infoflow.android.SetupApplication$InPlaceInfoflow - - $i0 = virtualinvoke $r0.<java.lang.Object: int hashCode()>() in method <kotlinx.coroutines.internal.SegmentOrClosed: int hashCode-impl(java.lang.Object)>
[main] INFO soot.jimple.infoflow.android.SetupApplication$InPlaceInfoflow - - $r5 = virtualinvoke $r8.<java.lang.Object: java.lang.String toString()>() in method <com.onetrust.otpublishers.headless.Public.OTPublishersHeadlessSDK: void updatePurposeConsent(java.lang.String,boolean,boolean)>
[main] INFO soot.jimple.infoflow.android.SetupApplication$InPlaceInfoflow - - $i1 = virtualinvoke $r0.<java.lang.Object: int hashCode()>() in method <lu.bgl.spm.data.models.portfolio.PortfolioModel$MultiMapKey4Values: int hashCode()>
[main] INFO soot.jimple.infoflow.android.SetupApplication$InPlaceInfoflow - - $i0 = virtualinvoke $r0.<java.lang.Object: int hashCode()>() in method <lu.bgl.spm.domainLayer.payment.models.common.ListItem: int hashCode()>
[main] INFO soot.jimple.infoflow.android.SetupApplication$InPlaceInfoflow - - $i0 = virtualinvoke $r0.<java.lang.Object: int hashCode()>() in method <io.reactivex.Notification: int hashCode()>
[main] INFO soot.jimple.infoflow.android.SetupApplication$InPlaceInfoflow - - $r2 = virtualinvoke $r1.<android.content.res.Resources: android.content.res.Configuration getConfiguration()>() in method <com.onetrust.otpublishers.headless.UI.TVUI.fragments.a: void a()>
[main] INFO soot.jimple.infoflow.android.SetupApplication$InPlaceInfoflow - - $r3 = virtualinvoke $r2.<java.lang.Object: java.lang.String toString()>() in method <com.adobe.marketing.mobile.MatcherEquals: java.lang.String toString()>
[main] INFO soot.jimple.infoflow.android.SetupApplication$InPlaceInfoflow - - $i0 = virtualinvoke $r0.<java.lang.Object: int hashCode()>() in method <com.bumptech.glide.load.model.ModelCache$ModelKey: int hashCode()>
[main] INFO soot.jimple.infoflow.android.SetupApplication$InPlaceInfoflow - - $i1 = virtualinvoke $r0.<java.lang.Object: int hashCode()>() in method <kotlin.reflect.jvm.internal.impl.serialization.deserialization.IncompatibleVersionErrorData: int hashCode()>
[main] INFO soot.jimple.infoflow.android.SetupApplication$InPlaceInfoflow - - $i1 = virtualinvoke $r0.<java.lang.Object: int hashCode()>() in method <lu.bgl.spm.data.domain.directinvest.DirectInvestContractDetailFragmentAdapterData: int hashCode()>
[main] INFO soot.jimple.infoflow.android.SetupApplication$InPlaceInfoflow - - $r3 = virtualinvoke $r2.<java.lang.Object: java.lang.String toString()>() in method <com.adobe.marketing.mobile.MatcherNotEquals: java.lang.String toString()>
[main] INFO soot.jimple.infoflow.android.SetupApplication$InPlaceInfoflow - - $i0 = virtualinvoke $r0.<java.lang.Object: int hashCode()>() in method <kotlin.time.TimedValue: int hashCode()>
[main] INFO soot.jimple.infoflow.android.SetupApplication$InPlaceInfoflow - - $i1 = virtualinvoke $r0.<java.lang.Object: int hashCode()>() in method <com.squareup.moshi.LinkedHashTreeMap$Node: int hashCode()>
[main] INFO soot.jimple.infoflow.android.SetupApplication$InPlaceInfoflow - - $i1 = virtualinvoke $r1.<java.lang.Object: int hashCode()>() in method <lu.bgl.spm.data.domain.portfolio.PortfolioMainAdapterData: int hashCode()>
[main] INFO soot.jimple.infoflow.android.SetupApplication$InPlaceInfoflow - - $i0 = virtualinvoke $r0.<java.lang.Object: int hashCode()>() in method <lu.bgl.spm.data.domain.directinvest.DirectInvestContractDetailFragmentAdapterData: int hashCode()>
[main] INFO soot.jimple.infoflow.android.SetupApplication$InPlaceInfoflow - - $i1 = virtualinvoke $r2.<java.lang.Object: int hashCode()>() in method <kotlin.collections.builders.MapBuilder$EntriesItr: int nextHashCode$kotlin_stdlib()>
[main] INFO soot.jimple.infoflow.android.SetupApplication$InPlaceInfoflow - - $r2 = virtualinvoke $r6.<java.lang.Object: java.lang.String toString()>() in method <com.onetrust.otpublishers.headless.Internal.Helper.s: void a(org.json.JSONObject,java.lang.String,int,int,android.content.Context)>
[main] INFO soot.jimple.infoflow.android.SetupApplication$InPlaceInfoflow - - $r5 = virtualinvoke $r10.<java.lang.Object: java.lang.String toString()>() in method <com.onetrust.otpublishers.headless.UI.fragment.f: void b(androidx.appcompat.widget.SwitchCompat,boolean)>
[main] INFO soot.jimple.infoflow.android.SetupApplication$InPlaceInfoflow - - $i1 = virtualinvoke $r0.<java.lang.Object: int hashCode()>() in method <kotlin.reflect.jvm.internal.impl.protobuf.SmallSortedMap$Entry: int hashCode()>
[main] INFO soot.jimple.infoflow.android.SetupApplication$InPlaceInfoflow - - $i0 = virtualinvoke $r0.<java.lang.Object: int hashCode()>() in method <com.bumptech.glide.load.engine.EngineKey: int hashCode()>
[main] INFO soot.jimple.infoflow.android.SetupApplication$InPlaceInfoflow - - $i0 = virtualinvoke $r0.<java.lang.Object: int hashCode()>() in method <kotlinx.serialization.internal.MapEntrySerializer$MapEntry: int hashCode()>
[main] INFO soot.jimple.infoflow.android.SetupApplication$InPlaceInfoflow - - $i0 = virtualinvoke $r0.<java.lang.Object: int hashCode()>() in method <com.fasterxml.jackson.databind.node.POJONode: int hashCode()>
[main] INFO soot.jimple.infoflow.android.SetupApplication$InPlaceInfoflow - - $i0 = virtualinvoke $r0.<java.lang.Object: int hashCode()>() in method <rx.schedulers.TimeInterval: int hashCode()>
[main] INFO soot.jimple.infoflow.android.SetupApplication$InPlaceInfoflow - - $i2 = virtualinvoke $r1.<java.lang.Object: int hashCode()>() in method <lu.bgl.spm.dataLayer.core.models.network.NetworkServiceResponse: int hashCode()>
[main] INFO soot.jimple.infoflow.android.SetupApplication$InPlaceInfoflow - - $r4 = virtualinvoke $r11.<java.lang.Object: java.lang.String toString()>() in method <com.onetrust.otpublishers.headless.cmp.ui.adapters.b: void a(org.json.JSONObject,com.onetrust.otpublishers.headless.cmp.ui.adapters.b,com.onetrust.otpublishers.headless.cmp.ui.adapters.b$a,java.lang.String,android.view.View)>
[main] INFO soot.jimple.infoflow.android.SetupApplication$InPlaceInfoflow - - $i0 = virtualinvoke $r0.<java.lang.Object: int hashCode()>() in method <rx.schedulers.Timestamped: int hashCode()>
[main] INFO soot.jimple.infoflow.android.SetupApplication$InPlaceInfoflow - - $r1 = virtualinvoke $r0.<java.lang.Object: java.lang.String toString()>() in method <com.fasterxml.jackson.databind.introspect.POJOPropertyBuilder$Linked: java.lang.String toString()>
[main] INFO soot.jimple.infoflow.android.SetupApplication$InPlaceInfoflow - - $i0 = virtualinvoke $r2.<java.lang.Object: int hashCode()>() in method <kotlin.collections.builders.MapBuilder$EntriesItr: int nextHashCode$kotlin_stdlib()>
[main] INFO soot.jimple.infoflow.android.SetupApplication$InPlaceInfoflow - - $i0 = virtualinvoke $r0.<java.lang.Object: int hashCode()>() in method <kotlin.reflect.jvm.internal.impl.types.typesApproximation.ApproximationBounds: int hashCode()>
[main] INFO soot.jimple.infoflow.android.SetupApplication$InPlaceInfoflow - - $i0 = virtualinvoke $r0.<java.lang.Object: int hashCode()>() in method <com.bumptech.glide.signature.ObjectKey: int hashCode()>
[main] INFO soot.jimple.infoflow.android.SetupApplication$InPlaceInfoflow - - $i1 = virtualinvoke $r0.<java.lang.Object: int hashCode()>() in method <kotlinx.serialization.internal.MapEntrySerializer$MapEntry: int hashCode()>
[main] INFO soot.jimple.infoflow.android.SetupApplication$InPlaceInfoflow - - $i0 = virtualinvoke $r0.<java.lang.Object: int hashCode()>() in method <kotlinx.coroutines.CompletedContinuation: int hashCode()>
[main] INFO soot.jimple.infoflow.android.SetupApplication$InPlaceInfoflow - - $r0 = virtualinvoke $r9.<java.lang.Object: java.lang.String toString()>() in method <com.onetrust.otpublishers.headless.cmp.ui.adapters.a: void a(java.lang.String,java.lang.String,boolean,boolean)>
[main] INFO soot.jimple.infoflow.android.SetupApplication$InPlaceInfoflow - - $i1 = virtualinvoke $r0.<java.lang.Object: int hashCode()>() in method <kotlin.Triple: int hashCode()>
[main] INFO soot.jimple.infoflow.android.SetupApplication$InPlaceInfoflow - - $i0 = virtualinvoke $r0.<java.lang.Object: int hashCode()>() in method <kotlin.Result: int hashCode-impl(java.lang.Object)>
[main] INFO soot.jimple.infoflow.android.SetupApplication$InPlaceInfoflow - - $r6 = virtualinvoke $r7.<java.lang.Object: java.lang.String toString()>() in method <com.onetrust.otpublishers.headless.Internal.Helper.n: void a(android.content.SharedPreferences,org.json.JSONObject,android.content.Context,com.onetrust.otpublishers.headless.Internal.Preferences.g,boolean,boolean)>
[main] INFO soot.jimple.infoflow.android.SetupApplication$InPlaceInfoflow - - $i2 = virtualinvoke $r1.<java.lang.Object: int hashCode()>() in method <lu.bgl.spm.domainLayer.core.models.Teaser: int hashCode()>
[main] INFO soot.jimple.infoflow.android.SetupApplication$InPlaceInfoflow - - $i0 = virtualinvoke $r0.<java.lang.Object: int hashCode()>() in method <kotlin.jvm.internal.TypeParameterReference: int hashCode()>
[main] INFO soot.jimple.infoflow.android.SetupApplication$InPlaceInfoflow - The sink staticinvoke <android.util.Log: int i(java.lang.String,java.lang.String)>("CameraConfiguration", $r2) in method <com.journeyapps.barcodescanner.camera.CameraConfigurationUtils: void setFocusArea(android.hardware.Camera$Parameters)> was called with values from the following sources:
[main] INFO soot.jimple.infoflow.android.SetupApplication$InPlaceInfoflow - - $r1 = virtualinvoke $r0.<android.hardware.Camera$Parameters: java.util.List getFocusAreas()>() in method <com.journeyapps.barcodescanner.camera.CameraConfigurationUtils: void setFocusArea(android.hardware.Camera$Parameters)>
[main] INFO soot.jimple.infoflow.android.SetupApplication$InPlaceInfoflow - Data flow solver took 1594 seconds. Maximum memory consumption: 166212 MB
[main] INFO soot.jimple.infoflow.android.SetupApplication - Found 48 leaks from 1165 sources
