[main] WARN soot.jimple.infoflow.methodSummary.data.provider.LazySummaryProvider - Lazy loading summaries from a jar/zip file might throw a ClosedChannelException. Use the EagerSummaryProvider instead.
[main] INFO soot.jimple.infoflow.methodSummary.taintWrappers.SummaryTaintWrapper - Initializing summary taint wrapper with summaries for 347 classes...
[main] INFO soot.jimple.infoflow.cmd.MainClass - Analyzing app /home/julia/thesis-apk-study/data/ru/MAX_last_v.apk (1 of 1)...
[main] INFO soot.jimple.infoflow.android.SetupApplication - Initializing Soot...
[main] INFO soot.jimple.infoflow.android.SetupApplication - Loading dex files...
[main] WARN soot.jimple.infoflow.android.resources.ARSCFileParser - Unsupported ResTable entry flags encountered: FLAG_WEAK 
[main] INFO soot.jimple.infoflow.android.SetupApplication - ARSC file parsing took 0.04850439 seconds
[main] INFO soot.jimple.infoflow.memory.MemoryWarningSystem - Registered a memory warning system for 165,888 MiB
[main] INFO soot.jimple.infoflow.memory.FlowDroidTimeoutWatcher - FlowDroid timeout watcher started
[main] INFO soot.jimple.infoflow.android.entryPointCreators.AndroidEntryPointCreator - Creating Android entry point for 33 components...
[main] INFO soot.jimple.infoflow.android.SetupApplication - Constructing the callgraph...
[main] ERROR soot.jimple.toolkits.typing.fast.TypePromotionUseVisitor - Failed Typing in <one.me.sdk.uikit.common.span.ViewObserverSpanListener: void attach(android.widget.TextView)> at statement $u2#4#1 = $r0: Is not cast compatible: null_type <-- java.lang.Object
[main] ERROR soot.jimple.toolkits.typing.fast.TypePromotionUseVisitor - Failed Typing in <one.me.calls.ui.utils.ViewExtKt: java.lang.CharSequence e(java.lang.CharSequence,android.widget.TextView,int)> at statement $u4#29#4 = $r5: Is not cast compatible: null_type <-- java.lang.Object
[main] ERROR soot.jimple.toolkits.typing.fast.TypePromotionUseVisitor - Failed Typing in <one.me.profileedit.screens.reactions.AddedReactionsEditText$a: void run()> at statement $u0#8#4 = $r5: Is not cast compatible: null_type <-- java.lang.Object
[main] ERROR soot.jimple.toolkits.typing.fast.TypePromotionUseVisitor - Failed Typing in <one.me.profileedit.screens.reactions.AddedReactionsEditText$b: void run()> at statement $u0#7#2 = $r1: Is not cast compatible: null_type <-- java.lang.Object
[main] ERROR soot.jimple.toolkits.typing.fast.TypePromotionUseVisitor - Failed Typing in <one.me.sdk.uikit.common.span.f: void c(one.me.sdk.uikit.common.span.ObserverSpanHost,java.lang.Object)> at statement $u2#6#2 = $r1: Is not cast compatible: null_type <-- java.lang.Object
[main] ERROR soot.jimple.toolkits.typing.fast.TypePromotionUseVisitor - Failed Typing in <one.me.sdk.uikit.common.r: void c(android.widget.TextView,java.lang.Object)> at statement $u2#6#2 = $r0: Is not cast compatible: null_type <-- java.lang.Object
[main] ERROR soot.jimple.toolkits.typing.fast.TypePromotionUseVisitor - Failed Typing in <one.me.sdk.uikit.common.cellitem.OneMeCellSimpleView: void onThemeChanged(yu.m)> at statement $u4#30#2 = $r2: Is not cast compatible: null_type <-- java.lang.Object
[main] ERROR soot.jimple.toolkits.typing.fast.TypePromotionUseVisitor - Failed Typing in <one.me.sdk.uikit.common.chatlist.ChatCellView: void onThemeChanged(yu.m)> at statement $u1#123#12 = $r0: Is not cast compatible: null_type <-- java.lang.Object
[main] ERROR soot.jimple.toolkits.typing.fast.TypePromotionUseVisitor - Failed Typing in <one.me.sdk.uikit.common.toolbar.OneMeToolbar: void onThemeChanged(yu.m)> at statement $u2#18#1 = $r0: Is not cast compatible: null_type <-- java.lang.Object
[main] ERROR soot.jimple.toolkits.typing.fast.TypePromotionUseVisitor - Failed Typing in <one.me.calllist.ui.callinfo.CallLinkInfoScreen$c: java.lang.Object o(java.lang.Object)> at statement $u4#22#1 = $r1: Is not cast compatible: null_type <-- java.lang.Object
[main] ERROR soot.jimple.toolkits.typing.fast.TypePromotionUseVisitor - Failed Typing in <one.me.sdk.animoji.l: void a(android.view.View,android.text.Layout,one.me.rlottie.ImageReceiver)> at statement $u1#6#1 = $r1: Is not cast compatible: null_type <-- java.lang.Object
[main] ERROR soot.jimple.toolkits.typing.fast.TypePromotionUseVisitor - Failed Typing in <one.me.sdk.uikit.common.views.LegacyEllipsizeEndTextView: void updateSpansOneMeTheme(yu.m)> at statement $u2#4#1 = $r0: Is not cast compatible: null_type <-- java.lang.Object
[main] ERROR soot.jimple.toolkits.typing.fast.TypePromotionUseVisitor - Failed Typing in <u9.p: u9.p i(int,java.lang.Object[],u9.g)> at statement $u3#6_3#4 = $r6: Is not cast compatible: null_type <-- java.lang.Object
[main] ERROR soot.jimple.toolkits.typing.fast.TypePromotionUseVisitor - Failed Typing in <one.me.android.text.OneMeMessageElementFormatter: java.util.List k(android.text.Spannable)> at statement $u0#11#2 = $r3: Is not cast compatible: null_type <-- java.lang.Object
[main] ERROR soot.jimple.toolkits.typing.fast.TypePromotionUseVisitor - Failed Typing in <one.me.android.text.OneMeMessageElementFormatter: java.util.List r(android.text.Spannable)> at statement $u1#11#2 = $r4: Is not cast compatible: null_type <-- java.lang.Object
[main] ERROR soot.jimple.toolkits.typing.fast.TypePromotionUseVisitor - Failed Typing in <one.me.android.text.OneMeMessageElementFormatter: java.util.List s(android.text.Spannable,boolean)> at statement $u0#11#2 = $r4: Is not cast compatible: null_type <-- java.lang.Object
[main] ERROR soot.jimple.toolkits.typing.fast.TypePromotionUseVisitor - Failed Typing in <wv.n: void <init>(android.text.Spanned)> at statement $u0#7#2 = $r2: Is not cast compatible: null_type <-- java.lang.Object
[main] INFO soot.jimple.infoflow.android.callbacks.DefaultCallbackAnalyzer - Collecting callbacks in DEFAULT mode...
Exception in thread "pool-1-thread-2" java.util.ConcurrentModificationException
	at java.base/java.util.ArrayList$Itr.checkForComodification(ArrayList.java:1013)
	at java.base/java.util.ArrayList$Itr.next(ArrayList.java:967)
	at soot.PolymorphicMethodRef.resolve(PolymorphicMethodRef.java:99)
	at soot.jimple.internal.AbstractInvokeExpr.getMethod(AbstractInvokeExpr.java:64)
	at soot.jimple.infoflow.android.callbacks.AbstractCallbackAnalyzer.analyzeMethodForFragmentTransaction(AbstractCallbackAnalyzer.java:533)
	at soot.jimple.infoflow.android.callbacks.DefaultCallbackAnalyzer$2.run(DefaultCallbackAnalyzer.java:241)
	at soot.jimple.infoflow.util.ReusableExecutor$1.run(ReusableExecutor.java:39)
	at java.base/java.util.concurrent.ThreadPoolExecutor.runWorker(ThreadPoolExecutor.java:1136)
	at java.base/java.util.concurrent.ThreadPoolExecutor$Worker.run(ThreadPoolExecutor.java:635)
	at java.base/java.lang.Thread.run(Thread.java:840)
[pool-1-thread-12] ERROR soot.jimple.toolkits.typing.fast.TypePromotionUseVisitor - Failed Typing in <one.me.sdk.uikit.common.span.ViewObserverSpanListener: void onViewDetachedFromWindow(android.view.View)> at statement $u3#6#1 = $r0: Is not cast compatible: null_type <-- java.lang.Object
[pool-1-thread-12] ERROR soot.jimple.toolkits.typing.fast.TypePromotionUseVisitor - Failed Typing in <one.me.sdk.uikit.common.chat.MessageInputView$3: void afterTextChanged(android.text.Editable)> at statement $u1#16#1 = $r1: Is not cast compatible: null_type <-- java.lang.Object
[main] INFO soot.jimple.infoflow.android.callbacks.DefaultCallbackAnalyzer - Callback analysis done.
[main] INFO soot.jimple.infoflow.android.entryPointCreators.AndroidEntryPointCreator - Creating Android entry point for 36 components...
[main] WARN soot.jimple.infoflow.android.entryPointCreators.AndroidEntryPointCreator - Cannot create valid constructor for md.l, because it is an interface and cannot substitute with subclass
[main] WARN soot.jimple.infoflow.android.entryPointCreators.AndroidEntryPointCreator - Cannot create valid constructor for ae.s0, because it is an interface and cannot substitute with subclass
[main] WARN soot.jimple.infoflow.android.entryPointCreators.AndroidEntryPointCreator - Cannot create valid constructor for vc.i, because it is an interface and cannot substitute with subclass
[main] WARN soot.jimple.infoflow.android.entryPointCreators.AndroidEntryPointCreator - Cannot create valid constructor for xk0.o, because it is an interface and cannot substitute with subclass
[main] WARN soot.jimple.infoflow.android.entryPointCreators.AndroidEntryPointCreator - Cannot create valid constructor for md.a, because it is an interface and cannot substitute with subclass
[main] WARN soot.jimple.infoflow.android.entryPointCreators.AndroidEntryPointCreator - Cannot create valid constructor for ef0.a, because it is an interface and cannot substitute with subclass
[main] WARN soot.jimple.infoflow.android.entryPointCreators.AndroidEntryPointCreator - Cannot create valid constructor for vg0.c1, because it is an interface and cannot substitute with subclass
[main] WARN soot.jimple.infoflow.android.entryPointCreators.AndroidEntryPointCreator - Cannot create valid constructor for one.me.sdk.vendor.StoreServicesInfo, because it is an interface and cannot substitute with subclass
[main] WARN soot.jimple.infoflow.android.entryPointCreators.AndroidEntryPointCreator - Cannot create valid constructor for one.me.fileprefs.h, because it is an interface and cannot substitute with subclass
[main] WARN soot.jimple.infoflow.android.entryPointCreators.AndroidEntryPointCreator - Cannot create valid constructor for ni0.p, because it is abstract and cannot substitute with subclass
[main] WARN soot.jimple.infoflow.android.entryPointCreators.AndroidEntryPointCreator - Cannot create valid constructor for ru.ok.tamtam.android.animation.c, because it is an interface and cannot substitute with subclass
[main] WARN soot.jimple.infoflow.android.entryPointCreators.AndroidEntryPointCreator - Cannot create valid constructor for ap0.b0, because it is an interface and cannot substitute with subclass
[main] WARN soot.jimple.infoflow.android.entryPointCreators.AndroidEntryPointCreator - Cannot create valid constructor for vg0.s, because it is an interface and cannot substitute with subclass
[main] WARN soot.jimple.infoflow.android.entryPointCreators.AndroidEntryPointCreator - Cannot create valid constructor for gb.b, because it is abstract and cannot substitute with subclass
[main] WARN soot.jimple.infoflow.android.entryPointCreators.AndroidEntryPointCreator - Cannot create valid constructor for pj0.a, because it is an interface and cannot substitute with subclass
[main] WARN soot.jimple.infoflow.android.entryPointCreators.AndroidEntryPointCreator - Cannot create valid constructor for hb.a, because it is an interface and cannot substitute with subclass
[main] WARN soot.jimple.infoflow.android.entryPointCreators.AndroidEntryPointCreator - Cannot create valid constructor for sb.u, because it is abstract and cannot substitute with subclass
[main] WARN soot.jimple.infoflow.android.entryPointCreators.AndroidEntryPointCreator - Cannot create valid constructor for cr.a, because it is an interface and cannot substitute with subclass
[main] WARN soot.jimple.infoflow.android.entryPointCreators.AndroidEntryPointCreator - Cannot create valid constructor for pn0.e, because it is an interface and cannot substitute with subclass
[main] WARN soot.jimple.infoflow.android.entryPointCreators.AndroidEntryPointCreator - Cannot create valid constructor for vg0.e0, because it is an interface and cannot substitute with subclass
[main] WARN soot.jimple.infoflow.android.entryPointCreators.AndroidEntryPointCreator - Cannot create valid constructor for ap0.m, because it is an interface and cannot substitute with subclass
[main] WARN soot.jimple.infoflow.android.entryPointCreators.AndroidEntryPointCreator - Cannot create valid constructor for vg0.y, because it is an interface and cannot substitute with subclass
[main] WARN soot.jimple.infoflow.android.entryPointCreators.AndroidEntryPointCreator - Cannot create valid constructor for bp0.a, because it is an interface and cannot substitute with subclass
[main] WARN soot.jimple.infoflow.android.entryPointCreators.AndroidEntryPointCreator - Cannot create valid constructor for ph0.d, because it is abstract and cannot substitute with subclass
[main] WARN soot.jimple.infoflow.android.entryPointCreators.AndroidEntryPointCreator - Cannot create valid constructor for kotlinx.coroutines.k0, because it is abstract and cannot substitute with subclass
[main] INFO soot.jimple.infoflow.android.SetupApplication - Constructing the callgraph...
[main] INFO soot.jimple.infoflow.android.callbacks.DefaultCallbackAnalyzer - Running incremental callback analysis for 17 components...
[main] INFO soot.jimple.infoflow.android.callbacks.DefaultCallbackAnalyzer - Incremental callback analysis done.
[main] INFO soot.jimple.infoflow.android.entryPointCreators.AndroidEntryPointCreator - Creating Android entry point for 36 components...
[main] INFO soot.jimple.infoflow.android.SetupApplication - Constructing the callgraph...
[main] INFO soot.jimple.infoflow.android.callbacks.DefaultCallbackAnalyzer - Running incremental callback analysis for 3 components...
[main] INFO soot.jimple.infoflow.android.callbacks.DefaultCallbackAnalyzer - Incremental callback analysis done.
[main] INFO soot.jimple.infoflow.memory.MemoryWarningSystem - Shutting down the memory warning system...
[main] INFO soot.jimple.infoflow.android.SetupApplication - Callback analysis terminated normally
[main] INFO soot.jimple.infoflow.android.SetupApplication - Entry point calculation done.
[main] INFO soot.jimple.infoflow.android.source.AccessPathBasedSourceSinkManager - Created a SourceSinkManager with 12082 sources, 1010 sinks, and 89 callback methods.
[main] INFO soot.jimple.infoflow.android.SetupApplication - Collecting callbacks and building a callgraph took 165 seconds
[main] INFO soot.jimple.infoflow.android.SetupApplication - Running data flow analysis on /home/julia/thesis-apk-study/data/ru/MAX_last_v.apk with 12082 sources and 1010 sinks...
[main] WARN soot.jimple.infoflow.InfoflowConfiguration - Static field tracking is disabled, results may be incomplete
[main] INFO soot.jimple.infoflow.InfoflowConfiguration - Implicit flow tracking is NOT enabled
[main] INFO soot.jimple.infoflow.InfoflowConfiguration - Exceptional flow tracking is NOT enabled
[main] INFO soot.jimple.infoflow.InfoflowConfiguration - Running with a maximum access path length of 5
[main] INFO soot.jimple.infoflow.InfoflowConfiguration - Using path-agnostic result collection
[main] INFO soot.jimple.infoflow.InfoflowConfiguration - Recursive access path shortening is enabled
[main] INFO soot.jimple.infoflow.InfoflowConfiguration - Taint analysis enabled: true
[main] INFO soot.jimple.infoflow.InfoflowConfiguration - Using alias algorithm FlowSensitive
[main] INFO soot.jimple.infoflow.memory.MemoryWarningSystem - Registered a memory warning system for 165,888 MiB
[FlowDroid Timeout Watcher] INFO soot.jimple.infoflow.memory.FlowDroidTimeoutWatcher - FlowDroid timeout watcher terminated
[main] INFO soot.jimple.infoflow.android.SetupApplication$InPlaceInfoflow - Callgraph construction took 4 seconds
[main] INFO soot.jimple.infoflow.codeOptimization.InterproceduralConstantValuePropagator - Removing side-effect free methods is disabled
[main] INFO soot.jimple.infoflow.android.SetupApplication$InPlaceInfoflow - Dead code elimination took 19.735836092 seconds
[main] INFO soot.jimple.infoflow.android.SetupApplication$InPlaceInfoflow - Callgraph has 7671893 edges
[main] INFO soot.jimple.infoflow.android.SetupApplication$InPlaceInfoflow - Starting Taint Analysis
[main] INFO soot.jimple.infoflow.android.SetupApplication$InPlaceInfoflow - Using context- and flow-sensitive solver
[main] INFO soot.jimple.infoflow.android.SetupApplication$InPlaceInfoflow - Using context- and flow-sensitive solver
[main] INFO soot.jimple.infoflow.memory.FlowDroidTimeoutWatcher - FlowDroid timeout watcher started
[main] WARN soot.jimple.infoflow.android.SetupApplication$InPlaceInfoflow - Running with limited join point abstractions can break context-sensitive path builders
[main] INFO soot.jimple.infoflow.android.SetupApplication$InPlaceInfoflow - Looking for sources and sinks...
[main] INFO soot.jimple.infoflow.android.SetupApplication$InPlaceInfoflow - Source lookup done, found 5291 sources and 411 sinks.
[FlowDroid] WARN soot.jimple.infoflow.data.AccessPathFactory - Primitive types cannot have fields: baseType=boolean fields=[<java.lang.Boolean: boolean value>]
[FlowDroid] WARN soot.jimple.infoflow.data.AccessPathFactory - Primitive types cannot have fields: baseType=boolean fields=[<java.lang.Boolean: boolean value>]
[FlowDroid] WARN soot.jimple.infoflow.data.AccessPathFactory - Primitive types cannot have fields: baseType=int fields=[<java.lang.Integer: int value>]
[FlowDroid] WARN soot.jimple.infoflow.data.AccessPathFactory - Primitive types cannot have fields: baseType=long fields=[<java.lang.Long: long value>]
[FlowDroid] WARN soot.jimple.infoflow.data.AccessPathFactory - Primitive types cannot have fields: baseType=int fields=[<java.lang.Integer: int value>]
[FlowDroid] WARN soot.jimple.infoflow.data.AccessPathFactory - Primitive types cannot have fields: baseType=long fields=[<java.lang.Long: long value>]
[FlowDroid] WARN soot.jimple.infoflow.data.AccessPathFactory - Primitive types cannot have fields: baseType=long fields=[<java.lang.Long: long value>]
[FlowDroid] WARN soot.jimple.infoflow.data.AccessPathFactory - Primitive types cannot have fields: baseType=int fields=[<java.lang.Integer: int value>]
[FlowDroid] WARN soot.jimple.infoflow.data.AccessPathFactory - Primitive types cannot have fields: baseType=boolean fields=[<java.lang.Boolean: boolean value>]
[FlowDroid] WARN soot.jimple.infoflow.data.AccessPathFactory - Primitive types cannot have fields: baseType=boolean fields=[<java.lang.Boolean: boolean value>]
[FlowDroid] WARN soot.jimple.infoflow.data.AccessPathFactory - Primitive types cannot have fields: baseType=long fields=[<java.lang.Long: long value>]
[FlowDroid] WARN soot.jimple.infoflow.data.AccessPathFactory - Primitive types cannot have fields: baseType=int fields=[<java.lang.Integer: int value>]
[FlowDroid] WARN soot.jimple.infoflow.data.AccessPathFactory - Primitive types cannot have fields: baseType=int fields=[<java.lang.Integer: int value>]
[FlowDroid] WARN soot.jimple.infoflow.data.AccessPathFactory - Primitive types cannot have fields: baseType=long fields=[<java.lang.Long: long value>]
[FlowDroid] WARN soot.jimple.infoflow.data.AccessPathFactory - Primitive types cannot have fields: baseType=long fields=[<java.lang.Long: long value>]
[FlowDroid] WARN soot.jimple.infoflow.data.AccessPathFactory - Primitive types cannot have fields: baseType=long fields=[<java.lang.Long: long value>]
[FlowDroid] WARN soot.jimple.infoflow.data.AccessPathFactory - Primitive types cannot have fields: baseType=long fields=[<java.lang.Long: long value>]
[FlowDroid] WARN soot.jimple.infoflow.data.AccessPathFactory - Primitive types cannot have fields: baseType=int fields=[<java.lang.Integer: int value>]
[FlowDroid] WARN soot.jimple.infoflow.data.AccessPathFactory - Primitive types cannot have fields: baseType=long fields=[<java.lang.Long: long value>]
[FlowDroid] WARN soot.jimple.infoflow.data.AccessPathFactory - Primitive types cannot have fields: baseType=long fields=[<java.lang.Long: long value>]
[FlowDroid] WARN soot.jimple.infoflow.data.AccessPathFactory - Primitive types cannot have fields: baseType=long fields=[<java.lang.Long: long value>]
[FlowDroid] WARN soot.jimple.infoflow.data.AccessPathFactory - Primitive types cannot have fields: baseType=int fields=[<java.lang.Integer: int value>]
[FlowDroid] WARN soot.jimple.infoflow.data.AccessPathFactory - Primitive types cannot have fields: baseType=long fields=[<java.lang.Long: long value>]
[FlowDroid] WARN soot.jimple.infoflow.data.AccessPathFactory - Primitive types cannot have fields: baseType=long fields=[<java.lang.Long: long value>]
[FlowDroid] WARN soot.jimple.infoflow.data.AccessPathFactory - Primitive types cannot have fields: baseType=int fields=[<java.lang.Integer: int value>]
[FlowDroid] WARN soot.jimple.infoflow.data.AccessPathFactory - Primitive types cannot have fields: baseType=int fields=[<java.lang.Integer: int value>]
[FlowDroid] WARN soot.jimple.infoflow.data.AccessPathFactory - Primitive types cannot have fields: baseType=int fields=[<java.lang.Integer: int value>]
[FlowDroid] WARN soot.jimple.infoflow.data.AccessPathFactory - Primitive types cannot have fields: baseType=int fields=[<java.lang.Integer: int value>]
[Low memory monitor] INFO soot.jimple.infoflow.memory.MemoryWarningSystem - Triggering memory warning at 175704 MB (193273 MB max, 174348 in watched memory pool)...
[Low memory monitor] WARN soot.jimple.infoflow.memory.FlowDroidMemoryWatcher - Running out of memory, solvers terminated
[main] INFO soot.jimple.infoflow.android.SetupApplication$InPlaceInfoflow - Taint wrapper hits: 20147768
[main] INFO soot.jimple.infoflow.android.SetupApplication$InPlaceInfoflow - Taint wrapper misses: 22127752
[main] INFO soot.jimple.infoflow.android.SetupApplication$InPlaceInfoflow - IFDS problem with 23303774 forward and 264064634 backward edges solved in 1667 seconds, processing 70 results...
[main] INFO soot.jimple.infoflow.android.SetupApplication$InPlaceInfoflow - Current memory consumption: 170985 MB
[FlowDroid Timeout Watcher] INFO soot.jimple.infoflow.memory.FlowDroidTimeoutWatcher - FlowDroid timeout watcher terminated
[main] INFO soot.jimple.infoflow.android.SetupApplication$InPlaceInfoflow - Memory consumption after cleanup: 6197 MB
[main] INFO soot.jimple.infoflow.memory.FlowDroidTimeoutWatcher - FlowDroid timeout watcher started
[main] INFO soot.jimple.infoflow.data.pathBuilders.DefaultPathBuilderFactory$ShutdownBatchPathBuilder - Path Reconstruction has used 3.01952E-4 seconds
[main] INFO soot.jimple.infoflow.data.pathBuilders.DefaultPathBuilderFactory$ShutdownBatchPathBuilder - Running path reconstruction batch 1 with 5 elements
[main] INFO soot.jimple.infoflow.data.pathBuilders.DefaultPathBuilderFactory$RepeatableContextSensitivePathBuilder - Obtainted 5 connections between sources and sinks
[main] INFO soot.jimple.infoflow.data.pathBuilders.DefaultPathBuilderFactory$RepeatableContextSensitivePathBuilder - Path Reconstruction has used 1.012E-5 seconds
[main] INFO soot.jimple.infoflow.data.pathBuilders.DefaultPathBuilderFactory$RepeatableContextSensitivePathBuilder - Building path 1...
[main] INFO soot.jimple.infoflow.data.pathBuilders.DefaultPathBuilderFactory$RepeatableContextSensitivePathBuilder - Path Reconstruction has used 0.051073849 seconds
[main] INFO soot.jimple.infoflow.data.pathBuilders.DefaultPathBuilderFactory$RepeatableContextSensitivePathBuilder - Building path 2...
[main] INFO soot.jimple.infoflow.data.pathBuilders.DefaultPathBuilderFactory$RepeatableContextSensitivePathBuilder - Path Reconstruction has used 0.051830938 seconds
[main] INFO soot.jimple.infoflow.data.pathBuilders.DefaultPathBuilderFactory$RepeatableContextSensitivePathBuilder - Building path 3...
[main] INFO soot.jimple.infoflow.data.pathBuilders.DefaultPathBuilderFactory$RepeatableContextSensitivePathBuilder - Path Reconstruction has used 0.052058117 seconds
[main] INFO soot.jimple.infoflow.data.pathBuilders.DefaultPathBuilderFactory$RepeatableContextSensitivePathBuilder - Building path 4...
[main] INFO soot.jimple.infoflow.data.pathBuilders.DefaultPathBuilderFactory$RepeatableContextSensitivePathBuilder - Path Reconstruction has used 0.05221636 seconds
[main] INFO soot.jimple.infoflow.data.pathBuilders.DefaultPathBuilderFactory$RepeatableContextSensitivePathBuilder - Building path 5...
[main] ERROR soot.jimple.infoflow.data.pathBuilders.DefaultPathBuilderFactory$RepeatableContextSensitivePathBuilder - Could not wait for executor termination
java.lang.InterruptedException
	at java.base/java.util.concurrent.locks.AbstractQueuedSynchronizer.tryAcquireSharedNanos(AbstractQueuedSynchronizer.java:1081)
	at heros.solver.CountLatch.awaitZero(CountLatch.java:79)
	at heros.solver.CountingThreadPoolExecutor.awaitCompletion(CountingThreadPoolExecutor.java:86)
	at soot.jimple.infoflow.solver.executors.InterruptableExecutor.awaitCompletion(InterruptableExecutor.java:97)
	at soot.jimple.infoflow.data.pathBuilders.ContextSensitivePathBuilder.computeTaintPaths(ContextSensitivePathBuilder.java:270)
	at soot.jimple.infoflow.data.pathBuilders.BatchPathBuilder.computeTaintPaths(BatchPathBuilder.java:65)
	at soot.jimple.infoflow.data.pathBuilders.DefaultPathBuilderFactory$ShutdownBatchPathBuilder.computeTaintPaths(DefaultPathBuilderFactory.java:56)
	at soot.jimple.infoflow.AbstractInfoflow.lambda$reconstructPaths$1(AbstractInfoflow.java:1468)
	at soot.jimple.infoflow.AbstractInfoflow.runWithWatcher(AbstractInfoflow.java:1624)
	at soot.jimple.infoflow.AbstractInfoflow.reconstructPaths(AbstractInfoflow.java:1467)
	at soot.jimple.infoflow.AbstractInfoflow.runTaintAnalysis(AbstractInfoflow.java:1354)
	at soot.jimple.infoflow.AbstractInfoflow.runAnalysis(AbstractInfoflow.java:932)
	at soot.jimple.infoflow.AbstractInfoflow.runAnalysis(AbstractInfoflow.java:863)
	at soot.jimple.infoflow.android.SetupApplication$InPlaceInfoflow.runAnalysis(SetupApplication.java:1373)
	at soot.jimple.infoflow.android.SetupApplication.processEntryPoint(SetupApplication.java:1663)
	at soot.jimple.infoflow.android.SetupApplication.runInfoflow(SetupApplication.java:1592)
	at soot.jimple.infoflow.android.SetupApplication.runInfoflow(SetupApplication.java:1509)
	at soot.jimple.infoflow.cmd.MainClass.run(MainClass.java:359)
	at soot.jimple.infoflow.cmd.MainClass.main(MainClass.java:257)
[main] INFO soot.jimple.infoflow.data.pathBuilders.DefaultPathBuilderFactory$ShutdownBatchPathBuilder - Single batch has used 3.184297296 seconds
[main] INFO soot.jimple.infoflow.data.pathBuilders.DefaultPathBuilderFactory$ShutdownBatchPathBuilder - Path Reconstruction has used 3.203061237 seconds
[main] INFO soot.jimple.infoflow.data.pathBuilders.DefaultPathBuilderFactory$ShutdownBatchPathBuilder - Running path reconstruction batch 2 with 5 elements
[main] INFO soot.jimple.infoflow.data.pathBuilders.DefaultPathBuilderFactory$RepeatableContextSensitivePathBuilder - Obtainted 5 connections between sources and sinks
[main] INFO soot.jimple.infoflow.data.pathBuilders.DefaultPathBuilderFactory$RepeatableContextSensitivePathBuilder - Path Reconstruction has used 6.145E-6 seconds
[main] INFO soot.jimple.infoflow.data.pathBuilders.DefaultPathBuilderFactory$RepeatableContextSensitivePathBuilder - Building path 1...
[main] INFO soot.jimple.infoflow.data.pathBuilders.DefaultPathBuilderFactory$RepeatableContextSensitivePathBuilder - Path Reconstruction has used 4.88866E-4 seconds
[main] INFO soot.jimple.infoflow.data.pathBuilders.DefaultPathBuilderFactory$RepeatableContextSensitivePathBuilder - Building path 2...
[main] INFO soot.jimple.infoflow.data.pathBuilders.DefaultPathBuilderFactory$RepeatableContextSensitivePathBuilder - Path Reconstruction has used 6.78997E-4 seconds
[main] INFO soot.jimple.infoflow.data.pathBuilders.DefaultPathBuilderFactory$RepeatableContextSensitivePathBuilder - Building path 3...
[main] INFO soot.jimple.infoflow.data.pathBuilders.DefaultPathBuilderFactory$RepeatableContextSensitivePathBuilder - Path Reconstruction has used 9.17793E-4 seconds
[main] INFO soot.jimple.infoflow.data.pathBuilders.DefaultPathBuilderFactory$RepeatableContextSensitivePathBuilder - Building path 4...
[main] INFO soot.jimple.infoflow.data.pathBuilders.DefaultPathBuilderFactory$RepeatableContextSensitivePathBuilder - Path Reconstruction has used 0.001005117 seconds
[main] INFO soot.jimple.infoflow.data.pathBuilders.DefaultPathBuilderFactory$RepeatableContextSensitivePathBuilder - Building path 5...
[main] INFO soot.jimple.infoflow.data.pathBuilders.DefaultPathBuilderFactory$ShutdownBatchPathBuilder - Single batch has used 6.711526221 seconds
[main] INFO soot.jimple.infoflow.data.pathBuilders.DefaultPathBuilderFactory$ShutdownBatchPathBuilder - Path Reconstruction has used 9.914956719 seconds
[main] INFO soot.jimple.infoflow.data.pathBuilders.DefaultPathBuilderFactory$ShutdownBatchPathBuilder - Running path reconstruction batch 3 with 5 elements
[main] INFO soot.jimple.infoflow.data.pathBuilders.DefaultPathBuilderFactory$RepeatableContextSensitivePathBuilder - Obtainted 5 connections between sources and sinks
[main] INFO soot.jimple.infoflow.data.pathBuilders.DefaultPathBuilderFactory$RepeatableContextSensitivePathBuilder - Path Reconstruction has used 3.941E-6 seconds
[main] INFO soot.jimple.infoflow.data.pathBuilders.DefaultPathBuilderFactory$RepeatableContextSensitivePathBuilder - Building path 1...
[main] INFO soot.jimple.infoflow.data.pathBuilders.DefaultPathBuilderFactory$RepeatableContextSensitivePathBuilder - Path Reconstruction has used 1.04589E-4 seconds
[main] INFO soot.jimple.infoflow.data.pathBuilders.DefaultPathBuilderFactory$RepeatableContextSensitivePathBuilder - Building path 2...
[main] INFO soot.jimple.infoflow.data.pathBuilders.DefaultPathBuilderFactory$RepeatableContextSensitivePathBuilder - Path Reconstruction has used 1.75534E-4 seconds
[main] INFO soot.jimple.infoflow.data.pathBuilders.DefaultPathBuilderFactory$RepeatableContextSensitivePathBuilder - Building path 3...
[main] INFO soot.jimple.infoflow.data.pathBuilders.DefaultPathBuilderFactory$RepeatableContextSensitivePathBuilder - Path Reconstruction has used 2.50774E-4 seconds
[main] INFO soot.jimple.infoflow.data.pathBuilders.DefaultPathBuilderFactory$RepeatableContextSensitivePathBuilder - Building path 4...
[main] INFO soot.jimple.infoflow.data.pathBuilders.DefaultPathBuilderFactory$RepeatableContextSensitivePathBuilder - Path Reconstruction has used 3.2208E-4 seconds
[main] INFO soot.jimple.infoflow.data.pathBuilders.DefaultPathBuilderFactory$RepeatableContextSensitivePathBuilder - Building path 5...
[main] INFO soot.jimple.infoflow.data.pathBuilders.DefaultPathBuilderFactory$ShutdownBatchPathBuilder - Single batch has used 20.793261699 seconds
[main] INFO soot.jimple.infoflow.data.pathBuilders.DefaultPathBuilderFactory$ShutdownBatchPathBuilder - Path Reconstruction has used 30.708462019 seconds
[main] INFO soot.jimple.infoflow.data.pathBuilders.DefaultPathBuilderFactory$ShutdownBatchPathBuilder - Running path reconstruction batch 4 with 5 elements
[main] INFO soot.jimple.infoflow.data.pathBuilders.DefaultPathBuilderFactory$RepeatableContextSensitivePathBuilder - Obtainted 5 connections between sources and sinks
[main] INFO soot.jimple.infoflow.data.pathBuilders.DefaultPathBuilderFactory$RepeatableContextSensitivePathBuilder - Path Reconstruction has used 3.332E-6 seconds
[main] INFO soot.jimple.infoflow.data.pathBuilders.DefaultPathBuilderFactory$RepeatableContextSensitivePathBuilder - Building path 1...
[main] INFO soot.jimple.infoflow.data.pathBuilders.DefaultPathBuilderFactory$RepeatableContextSensitivePathBuilder - Path Reconstruction has used 1.1825E-4 seconds
[main] INFO soot.jimple.infoflow.data.pathBuilders.DefaultPathBuilderFactory$RepeatableContextSensitivePathBuilder - Building path 2...
[main] INFO soot.jimple.infoflow.data.pathBuilders.DefaultPathBuilderFactory$RepeatableContextSensitivePathBuilder - Path Reconstruction has used 1.80974E-4 seconds
[main] INFO soot.jimple.infoflow.data.pathBuilders.DefaultPathBuilderFactory$RepeatableContextSensitivePathBuilder - Building path 3...
[main] INFO soot.jimple.infoflow.data.pathBuilders.DefaultPathBuilderFactory$RepeatableContextSensitivePathBuilder - Path Reconstruction has used 2.38624E-4 seconds
[main] INFO soot.jimple.infoflow.data.pathBuilders.DefaultPathBuilderFactory$RepeatableContextSensitivePathBuilder - Building path 4...
[main] INFO soot.jimple.infoflow.data.pathBuilders.DefaultPathBuilderFactory$RepeatableContextSensitivePathBuilder - Path Reconstruction has used 3.08947E-4 seconds
[main] INFO soot.jimple.infoflow.data.pathBuilders.DefaultPathBuilderFactory$RepeatableContextSensitivePathBuilder - Building path 5...
[main] INFO soot.jimple.infoflow.data.pathBuilders.DefaultPathBuilderFactory$ShutdownBatchPathBuilder - Single batch has used 1.239606727 seconds
[main] INFO soot.jimple.infoflow.data.pathBuilders.DefaultPathBuilderFactory$ShutdownBatchPathBuilder - Path Reconstruction has used 31.948303636 seconds
[main] INFO soot.jimple.infoflow.data.pathBuilders.DefaultPathBuilderFactory$ShutdownBatchPathBuilder - Running path reconstruction batch 5 with 5 elements
[main] INFO soot.jimple.infoflow.data.pathBuilders.DefaultPathBuilderFactory$RepeatableContextSensitivePathBuilder - Obtainted 5 connections between sources and sinks
[main] INFO soot.jimple.infoflow.data.pathBuilders.DefaultPathBuilderFactory$RepeatableContextSensitivePathBuilder - Path Reconstruction has used 2.857E-6 seconds
[main] INFO soot.jimple.infoflow.data.pathBuilders.DefaultPathBuilderFactory$RepeatableContextSensitivePathBuilder - Building path 1...
[main] INFO soot.jimple.infoflow.data.pathBuilders.DefaultPathBuilderFactory$RepeatableContextSensitivePathBuilder - Path Reconstruction has used 1.14733E-4 seconds
[main] INFO soot.jimple.infoflow.data.pathBuilders.DefaultPathBuilderFactory$RepeatableContextSensitivePathBuilder - Building path 2...
[main] INFO soot.jimple.infoflow.data.pathBuilders.DefaultPathBuilderFactory$RepeatableContextSensitivePathBuilder - Path Reconstruction has used 1.65812E-4 seconds
[main] INFO soot.jimple.infoflow.data.pathBuilders.DefaultPathBuilderFactory$RepeatableContextSensitivePathBuilder - Building path 3...
[main] INFO soot.jimple.infoflow.data.pathBuilders.DefaultPathBuilderFactory$RepeatableContextSensitivePathBuilder - Path Reconstruction has used 2.15861E-4 seconds
[main] INFO soot.jimple.infoflow.data.pathBuilders.DefaultPathBuilderFactory$RepeatableContextSensitivePathBuilder - Building path 4...
[main] INFO soot.jimple.infoflow.data.pathBuilders.DefaultPathBuilderFactory$RepeatableContextSensitivePathBuilder - Path Reconstruction has used 2.63948E-4 seconds
[main] INFO soot.jimple.infoflow.data.pathBuilders.DefaultPathBuilderFactory$RepeatableContextSensitivePathBuilder - Building path 5...
[main] INFO soot.jimple.infoflow.data.pathBuilders.DefaultPathBuilderFactory$ShutdownBatchPathBuilder - Single batch has used 4.64098E-4 seconds
[main] INFO soot.jimple.infoflow.data.pathBuilders.DefaultPathBuilderFactory$ShutdownBatchPathBuilder - Path Reconstruction has used 31.948887078 seconds
[main] INFO soot.jimple.infoflow.data.pathBuilders.DefaultPathBuilderFactory$ShutdownBatchPathBuilder - Running path reconstruction batch 6 with 5 elements
[main] INFO soot.jimple.infoflow.data.pathBuilders.DefaultPathBuilderFactory$RepeatableContextSensitivePathBuilder - Obtainted 5 connections between sources and sinks
[main] INFO soot.jimple.infoflow.data.pathBuilders.DefaultPathBuilderFactory$RepeatableContextSensitivePathBuilder - Path Reconstruction has used 2.555E-6 seconds
[main] INFO soot.jimple.infoflow.data.pathBuilders.DefaultPathBuilderFactory$RepeatableContextSensitivePathBuilder - Building path 1...
[main] INFO soot.jimple.infoflow.data.pathBuilders.DefaultPathBuilderFactory$RepeatableContextSensitivePathBuilder - Path Reconstruction has used 5.6411E-5 seconds
[main] INFO soot.jimple.infoflow.data.pathBuilders.DefaultPathBuilderFactory$RepeatableContextSensitivePathBuilder - Building path 2...
[main] INFO soot.jimple.infoflow.data.pathBuilders.DefaultPathBuilderFactory$RepeatableContextSensitivePathBuilder - Path Reconstruction has used 1.09192E-4 seconds
[main] INFO soot.jimple.infoflow.data.pathBuilders.DefaultPathBuilderFactory$RepeatableContextSensitivePathBuilder - Building path 3...
[main] INFO soot.jimple.infoflow.data.pathBuilders.DefaultPathBuilderFactory$RepeatableContextSensitivePathBuilder - Path Reconstruction has used 1.66064E-4 seconds
[main] INFO soot.jimple.infoflow.data.pathBuilders.DefaultPathBuilderFactory$RepeatableContextSensitivePathBuilder - Building path 4...
[main] INFO soot.jimple.infoflow.data.pathBuilders.DefaultPathBuilderFactory$RepeatableContextSensitivePathBuilder - Path Reconstruction has used 2.12479E-4 seconds
[main] INFO soot.jimple.infoflow.data.pathBuilders.DefaultPathBuilderFactory$RepeatableContextSensitivePathBuilder - Building path 5...
[main] INFO soot.jimple.infoflow.data.pathBuilders.DefaultPathBuilderFactory$ShutdownBatchPathBuilder - Single batch has used 1.334468722 seconds
[main] INFO soot.jimple.infoflow.data.pathBuilders.DefaultPathBuilderFactory$ShutdownBatchPathBuilder - Path Reconstruction has used 33.28354863 seconds
[main] INFO soot.jimple.infoflow.data.pathBuilders.DefaultPathBuilderFactory$ShutdownBatchPathBuilder - Running path reconstruction batch 7 with 5 elements
[main] INFO soot.jimple.infoflow.data.pathBuilders.DefaultPathBuilderFactory$RepeatableContextSensitivePathBuilder - Obtainted 5 connections between sources and sinks
[main] INFO soot.jimple.infoflow.data.pathBuilders.DefaultPathBuilderFactory$RepeatableContextSensitivePathBuilder - Path Reconstruction has used 3.065E-6 seconds
[main] INFO soot.jimple.infoflow.data.pathBuilders.DefaultPathBuilderFactory$RepeatableContextSensitivePathBuilder - Building path 1...
[main] INFO soot.jimple.infoflow.data.pathBuilders.DefaultPathBuilderFactory$RepeatableContextSensitivePathBuilder - Path Reconstruction has used 9.1773E-5 seconds
[main] INFO soot.jimple.infoflow.data.pathBuilders.DefaultPathBuilderFactory$RepeatableContextSensitivePathBuilder - Building path 2...
[main] INFO soot.jimple.infoflow.data.pathBuilders.DefaultPathBuilderFactory$RepeatableContextSensitivePathBuilder - Path Reconstruction has used 1.43039E-4 seconds
[main] INFO soot.jimple.infoflow.data.pathBuilders.DefaultPathBuilderFactory$RepeatableContextSensitivePathBuilder - Building path 3...
[main] INFO soot.jimple.infoflow.data.pathBuilders.DefaultPathBuilderFactory$RepeatableContextSensitivePathBuilder - Path Reconstruction has used 1.98761E-4 seconds
[main] INFO soot.jimple.infoflow.data.pathBuilders.DefaultPathBuilderFactory$RepeatableContextSensitivePathBuilder - Building path 4...
[main] INFO soot.jimple.infoflow.data.pathBuilders.DefaultPathBuilderFactory$RepeatableContextSensitivePathBuilder - Path Reconstruction has used 2.98854E-4 seconds
[main] INFO soot.jimple.infoflow.data.pathBuilders.DefaultPathBuilderFactory$RepeatableContextSensitivePathBuilder - Building path 5...
[main] INFO soot.jimple.infoflow.data.pathBuilders.DefaultPathBuilderFactory$ShutdownBatchPathBuilder - Single batch has used 0.80656524 seconds
[main] INFO soot.jimple.infoflow.data.pathBuilders.DefaultPathBuilderFactory$ShutdownBatchPathBuilder - Path Reconstruction has used 34.090501013 seconds
[main] INFO soot.jimple.infoflow.data.pathBuilders.DefaultPathBuilderFactory$ShutdownBatchPathBuilder - Running path reconstruction batch 8 with 5 elements
[main] INFO soot.jimple.infoflow.data.pathBuilders.DefaultPathBuilderFactory$RepeatableContextSensitivePathBuilder - Obtainted 5 connections between sources and sinks
[main] INFO soot.jimple.infoflow.data.pathBuilders.DefaultPathBuilderFactory$RepeatableContextSensitivePathBuilder - Path Reconstruction has used 7.894E-6 seconds
[main] INFO soot.jimple.infoflow.data.pathBuilders.DefaultPathBuilderFactory$RepeatableContextSensitivePathBuilder - Building path 1...
[main] INFO soot.jimple.infoflow.data.pathBuilders.DefaultPathBuilderFactory$RepeatableContextSensitivePathBuilder - Path Reconstruction has used 2.07206E-4 seconds
[main] INFO soot.jimple.infoflow.data.pathBuilders.DefaultPathBuilderFactory$RepeatableContextSensitivePathBuilder - Building path 2...
[main] INFO soot.jimple.infoflow.data.pathBuilders.DefaultPathBuilderFactory$RepeatableContextSensitivePathBuilder - Path Reconstruction has used 5.85991E-4 seconds
[main] INFO soot.jimple.infoflow.data.pathBuilders.DefaultPathBuilderFactory$RepeatableContextSensitivePathBuilder - Building path 3...
[main] INFO soot.jimple.infoflow.data.pathBuilders.DefaultPathBuilderFactory$RepeatableContextSensitivePathBuilder - Path Reconstruction has used 0.002239801 seconds
[main] INFO soot.jimple.infoflow.data.pathBuilders.DefaultPathBuilderFactory$RepeatableContextSensitivePathBuilder - Building path 4...
[main] INFO soot.jimple.infoflow.data.pathBuilders.DefaultPathBuilderFactory$RepeatableContextSensitivePathBuilder - Path Reconstruction has used 0.002298055 seconds
[main] INFO soot.jimple.infoflow.data.pathBuilders.DefaultPathBuilderFactory$RepeatableContextSensitivePathBuilder - Building path 5...
[main] INFO soot.jimple.infoflow.data.pathBuilders.DefaultPathBuilderFactory$ShutdownBatchPathBuilder - Single batch has used 0.778536108 seconds
[main] INFO soot.jimple.infoflow.data.pathBuilders.DefaultPathBuilderFactory$ShutdownBatchPathBuilder - Path Reconstruction has used 34.869405331 seconds
[main] INFO soot.jimple.infoflow.data.pathBuilders.DefaultPathBuilderFactory$ShutdownBatchPathBuilder - Running path reconstruction batch 9 with 5 elements
[main] INFO soot.jimple.infoflow.data.pathBuilders.DefaultPathBuilderFactory$RepeatableContextSensitivePathBuilder - Obtainted 5 connections between sources and sinks
[main] INFO soot.jimple.infoflow.data.pathBuilders.DefaultPathBuilderFactory$RepeatableContextSensitivePathBuilder - Path Reconstruction has used 3.385E-6 seconds
[main] INFO soot.jimple.infoflow.data.pathBuilders.DefaultPathBuilderFactory$RepeatableContextSensitivePathBuilder - Building path 1...
[main] INFO soot.jimple.infoflow.data.pathBuilders.DefaultPathBuilderFactory$RepeatableContextSensitivePathBuilder - Path Reconstruction has used 9.7912E-5 seconds
[main] INFO soot.jimple.infoflow.data.pathBuilders.DefaultPathBuilderFactory$RepeatableContextSensitivePathBuilder - Building path 2...
[main] INFO soot.jimple.infoflow.data.pathBuilders.DefaultPathBuilderFactory$RepeatableContextSensitivePathBuilder - Path Reconstruction has used 1.56287E-4 seconds
[main] INFO soot.jimple.infoflow.data.pathBuilders.DefaultPathBuilderFactory$RepeatableContextSensitivePathBuilder - Building path 3...
[main] INFO soot.jimple.infoflow.data.pathBuilders.DefaultPathBuilderFactory$RepeatableContextSensitivePathBuilder - Path Reconstruction has used 2.28433E-4 seconds
[main] INFO soot.jimple.infoflow.data.pathBuilders.DefaultPathBuilderFactory$RepeatableContextSensitivePathBuilder - Building path 4...
[main] INFO soot.jimple.infoflow.data.pathBuilders.DefaultPathBuilderFactory$RepeatableContextSensitivePathBuilder - Path Reconstruction has used 2.82949E-4 seconds
[main] INFO soot.jimple.infoflow.data.pathBuilders.DefaultPathBuilderFactory$RepeatableContextSensitivePathBuilder - Building path 5...
[main] INFO soot.jimple.infoflow.data.pathBuilders.DefaultPathBuilderFactory$ShutdownBatchPathBuilder - Single batch has used 2.233228251 seconds
[main] INFO soot.jimple.infoflow.data.pathBuilders.DefaultPathBuilderFactory$ShutdownBatchPathBuilder - Path Reconstruction has used 37.102884387 seconds
[main] INFO soot.jimple.infoflow.data.pathBuilders.DefaultPathBuilderFactory$ShutdownBatchPathBuilder - Running path reconstruction batch 10 with 5 elements
[main] INFO soot.jimple.infoflow.data.pathBuilders.DefaultPathBuilderFactory$RepeatableContextSensitivePathBuilder - Obtainted 5 connections between sources and sinks
[main] INFO soot.jimple.infoflow.data.pathBuilders.DefaultPathBuilderFactory$RepeatableContextSensitivePathBuilder - Path Reconstruction has used 2.738E-6 seconds
[main] INFO soot.jimple.infoflow.data.pathBuilders.DefaultPathBuilderFactory$RepeatableContextSensitivePathBuilder - Building path 1...
[main] INFO soot.jimple.infoflow.data.pathBuilders.DefaultPathBuilderFactory$RepeatableContextSensitivePathBuilder - Path Reconstruction has used 1.19737E-4 seconds
[main] INFO soot.jimple.infoflow.data.pathBuilders.DefaultPathBuilderFactory$RepeatableContextSensitivePathBuilder - Building path 2...
[main] INFO soot.jimple.infoflow.data.pathBuilders.DefaultPathBuilderFactory$RepeatableContextSensitivePathBuilder - Path Reconstruction has used 1.65977E-4 seconds
[main] INFO soot.jimple.infoflow.data.pathBuilders.DefaultPathBuilderFactory$RepeatableContextSensitivePathBuilder - Building path 3...
[main] INFO soot.jimple.infoflow.data.pathBuilders.DefaultPathBuilderFactory$RepeatableContextSensitivePathBuilder - Path Reconstruction has used 2.14619E-4 seconds
[main] INFO soot.jimple.infoflow.data.pathBuilders.DefaultPathBuilderFactory$RepeatableContextSensitivePathBuilder - Building path 4...
[main] INFO soot.jimple.infoflow.data.pathBuilders.DefaultPathBuilderFactory$RepeatableContextSensitivePathBuilder - Path Reconstruction has used 2.56584E-4 seconds
[main] INFO soot.jimple.infoflow.data.pathBuilders.DefaultPathBuilderFactory$RepeatableContextSensitivePathBuilder - Building path 5...
[main] INFO soot.jimple.infoflow.data.pathBuilders.DefaultPathBuilderFactory$ShutdownBatchPathBuilder - Single batch has used 4.751612679 seconds
[main] INFO soot.jimple.infoflow.data.pathBuilders.DefaultPathBuilderFactory$ShutdownBatchPathBuilder - Path Reconstruction has used 41.854781934 seconds
[main] INFO soot.jimple.infoflow.data.pathBuilders.DefaultPathBuilderFactory$ShutdownBatchPathBuilder - Running path reconstruction batch 11 with 5 elements
[main] INFO soot.jimple.infoflow.data.pathBuilders.DefaultPathBuilderFactory$RepeatableContextSensitivePathBuilder - Obtainted 5 connections between sources and sinks
[main] INFO soot.jimple.infoflow.data.pathBuilders.DefaultPathBuilderFactory$RepeatableContextSensitivePathBuilder - Path Reconstruction has used 2.702E-6 seconds
[main] INFO soot.jimple.infoflow.data.pathBuilders.DefaultPathBuilderFactory$RepeatableContextSensitivePathBuilder - Building path 1...
[main] INFO soot.jimple.infoflow.data.pathBuilders.DefaultPathBuilderFactory$RepeatableContextSensitivePathBuilder - Path Reconstruction has used 6.23237E-4 seconds
[main] INFO soot.jimple.infoflow.data.pathBuilders.DefaultPathBuilderFactory$RepeatableContextSensitivePathBuilder - Building path 2...
[main] INFO soot.jimple.infoflow.data.pathBuilders.DefaultPathBuilderFactory$RepeatableContextSensitivePathBuilder - Path Reconstruction has used 6.6516E-4 seconds
[main] INFO soot.jimple.infoflow.data.pathBuilders.DefaultPathBuilderFactory$RepeatableContextSensitivePathBuilder - Building path 3...
[main] INFO soot.jimple.infoflow.data.pathBuilders.DefaultPathBuilderFactory$RepeatableContextSensitivePathBuilder - Path Reconstruction has used 6.99937E-4 seconds
[main] INFO soot.jimple.infoflow.data.pathBuilders.DefaultPathBuilderFactory$RepeatableContextSensitivePathBuilder - Building path 4...
[main] INFO soot.jimple.infoflow.data.pathBuilders.DefaultPathBuilderFactory$RepeatableContextSensitivePathBuilder - Path Reconstruction has used 8.35366E-4 seconds
[main] INFO soot.jimple.infoflow.data.pathBuilders.DefaultPathBuilderFactory$RepeatableContextSensitivePathBuilder - Building path 5...
[main] INFO soot.jimple.infoflow.data.pathBuilders.DefaultPathBuilderFactory$ShutdownBatchPathBuilder - Single batch has used 0.001183607 seconds
[main] INFO soot.jimple.infoflow.data.pathBuilders.DefaultPathBuilderFactory$ShutdownBatchPathBuilder - Path Reconstruction has used 41.856072074 seconds
[main] INFO soot.jimple.infoflow.data.pathBuilders.DefaultPathBuilderFactory$ShutdownBatchPathBuilder - Running path reconstruction batch 12 with 5 elements
[main] INFO soot.jimple.infoflow.data.pathBuilders.DefaultPathBuilderFactory$RepeatableContextSensitivePathBuilder - Obtainted 5 connections between sources and sinks
[main] INFO soot.jimple.infoflow.data.pathBuilders.DefaultPathBuilderFactory$RepeatableContextSensitivePathBuilder - Path Reconstruction has used 2.144E-6 seconds
[main] INFO soot.jimple.infoflow.data.pathBuilders.DefaultPathBuilderFactory$RepeatableContextSensitivePathBuilder - Building path 1...
[main] INFO soot.jimple.infoflow.data.pathBuilders.DefaultPathBuilderFactory$RepeatableContextSensitivePathBuilder - Path Reconstruction has used 6.2192E-5 seconds
[main] INFO soot.jimple.infoflow.data.pathBuilders.DefaultPathBuilderFactory$RepeatableContextSensitivePathBuilder - Building path 2...
[main] INFO soot.jimple.infoflow.data.pathBuilders.DefaultPathBuilderFactory$RepeatableContextSensitivePathBuilder - Path Reconstruction has used 1.04991E-4 seconds
[main] INFO soot.jimple.infoflow.data.pathBuilders.DefaultPathBuilderFactory$RepeatableContextSensitivePathBuilder - Building path 3...
[main] INFO soot.jimple.infoflow.data.pathBuilders.DefaultPathBuilderFactory$RepeatableContextSensitivePathBuilder - Path Reconstruction has used 2.0268E-4 seconds
[main] INFO soot.jimple.infoflow.data.pathBuilders.DefaultPathBuilderFactory$RepeatableContextSensitivePathBuilder - Building path 4...
[main] INFO soot.jimple.infoflow.data.pathBuilders.DefaultPathBuilderFactory$RepeatableContextSensitivePathBuilder - Path Reconstruction has used 3.40126E-4 seconds
[main] INFO soot.jimple.infoflow.data.pathBuilders.DefaultPathBuilderFactory$RepeatableContextSensitivePathBuilder - Building path 5...
[main] INFO soot.jimple.infoflow.data.pathBuilders.DefaultPathBuilderFactory$ShutdownBatchPathBuilder - Single batch has used 3.241488284 seconds
[main] INFO soot.jimple.infoflow.data.pathBuilders.DefaultPathBuilderFactory$ShutdownBatchPathBuilder - Path Reconstruction has used 45.097789872 seconds
[main] INFO soot.jimple.infoflow.data.pathBuilders.DefaultPathBuilderFactory$ShutdownBatchPathBuilder - Running path reconstruction batch 13 with 5 elements
[main] INFO soot.jimple.infoflow.data.pathBuilders.DefaultPathBuilderFactory$RepeatableContextSensitivePathBuilder - Obtainted 5 connections between sources and sinks
[main] INFO soot.jimple.infoflow.data.pathBuilders.DefaultPathBuilderFactory$RepeatableContextSensitivePathBuilder - Path Reconstruction has used 3.141E-6 seconds
[main] INFO soot.jimple.infoflow.data.pathBuilders.DefaultPathBuilderFactory$RepeatableContextSensitivePathBuilder - Building path 1...
[main] INFO soot.jimple.infoflow.data.pathBuilders.DefaultPathBuilderFactory$RepeatableContextSensitivePathBuilder - Path Reconstruction has used 8.7603E-5 seconds
[main] INFO soot.jimple.infoflow.data.pathBuilders.DefaultPathBuilderFactory$RepeatableContextSensitivePathBuilder - Building path 2...
[main] INFO soot.jimple.infoflow.data.pathBuilders.DefaultPathBuilderFactory$RepeatableContextSensitivePathBuilder - Path Reconstruction has used 1.88261E-4 seconds
[main] INFO soot.jimple.infoflow.data.pathBuilders.DefaultPathBuilderFactory$RepeatableContextSensitivePathBuilder - Building path 3...
[main] INFO soot.jimple.infoflow.data.pathBuilders.DefaultPathBuilderFactory$RepeatableContextSensitivePathBuilder - Path Reconstruction has used 2.25455E-4 seconds
[main] INFO soot.jimple.infoflow.data.pathBuilders.DefaultPathBuilderFactory$RepeatableContextSensitivePathBuilder - Building path 4...
[main] INFO soot.jimple.infoflow.data.pathBuilders.DefaultPathBuilderFactory$RepeatableContextSensitivePathBuilder - Path Reconstruction has used 2.60913E-4 seconds
[main] INFO soot.jimple.infoflow.data.pathBuilders.DefaultPathBuilderFactory$RepeatableContextSensitivePathBuilder - Building path 5...
[main] INFO soot.jimple.infoflow.data.pathBuilders.DefaultPathBuilderFactory$ShutdownBatchPathBuilder - Single batch has used 0.759240764 seconds
[main] INFO soot.jimple.infoflow.data.pathBuilders.DefaultPathBuilderFactory$ShutdownBatchPathBuilder - Path Reconstruction has used 45.85725676 seconds
[main] INFO soot.jimple.infoflow.data.pathBuilders.DefaultPathBuilderFactory$ShutdownBatchPathBuilder - Running path reconstruction batch 14 with 5 elements
[main] INFO soot.jimple.infoflow.data.pathBuilders.DefaultPathBuilderFactory$RepeatableContextSensitivePathBuilder - Obtainted 5 connections between sources and sinks
[main] INFO soot.jimple.infoflow.data.pathBuilders.DefaultPathBuilderFactory$RepeatableContextSensitivePathBuilder - Path Reconstruction has used 5.766E-6 seconds
[main] INFO soot.jimple.infoflow.data.pathBuilders.DefaultPathBuilderFactory$RepeatableContextSensitivePathBuilder - Building path 1...
[main] INFO soot.jimple.infoflow.data.pathBuilders.DefaultPathBuilderFactory$RepeatableContextSensitivePathBuilder - Path Reconstruction has used 1.09721E-4 seconds
[main] INFO soot.jimple.infoflow.data.pathBuilders.DefaultPathBuilderFactory$RepeatableContextSensitivePathBuilder - Building path 2...
[main] INFO soot.jimple.infoflow.data.pathBuilders.DefaultPathBuilderFactory$RepeatableContextSensitivePathBuilder - Path Reconstruction has used 1.514E-4 seconds
[main] INFO soot.jimple.infoflow.data.pathBuilders.DefaultPathBuilderFactory$RepeatableContextSensitivePathBuilder - Building path 3...
[main] INFO soot.jimple.infoflow.data.pathBuilders.DefaultPathBuilderFactory$RepeatableContextSensitivePathBuilder - Path Reconstruction has used 1.90729E-4 seconds
[main] INFO soot.jimple.infoflow.data.pathBuilders.DefaultPathBuilderFactory$RepeatableContextSensitivePathBuilder - Building path 4...
[main] INFO soot.jimple.infoflow.data.pathBuilders.DefaultPathBuilderFactory$RepeatableContextSensitivePathBuilder - Path Reconstruction has used 2.58205E-4 seconds
[main] INFO soot.jimple.infoflow.data.pathBuilders.DefaultPathBuilderFactory$RepeatableContextSensitivePathBuilder - Building path 5...
[main] INFO soot.jimple.infoflow.data.pathBuilders.DefaultPathBuilderFactory$ShutdownBatchPathBuilder - Single batch has used 0.750683364 seconds
[main] INFO soot.jimple.infoflow.memory.MemoryWarningSystem - Shutting down the memory warning system...
[FlowDroid Timeout Watcher] INFO soot.jimple.infoflow.memory.FlowDroidTimeoutWatcher - FlowDroid timeout watcher terminated
[main] INFO soot.jimple.infoflow.android.SetupApplication$InPlaceInfoflow - Memory consumption after path building: 6232 MB
[main] INFO soot.jimple.infoflow.android.SetupApplication$InPlaceInfoflow - Path reconstruction took 49 seconds
[main] INFO soot.jimple.infoflow.android.SetupApplication$InPlaceInfoflow - The sink staticinvoke <android.util.Log: int e(java.lang.String,java.lang.String,java.lang.Throwable)>("AssertionTracker", $r4, $r6) in method <t50.c: void d(boolean,java.lang.String,md.a)> was called with values from the following sources:
[main] INFO soot.jimple.infoflow.android.SetupApplication$InPlaceInfoflow - - $r4 = virtualinvoke $r3.<android.content.res.Resources: android.util.DisplayMetrics getDisplayMetrics()>() in method <one.me.android.OneMeApplication: java.lang.String setupLogger$lambda$2(one.me.android.OneMeApplication)>
[main] INFO soot.jimple.infoflow.android.SetupApplication$InPlaceInfoflow - - $i0 = virtualinvoke $r1.<android.app.ActivityManager: int getLargeMemoryClass()>() in method <one.me.android.OneMeApplication: int getLargeMemoryClass()>
[main] INFO soot.jimple.infoflow.android.SetupApplication$InPlaceInfoflow - - $r6 = virtualinvoke $r5.<android.content.res.Configuration: android.os.LocaleList getLocales()>() in method <one.me.android.OneMeApplication: java.lang.String setupLogger$lambda$2(one.me.android.OneMeApplication)>
[main] INFO soot.jimple.infoflow.android.SetupApplication$InPlaceInfoflow - The sink virtualinvoke $r9.<android.content.ContentResolver: int update(android.net.Uri,android.content.ContentValues,java.lang.String,java.lang.String[])>($r14, $r22, null, null) in method <ru.ok.tamtam.android.util.share.b: android.net.Uri a(android.net.Uri,android.content.Context,vg0.e0)> was called with values from the following sources:
[main] INFO soot.jimple.infoflow.android.SetupApplication$InPlaceInfoflow - - $r9 = virtualinvoke $r5.<android.content.Context: android.content.ContentResolver getContentResolver()>() in method <ru.ok.tamtam.android.util.share.b: android.net.Uri a(android.net.Uri,android.content.Context,vg0.e0)>
[main] INFO soot.jimple.infoflow.android.SetupApplication$InPlaceInfoflow - The sink virtualinvoke $r0.<android.content.Context: void sendBroadcast(android.content.Intent)>($r3) in method <me.leolin.shortcutbadger.impl.VivoHomeBadger: void executeBadge(android.content.Context,android.content.ComponentName,int)> was called with values from the following sources:
[main] INFO soot.jimple.infoflow.android.SetupApplication$InPlaceInfoflow - - $r2 = virtualinvoke $r0.<android.content.Context: java.lang.String getPackageName()>() in method <me.leolin.shortcutbadger.impl.VivoHomeBadger: void executeBadge(android.content.Context,android.content.ComponentName,int)>
[main] INFO soot.jimple.infoflow.android.SetupApplication$InPlaceInfoflow - - $r2 = virtualinvoke $r1.<android.content.ComponentName: java.lang.String getClassName()>() in method <me.leolin.shortcutbadger.impl.VivoHomeBadger: void executeBadge(android.content.Context,android.content.ComponentName,int)>
[main] INFO soot.jimple.infoflow.android.SetupApplication$InPlaceInfoflow - The sink virtualinvoke $r2.<android.content.Context: void startActivity(android.content.Intent)>($r4) in method <one.me.calls.impl.service.f: void b(java.lang.String,boolean,boolean,java.util.List)> was called with values from the following sources:
[main] INFO soot.jimple.infoflow.android.SetupApplication$InPlaceInfoflow - - $r0 = virtualinvoke $r2.<android.os.HandlerThread: android.os.Looper getLooper()>() in method <ru.ok.android.externcalls.analytics.internal.event.EventQueueCollector$LooperProvider: android.os.Looper get()>
[main] INFO soot.jimple.infoflow.android.SetupApplication$InPlaceInfoflow - - $r0 = virtualinvoke $r1.<android.content.Context: java.io.File getExternalCacheDir()>() in method <ru.ok.messages.utils.f: java.lang.Object invoke()>
[main] INFO soot.jimple.infoflow.android.SetupApplication$InPlaceInfoflow - - $r2 = virtualinvoke $r1.<android.content.Context: java.lang.Object getSystemService(java.lang.String)>("audio") in method <one.me.sdk.messagewrite.recordcontrols.f: android.media.AudioManager N0(one.me.sdk.messagewrite.recordcontrols.f)>
[main] INFO soot.jimple.infoflow.android.SetupApplication$InPlaceInfoflow - - $r0 = virtualinvoke $r2.<android.content.Context: java.lang.Object getSystemService(java.lang.String)>("audio") in method <vi.g: android.media.AudioManager g(vi.g)>
[main] INFO soot.jimple.infoflow.android.SetupApplication$InPlaceInfoflow - - $r2 = virtualinvoke $r1.<android.os.HandlerThread: android.os.Looper getLooper()>() in method <x50.y: android.os.Looper p2()>
[main] INFO soot.jimple.infoflow.android.SetupApplication$InPlaceInfoflow - - $r0 = virtualinvoke $r2.<android.content.Context: android.content.ContentResolver getContentResolver()>() in method <sn0.b: android.content.ContentResolver i(sn0.b)>
[main] INFO soot.jimple.infoflow.android.SetupApplication$InPlaceInfoflow - - $r0 = virtualinvoke $r1.<java.lang.Object: java.lang.String toString()>() in method <rk0.j: java.lang.Object apply(java.lang.Object)>
[main] INFO soot.jimple.infoflow.android.SetupApplication$InPlaceInfoflow - - $l1 = virtualinvoke $r0.<android.animation.Animator: long getStartDelay()>() in method <one.me.sdk.richvector.EnhancedProgressAnimatedVectorDrawable$a: long c(android.animation.Animator)>
[main] INFO soot.jimple.infoflow.android.SetupApplication$InPlaceInfoflow - - $r0 = virtualinvoke $r2.<android.content.Context: java.lang.Object getSystemService(java.lang.String)>("notification") in method <ig.e: android.app.NotificationManager k(ig.e)>
[main] INFO soot.jimple.infoflow.android.SetupApplication$InPlaceInfoflow - - $r6 = virtualinvoke $r5.<android.content.res.Configuration: android.os.LocaleList getLocales()>() in method <one.me.android.OneMeApplication: java.lang.String setupLogger$lambda$2(one.me.android.OneMeApplication)>
[main] INFO soot.jimple.infoflow.android.SetupApplication$InPlaceInfoflow - - $r0 = virtualinvoke $r2.<android.content.Context: android.content.SharedPreferences getSharedPreferences(java.lang.String,int)>("no_v.prefs", 0) in method <one.me.sdk.vendor.g: android.content.SharedPreferences m(one.me.sdk.vendor.g)>
[main] INFO soot.jimple.infoflow.android.SetupApplication$InPlaceInfoflow - - $r3 = virtualinvoke $r2.<android.content.Context: android.content.res.Resources getResources()>() in method <rf.g$o2: java.lang.Object b(xq0.a)>
[main] INFO soot.jimple.infoflow.android.SetupApplication$InPlaceInfoflow - - $r0 = virtualinvoke $r1.<android.content.Context: java.lang.Object getSystemService(java.lang.String)>("audio") in method <one.me.audio.message.player.AudioMessagePlayer: android.media.AudioManager audioManager_delegate$lambda$0(android.content.Context)>
[main] INFO soot.jimple.infoflow.android.SetupApplication$InPlaceInfoflow - - $r4 = virtualinvoke $r3.<android.content.res.Resources: android.util.DisplayMetrics getDisplayMetrics()>() in method <one.me.android.OneMeApplication: java.lang.String setupLogger$lambda$2(one.me.android.OneMeApplication)>
[main] INFO soot.jimple.infoflow.android.SetupApplication$InPlaceInfoflow - - $r0 = virtualinvoke $r1.<android.content.Context: java.io.File getCacheDir()>() in method <ru.ok.messages.utils.g: java.lang.Object invoke()>
[main] INFO soot.jimple.infoflow.android.SetupApplication$InPlaceInfoflow - - $r0 = staticinvoke <android.os.Looper: android.os.Looper getMainLooper()>() in method <jf0.c: android.os.Looper d()>
[main] INFO soot.jimple.infoflow.android.SetupApplication$InPlaceInfoflow - - $r2 = virtualinvoke $r1.<android.hardware.SensorManager: android.hardware.Sensor getDefaultSensor(int)>(8) in method <one.me.sdk.android.tools.ProximityHelper: android.hardware.Sensor r(one.me.sdk.android.tools.ProximityHelper)>
[main] INFO soot.jimple.infoflow.android.SetupApplication$InPlaceInfoflow - - $r4 = interfaceinvoke $r0.<android.database.Cursor: byte[] getBlob(int)>(0) in method <ru.ok.android.externcalls.analytics.internal.storage.DatabaseHelper$RecordsQuery: java.lang.String next()>
[main] INFO soot.jimple.infoflow.android.SetupApplication$InPlaceInfoflow - - $l0 = virtualinvoke $r5.<android.animation.ValueAnimator: long getDuration()>() in method <one.me.sdk.richvector.EnhancedProgressAnimatedVectorDrawable$a: long c(android.animation.Animator)>
[main] INFO soot.jimple.infoflow.android.SetupApplication$InPlaceInfoflow - - $r1 = virtualinvoke $r0.<android.media.AudioDeviceInfo: java.lang.CharSequence getProductName()>() in method <ru.ok.android.externcalls.sdk.audio.internal.impl3.CallsAudioManagerV3Impl: java.lang.String androidDeviceToString(android.media.AudioDeviceInfo)>
[main] INFO soot.jimple.infoflow.android.SetupApplication$InPlaceInfoflow - - $r3 = virtualinvoke $r1.<java.lang.Object: java.lang.String toString()>() in method <eh0.g1$c: java.lang.CharSequence a(java.lang.Object)>
[main] INFO soot.jimple.infoflow.android.SetupApplication$InPlaceInfoflow - - $r2 = virtualinvoke $r0.<java.lang.Object: java.lang.String toString()>() in method <gk0.c: java.lang.String g(java.lang.Object,boolean,boolean)>
[main] INFO soot.jimple.infoflow.android.SetupApplication$InPlaceInfoflow - - $l2 = virtualinvoke $r0.<android.animation.Animator: long getTotalDuration()>() in method <one.me.sdk.richvector.EnhancedProgressAnimatedVectorDrawable$a: long c(android.animation.Animator)>
[main] INFO soot.jimple.infoflow.android.SetupApplication$InPlaceInfoflow - - $r0 = virtualinvoke $r2.<android.content.Context: android.content.SharedPreferences getSharedPreferences(java.lang.String,int)>("permissions_prefs", 0) in method <one.me.sdk.permissions.m: android.content.SharedPreferences f(one.me.sdk.permissions.m)>
[main] INFO soot.jimple.infoflow.android.SetupApplication$InPlaceInfoflow - - $r0 = virtualinvoke $r1.<java.lang.Object: java.lang.String toString()>() in method <rk0.g: java.lang.Object invoke(java.lang.Object)>
[main] INFO soot.jimple.infoflow.android.SetupApplication$InPlaceInfoflow - - $r2 = virtualinvoke $r0.<java.lang.Object: java.lang.String toString()>() in method <one.me.sdk.concurrent.LinkedTransferQueue34: java.lang.String toString()>
[main] INFO soot.jimple.infoflow.android.SetupApplication$InPlaceInfoflow - - $z0 = virtualinvoke $r2.<android.view.inputmethod.InputMethodManager: boolean isActive()>() in method <one.me.sdk.codeinput.ConfirmSmsInputView: boolean isKeyboardOpen$lambda$0(android.content.Context)>
[main] INFO soot.jimple.infoflow.android.SetupApplication$InPlaceInfoflow - - $r2 = virtualinvoke $r1.<android.content.Intent: android.os.Bundle getExtras()>() in method <one.me.android.root.d$a: java.lang.CharSequence a(java.lang.String)>
[main] INFO soot.jimple.infoflow.android.SetupApplication$InPlaceInfoflow - - $l1 = virtualinvoke $r0.<android.animation.Animator: long getTotalDuration()>() in method <one.me.sdk.richvector.EnhancedProgressAnimatedVectorDrawable$a: long c(android.animation.Animator)>
[main] INFO soot.jimple.infoflow.android.SetupApplication$InPlaceInfoflow - - $r0 = virtualinvoke this.<android.app.Activity: android.content.Intent getIntent()>() in method <ru.ok.messages.photoeditor.ActPhotoEditor: java.lang.Boolean lambda$new$0()>
[main] INFO soot.jimple.infoflow.android.SetupApplication$InPlaceInfoflow - - $r2 = virtualinvoke $r1.<java.lang.Object: java.lang.String toString()>() in method <ru.ok.android.externcalls.sdk.events.SharedAnalyticsEvent: java.lang.String getName()>
[main] INFO soot.jimple.infoflow.android.SetupApplication$InPlaceInfoflow - - $r2 = virtualinvoke $r5.<java.lang.Object: java.lang.String toString()>() in method <zd.e: java.lang.String toString()>
[main] INFO soot.jimple.infoflow.android.SetupApplication$InPlaceInfoflow - - $r0 = virtualinvoke $r1.<java.lang.Object: java.lang.String toString()>() in method <rk0.o$a: java.lang.String a(java.lang.Object)>
[main] INFO soot.jimple.infoflow.android.SetupApplication$InPlaceInfoflow - - $i0 = virtualinvoke $r1.<android.app.ActivityManager: int getLargeMemoryClass()>() in method <one.me.android.OneMeApplication: int getLargeMemoryClass()>
[main] INFO soot.jimple.infoflow.android.SetupApplication$InPlaceInfoflow - - $r0 = virtualinvoke $r1.<android.content.pm.InstallSourceInfo: java.lang.String getInstallingPackageName()>() in method <m80.c: java.lang.String a(android.content.pm.InstallSourceInfo)>
[main] INFO soot.jimple.infoflow.android.SetupApplication$InPlaceInfoflow - - $r1 = virtualinvoke $r0.<android.content.res.Resources: android.util.DisplayMetrics getDisplayMetrics()>() in method <ru.ok.tamtam.shared.p: float o()>
[main] INFO soot.jimple.infoflow.android.SetupApplication$InPlaceInfoflow - - $r1 = virtualinvoke $r0.<android.os.Looper: java.lang.Thread getThread()>() in method <vf.i$b: java.lang.Thread j()>
[main] INFO soot.jimple.infoflow.android.SetupApplication$InPlaceInfoflow - - $r0 = virtualinvoke $r1.<android.content.Context: android.content.SharedPreferences getSharedPreferences(java.lang.String,int)>("one.me.sdk.design.theme", 0) in method <ov.c: android.content.SharedPreferences z(android.content.Context)>
[main] INFO soot.jimple.infoflow.android.SetupApplication$InPlaceInfoflow - - $r2 = virtualinvoke $r1.<android.content.Context: java.lang.Object getSystemService(java.lang.String)>("audio") in method <p20.i: android.media.AudioManager Q0(p20.i)>
[main] INFO soot.jimple.infoflow.android.SetupApplication$InPlaceInfoflow - - $r2 = virtualinvoke $r1.<android.content.Context: java.lang.Object getSystemService(java.lang.String)>("vibrator") in method <one.me.webapp.rootscreen.WebAppRootScreen: android.os.Vibrator d5(one.me.webapp.rootscreen.WebAppRootScreen)>
[main] INFO soot.jimple.infoflow.android.SetupApplication$InPlaceInfoflow - - $r3 = virtualinvoke $r2.<android.content.res.Resources: android.util.DisplayMetrics getDisplayMetrics()>() in method <one.me.sdk.uikit.common.textlayout.TextLayoutManager: android.util.Size p(one.me.sdk.uikit.common.textlayout.TextLayoutManager)>
[main] INFO soot.jimple.infoflow.android.SetupApplication$InPlaceInfoflow - - $r0 = staticinvoke <android.content.res.Resources: android.content.res.Resources getSystem()>() in method <ru.ok.tamtam.shared.p: android.content.res.Resources p()>
[main] INFO soot.jimple.infoflow.android.SetupApplication$InPlaceInfoflow - - $l0 = virtualinvoke $r0.<android.animation.Animator: long getStartDelay()>() in method <one.me.sdk.richvector.EnhancedProgressAnimatedVectorDrawable$a: long c(android.animation.Animator)>
[main] INFO soot.jimple.infoflow.android.SetupApplication$InPlaceInfoflow - - $r2 = virtualinvoke $r1.<java.lang.Object: java.lang.String toString()>() in method <ru.CryptoPro.ssl.ServerSettings: java.lang.String toString()>
[main] INFO soot.jimple.infoflow.android.SetupApplication$InPlaceInfoflow - - $r1 = virtualinvoke $r0.<java.lang.Object: java.lang.String toString()>() in method <u9.w0: java.lang.String toString()>
[main] INFO soot.jimple.infoflow.android.SetupApplication$InPlaceInfoflow - - $r0 = virtualinvoke $r2.<android.content.Context: java.lang.Object getSystemService(java.lang.String)>("audio") in method <ru.ok.messages.controllers.AudioController: android.media.AudioManager audioManager_delegate$lambda$0(ru.ok.messages.controllers.AudioController)>
[main] INFO soot.jimple.infoflow.android.SetupApplication$InPlaceInfoflow - - $r0 = virtualinvoke $r2.<android.content.Context: java.lang.Object getSystemService(java.lang.String)>("audio") in method <one.me.sdk.android.tools.AudioFocusRegulator: android.media.AudioManager f(one.me.sdk.android.tools.AudioFocusRegulator)>
[main] INFO soot.jimple.infoflow.android.SetupApplication$InPlaceInfoflow - - $r0 = virtualinvoke $r2.<android.content.Context: java.lang.Object getSystemService(java.lang.String)>("vibrator") in method <vi.g: android.os.Vibrator K(vi.g)>
[main] INFO soot.jimple.infoflow.android.SetupApplication$InPlaceInfoflow - The sink $r7 = virtualinvoke $r6.<android.content.ContentResolver: android.net.Uri insert(android.net.Uri,android.content.ContentValues)>($r7, $r4) in method <sn0.b: android.net.Uri a(un0.e,java.lang.String)> was called with values from the following sources:
[main] INFO soot.jimple.infoflow.android.SetupApplication$InPlaceInfoflow - - $r0 = virtualinvoke $r2.<android.os.HandlerThread: android.os.Looper getLooper()>() in method <ru.ok.android.externcalls.analytics.internal.event.EventQueueCollector$LooperProvider: android.os.Looper get()>
[main] INFO soot.jimple.infoflow.android.SetupApplication$InPlaceInfoflow - - $r0 = virtualinvoke $r1.<android.content.Context: java.io.File getExternalCacheDir()>() in method <ru.ok.messages.utils.f: java.lang.Object invoke()>
[main] INFO soot.jimple.infoflow.android.SetupApplication$InPlaceInfoflow - - $r2 = virtualinvoke $r1.<android.content.Context: java.lang.Object getSystemService(java.lang.String)>("audio") in method <one.me.sdk.messagewrite.recordcontrols.f: android.media.AudioManager N0(one.me.sdk.messagewrite.recordcontrols.f)>
[main] INFO soot.jimple.infoflow.android.SetupApplication$InPlaceInfoflow - - $r0 = virtualinvoke $r2.<android.content.Context: java.lang.Object getSystemService(java.lang.String)>("audio") in method <vi.g: android.media.AudioManager g(vi.g)>
[main] INFO soot.jimple.infoflow.android.SetupApplication$InPlaceInfoflow - - $r0 = virtualinvoke $r2.<android.content.Context: android.content.ContentResolver getContentResolver()>() in method <sn0.b: android.content.ContentResolver i(sn0.b)>
[main] INFO soot.jimple.infoflow.android.SetupApplication$InPlaceInfoflow - - $r2 = virtualinvoke $r1.<android.os.HandlerThread: android.os.Looper getLooper()>() in method <x50.y: android.os.Looper p2()>
[main] INFO soot.jimple.infoflow.android.SetupApplication$InPlaceInfoflow - - $r0 = virtualinvoke $r1.<java.lang.Object: java.lang.String toString()>() in method <rk0.j: java.lang.Object apply(java.lang.Object)>
[main] INFO soot.jimple.infoflow.android.SetupApplication$InPlaceInfoflow - - $l1 = virtualinvoke $r0.<android.animation.Animator: long getStartDelay()>() in method <one.me.sdk.richvector.EnhancedProgressAnimatedVectorDrawable$a: long c(android.animation.Animator)>
[main] INFO soot.jimple.infoflow.android.SetupApplication$InPlaceInfoflow - - $r0 = virtualinvoke $r2.<android.content.Context: java.lang.Object getSystemService(java.lang.String)>("notification") in method <ig.e: android.app.NotificationManager k(ig.e)>
[main] INFO soot.jimple.infoflow.android.SetupApplication$InPlaceInfoflow - - $r6 = virtualinvoke $r5.<android.content.res.Configuration: android.os.LocaleList getLocales()>() in method <one.me.android.OneMeApplication: java.lang.String setupLogger$lambda$2(one.me.android.OneMeApplication)>
[main] INFO soot.jimple.infoflow.android.SetupApplication$InPlaceInfoflow - - $r0 = virtualinvoke $r2.<android.content.Context: android.content.SharedPreferences getSharedPreferences(java.lang.String,int)>("no_v.prefs", 0) in method <one.me.sdk.vendor.g: android.content.SharedPreferences m(one.me.sdk.vendor.g)>
[main] INFO soot.jimple.infoflow.android.SetupApplication$InPlaceInfoflow - - $r3 = virtualinvoke $r2.<android.content.Context: android.content.res.Resources getResources()>() in method <rf.g$o2: java.lang.Object b(xq0.a)>
[main] INFO soot.jimple.infoflow.android.SetupApplication$InPlaceInfoflow - - $r0 = virtualinvoke $r1.<android.content.Context: java.lang.Object getSystemService(java.lang.String)>("audio") in method <one.me.audio.message.player.AudioMessagePlayer: android.media.AudioManager audioManager_delegate$lambda$0(android.content.Context)>
[main] INFO soot.jimple.infoflow.android.SetupApplication$InPlaceInfoflow - - $r4 = virtualinvoke $r3.<android.content.res.Resources: android.util.DisplayMetrics getDisplayMetrics()>() in method <one.me.android.OneMeApplication: java.lang.String setupLogger$lambda$2(one.me.android.OneMeApplication)>
[main] INFO soot.jimple.infoflow.android.SetupApplication$InPlaceInfoflow - - $r0 = virtualinvoke $r1.<android.content.Context: java.io.File getCacheDir()>() in method <ru.ok.messages.utils.g: java.lang.Object invoke()>
[main] INFO soot.jimple.infoflow.android.SetupApplication$InPlaceInfoflow - - $r0 = staticinvoke <android.os.Looper: android.os.Looper getMainLooper()>() in method <jf0.c: android.os.Looper d()>
[main] INFO soot.jimple.infoflow.android.SetupApplication$InPlaceInfoflow - - $r2 = virtualinvoke $r1.<android.hardware.SensorManager: android.hardware.Sensor getDefaultSensor(int)>(8) in method <one.me.sdk.android.tools.ProximityHelper: android.hardware.Sensor r(one.me.sdk.android.tools.ProximityHelper)>
[main] INFO soot.jimple.infoflow.android.SetupApplication$InPlaceInfoflow - - $r4 = interfaceinvoke $r0.<android.database.Cursor: byte[] getBlob(int)>(0) in method <ru.ok.android.externcalls.analytics.internal.storage.DatabaseHelper$RecordsQuery: java.lang.String next()>
[main] INFO soot.jimple.infoflow.android.SetupApplication$InPlaceInfoflow - - $l0 = virtualinvoke $r5.<android.animation.ValueAnimator: long getDuration()>() in method <one.me.sdk.richvector.EnhancedProgressAnimatedVectorDrawable$a: long c(android.animation.Animator)>
[main] INFO soot.jimple.infoflow.android.SetupApplication$InPlaceInfoflow - - $r1 = virtualinvoke $r0.<android.media.AudioDeviceInfo: java.lang.CharSequence getProductName()>() in method <ru.ok.android.externcalls.sdk.audio.internal.impl3.CallsAudioManagerV3Impl: java.lang.String androidDeviceToString(android.media.AudioDeviceInfo)>
[main] INFO soot.jimple.infoflow.android.SetupApplication$InPlaceInfoflow - - $r3 = virtualinvoke $r1.<java.lang.Object: java.lang.String toString()>() in method <eh0.g1$c: java.lang.CharSequence a(java.lang.Object)>
[main] INFO soot.jimple.infoflow.android.SetupApplication$InPlaceInfoflow - - $r2 = virtualinvoke $r0.<java.lang.Object: java.lang.String toString()>() in method <gk0.c: java.lang.String g(java.lang.Object,boolean,boolean)>
[main] INFO soot.jimple.infoflow.android.SetupApplication$InPlaceInfoflow - - $l2 = virtualinvoke $r0.<android.animation.Animator: long getTotalDuration()>() in method <one.me.sdk.richvector.EnhancedProgressAnimatedVectorDrawable$a: long c(android.animation.Animator)>
[main] INFO soot.jimple.infoflow.android.SetupApplication$InPlaceInfoflow - - $r0 = virtualinvoke $r2.<android.content.Context: android.content.SharedPreferences getSharedPreferences(java.lang.String,int)>("permissions_prefs", 0) in method <one.me.sdk.permissions.m: android.content.SharedPreferences f(one.me.sdk.permissions.m)>
[main] INFO soot.jimple.infoflow.android.SetupApplication$InPlaceInfoflow - - $r0 = virtualinvoke $r1.<java.lang.Object: java.lang.String toString()>() in method <rk0.g: java.lang.Object invoke(java.lang.Object)>
[main] INFO soot.jimple.infoflow.android.SetupApplication$InPlaceInfoflow - - $r2 = virtualinvoke $r0.<java.lang.Object: java.lang.String toString()>() in method <one.me.sdk.concurrent.LinkedTransferQueue34: java.lang.String toString()>
[main] INFO soot.jimple.infoflow.android.SetupApplication$InPlaceInfoflow - - $z0 = virtualinvoke $r2.<android.view.inputmethod.InputMethodManager: boolean isActive()>() in method <one.me.sdk.codeinput.ConfirmSmsInputView: boolean isKeyboardOpen$lambda$0(android.content.Context)>
[main] INFO soot.jimple.infoflow.android.SetupApplication$InPlaceInfoflow - - $r2 = virtualinvoke $r1.<android.content.Intent: android.os.Bundle getExtras()>() in method <one.me.android.root.d$a: java.lang.CharSequence a(java.lang.String)>
[main] INFO soot.jimple.infoflow.android.SetupApplication$InPlaceInfoflow - - $l1 = virtualinvoke $r0.<android.animation.Animator: long getTotalDuration()>() in method <one.me.sdk.richvector.EnhancedProgressAnimatedVectorDrawable$a: long c(android.animation.Animator)>
[main] INFO soot.jimple.infoflow.android.SetupApplication$InPlaceInfoflow - - $r0 = virtualinvoke this.<android.app.Activity: android.content.Intent getIntent()>() in method <ru.ok.messages.photoeditor.ActPhotoEditor: java.lang.Boolean lambda$new$0()>
[main] INFO soot.jimple.infoflow.android.SetupApplication$InPlaceInfoflow - - $r2 = virtualinvoke $r1.<java.lang.Object: java.lang.String toString()>() in method <ru.ok.android.externcalls.sdk.events.SharedAnalyticsEvent: java.lang.String getName()>
[main] INFO soot.jimple.infoflow.android.SetupApplication$InPlaceInfoflow - - $r2 = virtualinvoke $r5.<java.lang.Object: java.lang.String toString()>() in method <zd.e: java.lang.String toString()>
[main] INFO soot.jimple.infoflow.android.SetupApplication$InPlaceInfoflow - - $r0 = virtualinvoke $r1.<java.lang.Object: java.lang.String toString()>() in method <rk0.o$a: java.lang.String a(java.lang.Object)>
[main] INFO soot.jimple.infoflow.android.SetupApplication$InPlaceInfoflow - - $i0 = virtualinvoke $r1.<android.app.ActivityManager: int getLargeMemoryClass()>() in method <one.me.android.OneMeApplication: int getLargeMemoryClass()>
[main] INFO soot.jimple.infoflow.android.SetupApplication$InPlaceInfoflow - - $r0 = virtualinvoke $r1.<android.content.pm.InstallSourceInfo: java.lang.String getInstallingPackageName()>() in method <m80.c: java.lang.String a(android.content.pm.InstallSourceInfo)>
[main] INFO soot.jimple.infoflow.android.SetupApplication$InPlaceInfoflow - - $r1 = virtualinvoke $r0.<android.content.res.Resources: android.util.DisplayMetrics getDisplayMetrics()>() in method <ru.ok.tamtam.shared.p: float o()>
[main] INFO soot.jimple.infoflow.android.SetupApplication$InPlaceInfoflow - - $r1 = virtualinvoke $r0.<android.os.Looper: java.lang.Thread getThread()>() in method <vf.i$b: java.lang.Thread j()>
[main] INFO soot.jimple.infoflow.android.SetupApplication$InPlaceInfoflow - - $r2 = virtualinvoke $r1.<android.content.Context: java.lang.Object getSystemService(java.lang.String)>("audio") in method <p20.i: android.media.AudioManager Q0(p20.i)>
[main] INFO soot.jimple.infoflow.android.SetupApplication$InPlaceInfoflow - - $r0 = virtualinvoke $r1.<android.content.Context: android.content.SharedPreferences getSharedPreferences(java.lang.String,int)>("one.me.sdk.design.theme", 0) in method <ov.c: android.content.SharedPreferences z(android.content.Context)>
[main] INFO soot.jimple.infoflow.android.SetupApplication$InPlaceInfoflow - - $r2 = virtualinvoke $r1.<android.content.Context: java.lang.Object getSystemService(java.lang.String)>("vibrator") in method <one.me.webapp.rootscreen.WebAppRootScreen: android.os.Vibrator d5(one.me.webapp.rootscreen.WebAppRootScreen)>
[main] INFO soot.jimple.infoflow.android.SetupApplication$InPlaceInfoflow - - $r3 = virtualinvoke $r2.<android.content.res.Resources: android.util.DisplayMetrics getDisplayMetrics()>() in method <one.me.sdk.uikit.common.textlayout.TextLayoutManager: android.util.Size p(one.me.sdk.uikit.common.textlayout.TextLayoutManager)>
[main] INFO soot.jimple.infoflow.android.SetupApplication$InPlaceInfoflow - - $r0 = staticinvoke <android.content.res.Resources: android.content.res.Resources getSystem()>() in method <ru.ok.tamtam.shared.p: android.content.res.Resources p()>
[main] INFO soot.jimple.infoflow.android.SetupApplication$InPlaceInfoflow - - $l0 = virtualinvoke $r0.<android.animation.Animator: long getStartDelay()>() in method <one.me.sdk.richvector.EnhancedProgressAnimatedVectorDrawable$a: long c(android.animation.Animator)>
[main] INFO soot.jimple.infoflow.android.SetupApplication$InPlaceInfoflow - - $r2 = virtualinvoke $r1.<java.lang.Object: java.lang.String toString()>() in method <ru.CryptoPro.ssl.ServerSettings: java.lang.String toString()>
[main] INFO soot.jimple.infoflow.android.SetupApplication$InPlaceInfoflow - - $r1 = virtualinvoke $r0.<java.lang.Object: java.lang.String toString()>() in method <u9.w0: java.lang.String toString()>
[main] INFO soot.jimple.infoflow.android.SetupApplication$InPlaceInfoflow - - $r0 = virtualinvoke $r2.<android.content.Context: java.lang.Object getSystemService(java.lang.String)>("audio") in method <ru.ok.messages.controllers.AudioController: android.media.AudioManager audioManager_delegate$lambda$0(ru.ok.messages.controllers.AudioController)>
[main] INFO soot.jimple.infoflow.android.SetupApplication$InPlaceInfoflow - - $r0 = virtualinvoke $r2.<android.content.Context: java.lang.Object getSystemService(java.lang.String)>("audio") in method <one.me.sdk.android.tools.AudioFocusRegulator: android.media.AudioManager f(one.me.sdk.android.tools.AudioFocusRegulator)>
[main] INFO soot.jimple.infoflow.android.SetupApplication$InPlaceInfoflow - - $r0 = virtualinvoke $r2.<android.content.Context: java.lang.Object getSystemService(java.lang.String)>("vibrator") in method <vi.g: android.os.Vibrator K(vi.g)>
[main] INFO soot.jimple.infoflow.android.SetupApplication$InPlaceInfoflow - The sink staticinvoke <android.util.Log: int v(java.lang.String,java.lang.String)>("CSP_DIALOG", $r3) in method <ru.cprocsp.ACSP.tools.receiver.DeviceConnectionReceiver: void onReceive(android.content.Context,android.content.Intent)> was called with values from the following sources:
[main] INFO soot.jimple.infoflow.android.SetupApplication$InPlaceInfoflow - - $r2 = virtualinvoke $r1.<android.content.Intent: java.lang.String getAction()>() in method <ru.cprocsp.ACSP.tools.receiver.DeviceConnectionReceiver: void onReceive(android.content.Context,android.content.Intent)>
[main] INFO soot.jimple.infoflow.android.SetupApplication$InPlaceInfoflow - The sink virtualinvoke $r4.<android.content.ContentResolver: android.net.Uri insert(android.net.Uri,android.content.ContentValues)>($r5, $r6) in method <me.leolin.shortcutbadger.impl.NovaHomeBadger: void executeBadge(android.content.Context,android.content.ComponentName,int)> was called with values from the following sources:
[main] INFO soot.jimple.infoflow.android.SetupApplication$InPlaceInfoflow - - $r4 = virtualinvoke $r0.<android.content.Context: android.content.ContentResolver getContentResolver()>() in method <me.leolin.shortcutbadger.impl.NovaHomeBadger: void executeBadge(android.content.Context,android.content.ComponentName,int)>
[main] INFO soot.jimple.infoflow.android.SetupApplication$InPlaceInfoflow - The sink staticinvoke <android.util.Log: int e(java.lang.String,java.lang.String)>($r0, $r1) in method <com.facebook.soloader.m: void b(java.lang.String,java.lang.String)> was called with values from the following sources:
[main] INFO soot.jimple.infoflow.android.SetupApplication$InPlaceInfoflow - - $r2 = virtualinvoke $r1.<android.content.Context: android.content.pm.ApplicationInfo getApplicationInfo()>() in method <com.facebook.soloader.b0: java.io.File n(android.content.Context,java.lang.String)>
[main] INFO soot.jimple.infoflow.android.SetupApplication$InPlaceInfoflow - The sink staticinvoke <android.util.Log: int d(java.lang.String,java.lang.String)>("Default", $r0) in method <one.me.fileprefs.i: void log(java.lang.String)> was called with values from the following sources:
[main] INFO soot.jimple.infoflow.android.SetupApplication$InPlaceInfoflow - - $r2 = virtualinvoke $r0.<android.content.Context: android.content.SharedPreferences getSharedPreferences(java.lang.String,int)>($r1, 0) in method <fq0.a: android.content.SharedPreferences b()>
[main] INFO soot.jimple.infoflow.android.SetupApplication$InPlaceInfoflow - - $r1 = virtualinvoke $r2.<android.content.ContextWrapper: android.content.SharedPreferences getSharedPreferences(java.lang.String,int)>("mytracker_prefs", 0) in method <com.my.tracker.core.o.e0: com.my.tracker.core.o.e0 a(android.content.ContextWrapper)>
[main] INFO soot.jimple.infoflow.android.SetupApplication$InPlaceInfoflow - - $r0 = virtualinvoke $r1.<android.content.Context: java.io.File getCacheDir()>() in method <ru.ok.messages.utils.g: java.lang.Object invoke()>
[main] INFO soot.jimple.infoflow.android.SetupApplication$InPlaceInfoflow - - $r0 = virtualinvoke $r1.<android.content.Context: java.io.File getExternalCacheDir()>() in method <ru.ok.messages.utils.f: java.lang.Object invoke()>
[main] INFO soot.jimple.infoflow.android.SetupApplication$InPlaceInfoflow - - $r0 = virtualinvoke $r1.<java.lang.Object: java.lang.String toString()>() in method <rk0.g: java.lang.Object invoke(java.lang.Object)>
[main] INFO soot.jimple.infoflow.android.SetupApplication$InPlaceInfoflow - - $r6 = virtualinvoke $r5.<android.content.Context: android.content.SharedPreferences getSharedPreferences(java.lang.String,int)>("tracer", 0) in method <mp0.a: java.lang.String b(android.content.Context)>
[main] INFO soot.jimple.infoflow.android.SetupApplication$InPlaceInfoflow - - $r3 = virtualinvoke $r1.<android.content.Context: android.content.SharedPreferences getSharedPreferences(java.lang.String,int)>($r2, 0) in method <ru.CryptoPro.JCSP.support.MainUpdater: void <init>(android.content.Context,java.lang.String,java.lang.String)>
[main] INFO soot.jimple.infoflow.android.SetupApplication$InPlaceInfoflow - - $r2 = virtualinvoke $r1.<android.content.Context: android.content.SharedPreferences getSharedPreferences(java.lang.String,int)>($r0, 0) in method <n50.e: android.content.SharedPreferences e()>
[main] INFO soot.jimple.infoflow.android.SetupApplication$InPlaceInfoflow - - $r2 = virtualinvoke $r0.<android.content.Context: android.content.SharedPreferences getSharedPreferences(java.lang.String,int)>("keyboard_prefs", 0) in method <ku.b: android.content.SharedPreferences j(android.content.Context)>
[main] INFO soot.jimple.infoflow.android.SetupApplication$InPlaceInfoflow - - $r3 = virtualinvoke $r1.<android.content.Context: android.content.SharedPreferences getSharedPreferences(java.lang.String,int)>($r2, 0) in method <com.hbb20.CountryCodePicker: void storeSelectedCountryNameCode(java.lang.String)>
[main] INFO soot.jimple.infoflow.android.SetupApplication$InPlaceInfoflow - - $r0 = virtualinvoke $r1.<android.content.Context: android.content.SharedPreferences getSharedPreferences(java.lang.String,int)>("com.google.mlkit.internal", 0) in method <wa.m: android.content.SharedPreferences b()>
[main] INFO soot.jimple.infoflow.android.SetupApplication$InPlaceInfoflow - - $r2 = virtualinvoke $r1.<android.content.Context: android.content.SharedPreferences getSharedPreferences(java.lang.String,int)>($r0, 0) in method <n50.f: android.content.SharedPreferences e()>
[main] INFO soot.jimple.infoflow.android.SetupApplication$InPlaceInfoflow - The sink virtualinvoke $r0.<android.content.Context: void sendBroadcast(android.content.Intent)>($r3) in method <me.leolin.shortcutbadger.impl.SonyHomeBadger: void executeBadgeByBroadcast(android.content.Context,android.content.ComponentName,int)> was called with values from the following sources:
[main] INFO soot.jimple.infoflow.android.SetupApplication$InPlaceInfoflow - - $r2 = virtualinvoke $r1.<android.content.ComponentName: java.lang.String getPackageName()>() in method <me.leolin.shortcutbadger.impl.SonyHomeBadger: void executeBadgeByBroadcast(android.content.Context,android.content.ComponentName,int)>
[main] INFO soot.jimple.infoflow.android.SetupApplication$InPlaceInfoflow - - $r2 = virtualinvoke $r1.<android.content.ComponentName: java.lang.String getClassName()>() in method <me.leolin.shortcutbadger.impl.SonyHomeBadger: void executeBadgeByBroadcast(android.content.Context,android.content.ComponentName,int)>
[main] INFO soot.jimple.infoflow.android.SetupApplication$InPlaceInfoflow - The sink virtualinvoke $r9.<android.content.ContentResolver: android.net.Uri insert(android.net.Uri,android.content.ContentValues)>($r14, $r22) in method <ru.ok.tamtam.android.util.share.b: android.net.Uri a(android.net.Uri,android.content.Context,vg0.e0)> was called with values from the following sources:
[main] INFO soot.jimple.infoflow.android.SetupApplication$InPlaceInfoflow - - $r9 = virtualinvoke $r5.<android.content.Context: android.content.ContentResolver getContentResolver()>() in method <ru.ok.tamtam.android.util.share.b: android.net.Uri a(android.net.Uri,android.content.Context,vg0.e0)>
[main] INFO soot.jimple.infoflow.android.SetupApplication$InPlaceInfoflow - The sink virtualinvoke $r0.<android.content.Context: void startActivity(android.content.Intent)>($r1) in method <one.me.android.calls.a: boolean b(android.content.Context,android.content.Intent,java.lang.String)> was called with values from the following sources:
[main] INFO soot.jimple.infoflow.android.SetupApplication$InPlaceInfoflow - - $r13 = virtualinvoke $r1.<android.content.Intent: android.os.Bundle getExtras()>() in method <one.me.android.calls.a: boolean b(android.content.Context,android.content.Intent,java.lang.String)>
[main] INFO soot.jimple.infoflow.android.SetupApplication$InPlaceInfoflow - The sink staticinvoke <android.util.Log: int d(java.lang.String,java.lang.String,java.lang.Throwable)>("[myTracker]", $r2, $r0) in method <com.my.tracker.core.Tracer: void d(java.lang.String,java.lang.Throwable)> was called with values from the following sources:
[main] INFO soot.jimple.infoflow.android.SetupApplication$InPlaceInfoflow - - $r1 = virtualinvoke $r0.<android.content.Context: java.lang.String getPackageName()>() in method <com.my.tracker.core.o.s0: boolean c(android.app.Application)>
[main] INFO soot.jimple.infoflow.android.SetupApplication$InPlaceInfoflow - The sink virtualinvoke $r0.<android.content.Context: void startActivity(android.content.Intent)>($r3) in method <one.me.sdk.android.tools.f: void t(android.content.Context,boolean)> was called with values from the following sources:
[main] INFO soot.jimple.infoflow.android.SetupApplication$InPlaceInfoflow - - $r2 = virtualinvoke $r0.<android.content.Context: java.lang.String getPackageName()>() in method <one.me.sdk.android.tools.f: android.content.Intent d(android.content.Context,boolean)>
[main] INFO soot.jimple.infoflow.android.SetupApplication$InPlaceInfoflow - - $r1 = virtualinvoke $r0.<android.content.Context: java.lang.String getPackageName()>() in method <one.me.sdk.android.tools.f: android.content.Intent f(android.content.Context)>
[main] INFO soot.jimple.infoflow.android.SetupApplication$InPlaceInfoflow - - $r1 = virtualinvoke $r0.<android.content.Context: java.lang.String getPackageName()>() in method <one.me.sdk.android.tools.f: android.content.Intent c(android.content.Context)>
[main] INFO soot.jimple.infoflow.android.SetupApplication$InPlaceInfoflow - The sink staticinvoke <android.util.Log: int d(java.lang.String,java.lang.String,java.lang.Throwable)>("TracksManager", $r3, $r5) in method <u60.q: void v(md.a)> was called with values from the following sources:
[main] INFO soot.jimple.infoflow.android.SetupApplication$InPlaceInfoflow - - $r0 = virtualinvoke $r1.<android.content.Context: java.io.File getExternalCacheDir()>() in method <ru.ok.messages.utils.f: java.lang.Object invoke()>
[main] INFO soot.jimple.infoflow.android.SetupApplication$InPlaceInfoflow - - $r2 = virtualinvoke $r1.<android.content.Context: java.lang.Object getSystemService(java.lang.String)>("audio") in method <one.me.sdk.messagewrite.recordcontrols.f: android.media.AudioManager N0(one.me.sdk.messagewrite.recordcontrols.f)>
[main] INFO soot.jimple.infoflow.android.SetupApplication$InPlaceInfoflow - - $r0 = virtualinvoke $r2.<android.content.Context: java.lang.Object getSystemService(java.lang.String)>("audio") in method <vi.g: android.media.AudioManager g(vi.g)>
[main] INFO soot.jimple.infoflow.android.SetupApplication$InPlaceInfoflow - - $r1 = virtualinvoke $r2.<android.content.Context: java.lang.Object getSystemService(java.lang.String)>("power") in method <one.me.sdk.android.tools.ProximityHelper: android.os.PowerManager q(vc.i)>
[main] INFO soot.jimple.infoflow.android.SetupApplication$InPlaceInfoflow - - $r2 = virtualinvoke $r1.<android.os.HandlerThread: android.os.Looper getLooper()>() in method <x50.y: android.os.Looper p2()>
[main] INFO soot.jimple.infoflow.android.SetupApplication$InPlaceInfoflow - - $r0 = virtualinvoke $r2.<android.content.Context: android.content.ContentResolver getContentResolver()>() in method <sn0.b: android.content.ContentResolver i(sn0.b)>
[main] INFO soot.jimple.infoflow.android.SetupApplication$InPlaceInfoflow - - $r1 = virtualinvoke $r3.<android.content.Context: java.io.File getFilesDir()>() in method <ru.ok.android.externcalls.analytics.internal.event.EventQueueCollector$OneLogFile: java.io.File get()>
[main] INFO soot.jimple.infoflow.android.SetupApplication$InPlaceInfoflow - - $l1 = virtualinvoke $r0.<android.animation.Animator: long getStartDelay()>() in method <one.me.sdk.richvector.EnhancedProgressAnimatedVectorDrawable$a: long c(android.animation.Animator)>
[main] INFO soot.jimple.infoflow.android.SetupApplication$InPlaceInfoflow - - $r4 = virtualinvoke $r3.<android.content.res.Resources: android.util.DisplayMetrics getDisplayMetrics()>() in method <one.me.sdk.conductor.changehandlers.swipe.SwipeGestureDetector: int K(one.me.sdk.conductor.changehandlers.swipe.SwipeGestureDetector)>
[main] INFO soot.jimple.infoflow.android.SetupApplication$InPlaceInfoflow - - $r0 = virtualinvoke $r2.<android.content.Context: java.lang.Object getSystemService(java.lang.String)>("notification") in method <ig.e: android.app.NotificationManager k(ig.e)>
[main] INFO soot.jimple.infoflow.android.SetupApplication$InPlaceInfoflow - - $r1 = virtualinvoke $r0.<android.content.res.Resources: android.util.DisplayMetrics getDisplayMetrics()>() in method <one.me.calls.ui.view.CallUserView: float[] MAIN_BG_RADIUS_delegate$lambda$0()>
[main] INFO soot.jimple.infoflow.android.SetupApplication$InPlaceInfoflow - - $r1 = virtualinvoke $r0.<android.content.res.Resources: android.util.DisplayMetrics getDisplayMetrics()>() in method <one.me.calls.ui.view.CallLinkCopyView: float[] BG_RADIUS_delegate$lambda$0()>
[main] INFO soot.jimple.infoflow.android.SetupApplication$InPlaceInfoflow - - $r1 = virtualinvoke $r0.<android.content.res.Resources: android.util.DisplayMetrics getDisplayMetrics()>() in method <one.me.calls.ui.view.CallSpeakerLabel: float[] BG_RADIUS_delegate$lambda$0()>
[main] INFO soot.jimple.infoflow.android.SetupApplication$InPlaceInfoflow - - $r0 = virtualinvoke $r2.<android.content.Context: android.content.SharedPreferences getSharedPreferences(java.lang.String,int)>("no_v.prefs", 0) in method <one.me.sdk.vendor.g: android.content.SharedPreferences m(one.me.sdk.vendor.g)>
[main] INFO soot.jimple.infoflow.android.SetupApplication$InPlaceInfoflow - - $r0 = virtualinvoke $r2.<android.content.Context: java.lang.Object getSystemService(java.lang.String)>("connectivity") in method <one.me.net.connection.impl.internal.ConnectionInfoNougatImpl: android.net.ConnectivityManager t(one.me.net.connection.impl.internal.ConnectionInfoNougatImpl)>
[main] INFO soot.jimple.infoflow.android.SetupApplication$InPlaceInfoflow - - $r0 = virtualinvoke $r1.<android.content.Context: java.lang.Object getSystemService(java.lang.String)>("audio") in method <one.me.audio.message.player.AudioMessagePlayer: android.media.AudioManager audioManager_delegate$lambda$0(android.content.Context)>
[main] INFO soot.jimple.infoflow.android.SetupApplication$InPlaceInfoflow - - $r0 = virtualinvoke $r1.<android.content.Context: java.io.File getCacheDir()>() in method <ru.ok.messages.utils.g: java.lang.Object invoke()>
[main] INFO soot.jimple.infoflow.android.SetupApplication$InPlaceInfoflow - - $r1 = virtualinvoke $r2.<android.content.Context: java.lang.Object getSystemService(java.lang.String)>("sensor") in method <one.me.sdk.android.tools.ProximityHelper: android.hardware.SensorManager t(vc.i)>
[main] INFO soot.jimple.infoflow.android.SetupApplication$InPlaceInfoflow - - $r1 = virtualinvoke $r0.<android.content.res.Resources: android.util.DisplayMetrics getDisplayMetrics()>() in method <one.me.calls.ui.bottomsheet.opponents.CallOpponentsListWidget: float[] N3()>
[main] INFO soot.jimple.infoflow.android.SetupApplication$InPlaceInfoflow - - $r0 = staticinvoke <android.os.Looper: android.os.Looper getMainLooper()>() in method <jf0.c: android.os.Looper d()>
[main] INFO soot.jimple.infoflow.android.SetupApplication$InPlaceInfoflow - - $r3 = virtualinvoke $r2.<android.content.res.Resources: android.util.DisplayMetrics getDisplayMetrics()>() in method <ru.ok.messages.messages.widgets.g: int k()>
[main] INFO soot.jimple.infoflow.android.SetupApplication$InPlaceInfoflow - - $r2 = virtualinvoke $r1.<android.hardware.SensorManager: android.hardware.Sensor getDefaultSensor(int)>(8) in method <one.me.sdk.android.tools.ProximityHelper: android.hardware.Sensor r(one.me.sdk.android.tools.ProximityHelper)>
[main] INFO soot.jimple.infoflow.android.SetupApplication$InPlaceInfoflow - - $l0 = virtualinvoke $r5.<android.animation.ValueAnimator: long getDuration()>() in method <one.me.sdk.richvector.EnhancedProgressAnimatedVectorDrawable$a: long c(android.animation.Animator)>
[main] INFO soot.jimple.infoflow.android.SetupApplication$InPlaceInfoflow - - $l2 = virtualinvoke $r0.<android.animation.Animator: long getTotalDuration()>() in method <one.me.sdk.richvector.EnhancedProgressAnimatedVectorDrawable$a: long c(android.animation.Animator)>
[main] INFO soot.jimple.infoflow.android.SetupApplication$InPlaceInfoflow - - $r0 = virtualinvoke $r2.<android.content.Context: android.content.SharedPreferences getSharedPreferences(java.lang.String,int)>("permissions_prefs", 0) in method <one.me.sdk.permissions.m: android.content.SharedPreferences f(one.me.sdk.permissions.m)>
[main] INFO soot.jimple.infoflow.android.SetupApplication$InPlaceInfoflow - - $z0 = virtualinvoke $r2.<android.view.inputmethod.InputMethodManager: boolean isActive()>() in method <one.me.sdk.codeinput.ConfirmSmsInputView: boolean isKeyboardOpen$lambda$0(android.content.Context)>
[main] INFO soot.jimple.infoflow.android.SetupApplication$InPlaceInfoflow - - $r3 = virtualinvoke $r2.<android.content.res.Resources: android.util.DisplayMetrics getDisplayMetrics()>() in method <ru.ok.messages.messages.widgets.g: int k()>
[main] INFO soot.jimple.infoflow.android.SetupApplication$InPlaceInfoflow - - $r1 = virtualinvoke $r3.<android.content.Context: java.io.File getFilesDir()>() in method <ru.ok.android.onelog.Collector$OneLogFile: java.io.File get()>
[main] INFO soot.jimple.infoflow.android.SetupApplication$InPlaceInfoflow - - $r1 = virtualinvoke $r0.<android.content.res.Resources: android.util.DisplayMetrics getDisplayMetrics()>() in method <one.me.messages.list.ui.view.delegates.views.MessageLinkView: one.me.sdk.uikit.common.utils.CornersOutlineProvider defaultImageOutlineProvider_delegate$lambda$0()>
[main] INFO soot.jimple.infoflow.android.SetupApplication$InPlaceInfoflow - - $l1 = virtualinvoke $r0.<android.animation.Animator: long getTotalDuration()>() in method <one.me.sdk.richvector.EnhancedProgressAnimatedVectorDrawable$a: long c(android.animation.Animator)>
[main] INFO soot.jimple.infoflow.android.SetupApplication$InPlaceInfoflow - - $r0 = virtualinvoke this.<android.app.Activity: android.content.Intent getIntent()>() in method <ru.ok.messages.photoeditor.ActPhotoEditor: java.lang.Boolean lambda$new$0()>
[main] INFO soot.jimple.infoflow.android.SetupApplication$InPlaceInfoflow - - $r2 = virtualinvoke $r1.<android.content.res.Resources: android.util.DisplayMetrics getDisplayMetrics()>() in method <one.me.messages.list.ui.recycler.viewholder.MessageBubbleViewHolder: float[] L()>
[main] INFO soot.jimple.infoflow.android.SetupApplication$InPlaceInfoflow - - $r3 = virtualinvoke $r2.<android.content.res.Resources: android.util.DisplayMetrics getDisplayMetrics()>() in method <ru.ok.tamtam.shared.q: android.util.Size a(android.content.Context)>
[main] INFO soot.jimple.infoflow.android.SetupApplication$InPlaceInfoflow - - $r0 = virtualinvoke $r2.<android.content.Context: java.lang.Object getSystemService(java.lang.String)>("phone") in method <one.me.net.connection.impl.internal.ConnectionInfoNougatImpl: android.telephony.TelephonyManager R(one.me.net.connection.impl.internal.ConnectionInfoNougatImpl)>
[main] INFO soot.jimple.infoflow.android.SetupApplication$InPlaceInfoflow - - $r1 = virtualinvoke $r0.<android.content.res.Resources: android.util.DisplayMetrics getDisplayMetrics()>() in method <ru.ok.tamtam.shared.p: float o()>
[main] INFO soot.jimple.infoflow.android.SetupApplication$InPlaceInfoflow - - $r1 = virtualinvoke $r0.<android.os.Looper: java.lang.Thread getThread()>() in method <vf.i$b: java.lang.Thread j()>
[main] INFO soot.jimple.infoflow.android.SetupApplication$InPlaceInfoflow - - $r3 = virtualinvoke $r2.<android.content.res.Resources: android.util.DisplayMetrics getDisplayMetrics()>() in method <ru.ok.tamtam.shared.q: android.util.Size a(android.content.Context)>
[main] INFO soot.jimple.infoflow.android.SetupApplication$InPlaceInfoflow - - $r0 = virtualinvoke $r1.<android.content.Context: android.content.SharedPreferences getSharedPreferences(java.lang.String,int)>("one.me.sdk.design.theme", 0) in method <ov.c: android.content.SharedPreferences z(android.content.Context)>
[main] INFO soot.jimple.infoflow.android.SetupApplication$InPlaceInfoflow - - $r2 = virtualinvoke $r1.<android.content.Context: java.lang.Object getSystemService(java.lang.String)>("audio") in method <p20.i: android.media.AudioManager Q0(p20.i)>
[main] INFO soot.jimple.infoflow.android.SetupApplication$InPlaceInfoflow - - $r1 = virtualinvoke $r0.<android.content.res.Resources: android.util.DisplayMetrics getDisplayMetrics()>() in method <one.me.calls.ui.view.CallChangeModePullView: float[] bgRadius_delegate$lambda$0()>
[main] INFO soot.jimple.infoflow.android.SetupApplication$InPlaceInfoflow - - $r2 = virtualinvoke $r1.<android.content.Context: java.lang.Object getSystemService(java.lang.String)>("vibrator") in method <one.me.webapp.rootscreen.WebAppRootScreen: android.os.Vibrator d5(one.me.webapp.rootscreen.WebAppRootScreen)>
[main] INFO soot.jimple.infoflow.android.SetupApplication$InPlaceInfoflow - - $r3 = virtualinvoke $r2.<android.content.res.Resources: android.util.DisplayMetrics getDisplayMetrics()>() in method <one.me.sdk.uikit.common.textlayout.TextLayoutManager: android.util.Size p(one.me.sdk.uikit.common.textlayout.TextLayoutManager)>
[main] INFO soot.jimple.infoflow.android.SetupApplication$InPlaceInfoflow - - $r0 = staticinvoke <android.content.res.Resources: android.content.res.Resources getSystem()>() in method <ru.ok.tamtam.shared.p: android.content.res.Resources p()>
[main] INFO soot.jimple.infoflow.android.SetupApplication$InPlaceInfoflow - - $l0 = virtualinvoke $r0.<android.animation.Animator: long getStartDelay()>() in method <one.me.sdk.richvector.EnhancedProgressAnimatedVectorDrawable$a: long c(android.animation.Animator)>
[main] INFO soot.jimple.infoflow.android.SetupApplication$InPlaceInfoflow - - $r1 = virtualinvoke $r0.<android.content.res.Resources: android.util.DisplayMetrics getDisplayMetrics()>() in method <one.me.messages.list.ui.view.file.FileMessageLayout: one.me.sdk.uikit.common.utils.CornersOutlineProvider cornersOutlineProvider_delegate$lambda$0()>
[main] INFO soot.jimple.infoflow.android.SetupApplication$InPlaceInfoflow - - $r1 = virtualinvoke $r0.<android.content.res.Resources: android.util.DisplayMetrics getDisplayMetrics()>() in method <one.me.messages.list.ui.view.delegates.views.MessageLinkView: one.me.sdk.uikit.common.utils.CornersOutlineProvider roundImageOutlineProvider_delegate$lambda$0()>
[main] INFO soot.jimple.infoflow.android.SetupApplication$InPlaceInfoflow - - $r1 = virtualinvoke $r0.<android.content.res.Resources: android.util.DisplayMetrics getDisplayMetrics()>() in method <one.me.calls.ui.ui.callevents.CallEventLabel: float[] bgRadius_delegate$lambda$0()>
[main] INFO soot.jimple.infoflow.android.SetupApplication$InPlaceInfoflow - - $r3 = virtualinvoke $r2.<android.content.res.Resources: android.util.DisplayMetrics getDisplayMetrics()>() in method <ru.ok.messages.messages.widgets.g: int k()>
[main] INFO soot.jimple.infoflow.android.SetupApplication$InPlaceInfoflow - - $r0 = virtualinvoke $r2.<android.content.Context: java.lang.Object getSystemService(java.lang.String)>("audio") in method <one.me.sdk.android.tools.AudioFocusRegulator: android.media.AudioManager f(one.me.sdk.android.tools.AudioFocusRegulator)>
[main] INFO soot.jimple.infoflow.android.SetupApplication$InPlaceInfoflow - - $r0 = virtualinvoke $r2.<android.content.Context: java.lang.Object getSystemService(java.lang.String)>("audio") in method <ru.ok.messages.controllers.AudioController: android.media.AudioManager audioManager_delegate$lambda$0(ru.ok.messages.controllers.AudioController)>
[main] INFO soot.jimple.infoflow.android.SetupApplication$InPlaceInfoflow - - $r0 = virtualinvoke $r2.<android.content.Context: java.lang.Object getSystemService(java.lang.String)>("vibrator") in method <vi.g: android.os.Vibrator K(vi.g)>
[main] INFO soot.jimple.infoflow.android.SetupApplication$InPlaceInfoflow - The sink virtualinvoke $r0.<android.content.Context: void sendBroadcast(android.content.Intent)>($r7) in method <wa.l: void d(android.content.Context,java.util.List)> was called with values from the following sources:
[main] INFO soot.jimple.infoflow.android.SetupApplication$InPlaceInfoflow - - $r6 = virtualinvoke $r0.<android.content.Context: android.content.pm.ApplicationInfo getApplicationInfo()>() in method <wa.l: void d(android.content.Context,java.util.List)>
[main] INFO soot.jimple.infoflow.android.SetupApplication$InPlaceInfoflow - The sink virtualinvoke this.<android.content.Context: void startActivities(android.content.Intent[])>($r3) in method <com.jakewharton.processphoenix.ProcessPhoenix: void onCreate(android.os.Bundle)> was called with values from the following sources:
[main] INFO soot.jimple.infoflow.android.SetupApplication$InPlaceInfoflow - - $r1 = virtualinvoke this.<android.app.Activity: android.content.Intent getIntent()>() in method <com.jakewharton.processphoenix.ProcessPhoenix: void onCreate(android.os.Bundle)>
[main] INFO soot.jimple.infoflow.android.SetupApplication$InPlaceInfoflow - The sink virtualinvoke $r0.<android.content.Context: void startActivity(android.content.Intent)>($r1) in method <one.me.android.calls.a: boolean b(android.content.Context,android.content.Intent,java.lang.String)> was called with values from the following sources:
[main] INFO soot.jimple.infoflow.android.SetupApplication$InPlaceInfoflow - - $r13 = virtualinvoke $r1.<android.content.Intent: android.os.Bundle getExtras()>() in method <one.me.android.calls.a: boolean b(android.content.Context,android.content.Intent,java.lang.String)>
[main] INFO soot.jimple.infoflow.android.SetupApplication$InPlaceInfoflow - The sink staticinvoke <android.util.Log: int e(java.lang.String,java.lang.String)>("[myTracker]", $r1) in method <com.my.tracker.core.Tracer: void e(java.lang.String)> was called with values from the following sources:
[main] INFO soot.jimple.infoflow.android.SetupApplication$InPlaceInfoflow - - $r0 = virtualinvoke $r2.<android.os.HandlerThread: android.os.Looper getLooper()>() in method <ru.ok.android.externcalls.analytics.internal.event.EventQueueCollector$LooperProvider: android.os.Looper get()>
[main] INFO soot.jimple.infoflow.android.SetupApplication$InPlaceInfoflow - - $r0 = virtualinvoke $r1.<android.content.Context: java.io.File getExternalCacheDir()>() in method <ru.ok.messages.utils.f: java.lang.Object invoke()>
[main] INFO soot.jimple.infoflow.android.SetupApplication$InPlaceInfoflow - - $r2 = virtualinvoke $r1.<android.content.Context: java.lang.Object getSystemService(java.lang.String)>("audio") in method <one.me.sdk.messagewrite.recordcontrols.f: android.media.AudioManager N0(one.me.sdk.messagewrite.recordcontrols.f)>
[main] INFO soot.jimple.infoflow.android.SetupApplication$InPlaceInfoflow - - $r0 = virtualinvoke $r2.<android.content.Context: java.lang.Object getSystemService(java.lang.String)>("audio") in method <vi.g: android.media.AudioManager g(vi.g)>
[main] INFO soot.jimple.infoflow.android.SetupApplication$InPlaceInfoflow - - $r0 = virtualinvoke $r2.<android.content.Context: android.content.ContentResolver getContentResolver()>() in method <sn0.b: android.content.ContentResolver i(sn0.b)>
[main] INFO soot.jimple.infoflow.android.SetupApplication$InPlaceInfoflow - - $r2 = virtualinvoke $r1.<android.os.HandlerThread: android.os.Looper getLooper()>() in method <x50.y: android.os.Looper p2()>
[main] INFO soot.jimple.infoflow.android.SetupApplication$InPlaceInfoflow - - $r0 = virtualinvoke $r1.<java.lang.Object: java.lang.String toString()>() in method <rk0.j: java.lang.Object apply(java.lang.Object)>
[main] INFO soot.jimple.infoflow.android.SetupApplication$InPlaceInfoflow - - $l1 = virtualinvoke $r0.<android.animation.Animator: long getStartDelay()>() in method <one.me.sdk.richvector.EnhancedProgressAnimatedVectorDrawable$a: long c(android.animation.Animator)>
[main] INFO soot.jimple.infoflow.android.SetupApplication$InPlaceInfoflow - - $r0 = virtualinvoke $r2.<android.content.Context: java.lang.Object getSystemService(java.lang.String)>("notification") in method <ig.e: android.app.NotificationManager k(ig.e)>
[main] INFO soot.jimple.infoflow.android.SetupApplication$InPlaceInfoflow - - $r6 = virtualinvoke $r5.<android.content.res.Configuration: android.os.LocaleList getLocales()>() in method <one.me.android.OneMeApplication: java.lang.String setupLogger$lambda$2(one.me.android.OneMeApplication)>
[main] INFO soot.jimple.infoflow.android.SetupApplication$InPlaceInfoflow - - $r0 = virtualinvoke $r2.<android.content.Context: android.content.SharedPreferences getSharedPreferences(java.lang.String,int)>("no_v.prefs", 0) in method <one.me.sdk.vendor.g: android.content.SharedPreferences m(one.me.sdk.vendor.g)>
[main] INFO soot.jimple.infoflow.android.SetupApplication$InPlaceInfoflow - - $r3 = virtualinvoke $r2.<android.content.Context: android.content.res.Resources getResources()>() in method <rf.g$o2: java.lang.Object b(xq0.a)>
[main] INFO soot.jimple.infoflow.android.SetupApplication$InPlaceInfoflow - - $r0 = virtualinvoke $r1.<android.content.Context: java.lang.Object getSystemService(java.lang.String)>("audio") in method <one.me.audio.message.player.AudioMessagePlayer: android.media.AudioManager audioManager_delegate$lambda$0(android.content.Context)>
[main] INFO soot.jimple.infoflow.android.SetupApplication$InPlaceInfoflow - - $r4 = virtualinvoke $r3.<android.content.res.Resources: android.util.DisplayMetrics getDisplayMetrics()>() in method <one.me.android.OneMeApplication: java.lang.String setupLogger$lambda$2(one.me.android.OneMeApplication)>
[main] INFO soot.jimple.infoflow.android.SetupApplication$InPlaceInfoflow - - $r0 = virtualinvoke $r1.<android.content.Context: java.io.File getCacheDir()>() in method <ru.ok.messages.utils.g: java.lang.Object invoke()>
[main] INFO soot.jimple.infoflow.android.SetupApplication$InPlaceInfoflow - - $r0 = staticinvoke <android.os.Looper: android.os.Looper getMainLooper()>() in method <jf0.c: android.os.Looper d()>
[main] INFO soot.jimple.infoflow.android.SetupApplication$InPlaceInfoflow - - $r2 = virtualinvoke $r1.<android.hardware.SensorManager: android.hardware.Sensor getDefaultSensor(int)>(8) in method <one.me.sdk.android.tools.ProximityHelper: android.hardware.Sensor r(one.me.sdk.android.tools.ProximityHelper)>
[main] INFO soot.jimple.infoflow.android.SetupApplication$InPlaceInfoflow - - $r4 = interfaceinvoke $r0.<android.database.Cursor: byte[] getBlob(int)>(0) in method <ru.ok.android.externcalls.analytics.internal.storage.DatabaseHelper$RecordsQuery: java.lang.String next()>
[main] INFO soot.jimple.infoflow.android.SetupApplication$InPlaceInfoflow - - $l0 = virtualinvoke $r5.<android.animation.ValueAnimator: long getDuration()>() in method <one.me.sdk.richvector.EnhancedProgressAnimatedVectorDrawable$a: long c(android.animation.Animator)>
[main] INFO soot.jimple.infoflow.android.SetupApplication$InPlaceInfoflow - - $r1 = virtualinvoke $r0.<android.media.AudioDeviceInfo: java.lang.CharSequence getProductName()>() in method <ru.ok.android.externcalls.sdk.audio.internal.impl3.CallsAudioManagerV3Impl: java.lang.String androidDeviceToString(android.media.AudioDeviceInfo)>
[main] INFO soot.jimple.infoflow.android.SetupApplication$InPlaceInfoflow - - $r3 = virtualinvoke $r1.<java.lang.Object: java.lang.String toString()>() in method <eh0.g1$c: java.lang.CharSequence a(java.lang.Object)>
[main] INFO soot.jimple.infoflow.android.SetupApplication$InPlaceInfoflow - - $r2 = virtualinvoke $r0.<java.lang.Object: java.lang.String toString()>() in method <gk0.c: java.lang.String g(java.lang.Object,boolean,boolean)>
[main] INFO soot.jimple.infoflow.android.SetupApplication$InPlaceInfoflow - - $l2 = virtualinvoke $r0.<android.animation.Animator: long getTotalDuration()>() in method <one.me.sdk.richvector.EnhancedProgressAnimatedVectorDrawable$a: long c(android.animation.Animator)>
[main] INFO soot.jimple.infoflow.android.SetupApplication$InPlaceInfoflow - - $r0 = virtualinvoke $r1.<java.lang.Object: java.lang.String toString()>() in method <rk0.g: java.lang.Object invoke(java.lang.Object)>
[main] INFO soot.jimple.infoflow.android.SetupApplication$InPlaceInfoflow - - $r0 = virtualinvoke $r2.<android.content.Context: android.content.SharedPreferences getSharedPreferences(java.lang.String,int)>("permissions_prefs", 0) in method <one.me.sdk.permissions.m: android.content.SharedPreferences f(one.me.sdk.permissions.m)>
[main] INFO soot.jimple.infoflow.android.SetupApplication$InPlaceInfoflow - - $r2 = virtualinvoke $r0.<java.lang.Object: java.lang.String toString()>() in method <one.me.sdk.concurrent.LinkedTransferQueue34: java.lang.String toString()>
[main] INFO soot.jimple.infoflow.android.SetupApplication$InPlaceInfoflow - - $z0 = virtualinvoke $r2.<android.view.inputmethod.InputMethodManager: boolean isActive()>() in method <one.me.sdk.codeinput.ConfirmSmsInputView: boolean isKeyboardOpen$lambda$0(android.content.Context)>
[main] INFO soot.jimple.infoflow.android.SetupApplication$InPlaceInfoflow - - $r2 = virtualinvoke $r1.<android.content.Intent: android.os.Bundle getExtras()>() in method <one.me.android.root.d$a: java.lang.CharSequence a(java.lang.String)>
[main] INFO soot.jimple.infoflow.android.SetupApplication$InPlaceInfoflow - - $l1 = virtualinvoke $r0.<android.animation.Animator: long getTotalDuration()>() in method <one.me.sdk.richvector.EnhancedProgressAnimatedVectorDrawable$a: long c(android.animation.Animator)>
[main] INFO soot.jimple.infoflow.android.SetupApplication$InPlaceInfoflow - - $r0 = virtualinvoke this.<android.app.Activity: android.content.Intent getIntent()>() in method <ru.ok.messages.photoeditor.ActPhotoEditor: java.lang.Boolean lambda$new$0()>
[main] INFO soot.jimple.infoflow.android.SetupApplication$InPlaceInfoflow - - $r2 = virtualinvoke $r1.<java.lang.Object: java.lang.String toString()>() in method <ru.ok.android.externcalls.sdk.events.SharedAnalyticsEvent: java.lang.String getName()>
[main] INFO soot.jimple.infoflow.android.SetupApplication$InPlaceInfoflow - - $r2 = virtualinvoke $r5.<java.lang.Object: java.lang.String toString()>() in method <zd.e: java.lang.String toString()>
[main] INFO soot.jimple.infoflow.android.SetupApplication$InPlaceInfoflow - - $r0 = virtualinvoke $r1.<java.lang.Object: java.lang.String toString()>() in method <rk0.o$a: java.lang.String a(java.lang.Object)>
[main] INFO soot.jimple.infoflow.android.SetupApplication$InPlaceInfoflow - - $i0 = virtualinvoke $r1.<android.app.ActivityManager: int getLargeMemoryClass()>() in method <one.me.android.OneMeApplication: int getLargeMemoryClass()>
[main] INFO soot.jimple.infoflow.android.SetupApplication$InPlaceInfoflow - - $r0 = virtualinvoke $r1.<android.content.pm.InstallSourceInfo: java.lang.String getInstallingPackageName()>() in method <m80.c: java.lang.String a(android.content.pm.InstallSourceInfo)>
[main] INFO soot.jimple.infoflow.android.SetupApplication$InPlaceInfoflow - - $r1 = virtualinvoke $r0.<android.content.res.Resources: android.util.DisplayMetrics getDisplayMetrics()>() in method <ru.ok.tamtam.shared.p: float o()>
[main] INFO soot.jimple.infoflow.android.SetupApplication$InPlaceInfoflow - - $r1 = virtualinvoke $r0.<android.os.Looper: java.lang.Thread getThread()>() in method <vf.i$b: java.lang.Thread j()>
[main] INFO soot.jimple.infoflow.android.SetupApplication$InPlaceInfoflow - - $r0 = virtualinvoke $r1.<android.content.Context: android.content.SharedPreferences getSharedPreferences(java.lang.String,int)>("one.me.sdk.design.theme", 0) in method <ov.c: android.content.SharedPreferences z(android.content.Context)>
[main] INFO soot.jimple.infoflow.android.SetupApplication$InPlaceInfoflow - - $r2 = virtualinvoke $r1.<android.content.Context: java.lang.Object getSystemService(java.lang.String)>("audio") in method <p20.i: android.media.AudioManager Q0(p20.i)>
[main] INFO soot.jimple.infoflow.android.SetupApplication$InPlaceInfoflow - - $r2 = virtualinvoke $r1.<android.content.Context: java.lang.Object getSystemService(java.lang.String)>("vibrator") in method <one.me.webapp.rootscreen.WebAppRootScreen: android.os.Vibrator d5(one.me.webapp.rootscreen.WebAppRootScreen)>
[main] INFO soot.jimple.infoflow.android.SetupApplication$InPlaceInfoflow - - $r3 = virtualinvoke $r2.<android.content.res.Resources: android.util.DisplayMetrics getDisplayMetrics()>() in method <one.me.sdk.uikit.common.textlayout.TextLayoutManager: android.util.Size p(one.me.sdk.uikit.common.textlayout.TextLayoutManager)>
[main] INFO soot.jimple.infoflow.android.SetupApplication$InPlaceInfoflow - - $r0 = staticinvoke <android.content.res.Resources: android.content.res.Resources getSystem()>() in method <ru.ok.tamtam.shared.p: android.content.res.Resources p()>
[main] INFO soot.jimple.infoflow.android.SetupApplication$InPlaceInfoflow - - $l0 = virtualinvoke $r0.<android.animation.Animator: long getStartDelay()>() in method <one.me.sdk.richvector.EnhancedProgressAnimatedVectorDrawable$a: long c(android.animation.Animator)>
[main] INFO soot.jimple.infoflow.android.SetupApplication$InPlaceInfoflow - - $l0 = interfaceinvoke $r0.<android.database.Cursor: long getLong(int)>(1) in method <com.my.tracker.core.o.l0$a: long e()>
[main] INFO soot.jimple.infoflow.android.SetupApplication$InPlaceInfoflow - - $r2 = virtualinvoke $r1.<java.lang.Object: java.lang.String toString()>() in method <ru.CryptoPro.ssl.ServerSettings: java.lang.String toString()>
[main] INFO soot.jimple.infoflow.android.SetupApplication$InPlaceInfoflow - - $r1 = virtualinvoke $r0.<java.lang.Object: java.lang.String toString()>() in method <u9.w0: java.lang.String toString()>
[main] INFO soot.jimple.infoflow.android.SetupApplication$InPlaceInfoflow - - $r0 = virtualinvoke $r2.<android.content.Context: java.lang.Object getSystemService(java.lang.String)>("audio") in method <one.me.sdk.android.tools.AudioFocusRegulator: android.media.AudioManager f(one.me.sdk.android.tools.AudioFocusRegulator)>
[main] INFO soot.jimple.infoflow.android.SetupApplication$InPlaceInfoflow - - $r0 = virtualinvoke $r2.<android.content.Context: java.lang.Object getSystemService(java.lang.String)>("audio") in method <ru.ok.messages.controllers.AudioController: android.media.AudioManager audioManager_delegate$lambda$0(ru.ok.messages.controllers.AudioController)>
[main] INFO soot.jimple.infoflow.android.SetupApplication$InPlaceInfoflow - - $r0 = virtualinvoke $r2.<android.content.Context: java.lang.Object getSystemService(java.lang.String)>("vibrator") in method <vi.g: android.os.Vibrator K(vi.g)>
[main] INFO soot.jimple.infoflow.android.SetupApplication$InPlaceInfoflow - The sink staticinvoke <android.util.Log: int d(java.lang.String,java.lang.String,java.lang.Throwable)>($r0, $r2, $r1) in method <one.video.player.BaseVideoPlayer: void h0(java.lang.String,java.lang.String,java.lang.Throwable)> was called with values from the following sources:
[main] INFO soot.jimple.infoflow.android.SetupApplication$InPlaceInfoflow - - $r0 = virtualinvoke $r2.<android.os.HandlerThread: android.os.Looper getLooper()>() in method <ru.ok.android.externcalls.analytics.internal.event.EventQueueCollector$LooperProvider: android.os.Looper get()>
[main] INFO soot.jimple.infoflow.android.SetupApplication$InPlaceInfoflow - - $r0 = virtualinvoke $r1.<android.content.Context: java.io.File getExternalCacheDir()>() in method <ru.ok.messages.utils.f: java.lang.Object invoke()>
[main] INFO soot.jimple.infoflow.android.SetupApplication$InPlaceInfoflow - - $r2 = virtualinvoke $r1.<android.content.Context: java.lang.Object getSystemService(java.lang.String)>("audio") in method <one.me.sdk.messagewrite.recordcontrols.f: android.media.AudioManager N0(one.me.sdk.messagewrite.recordcontrols.f)>
[main] INFO soot.jimple.infoflow.android.SetupApplication$InPlaceInfoflow - - $r0 = virtualinvoke $r2.<android.content.Context: java.lang.Object getSystemService(java.lang.String)>("audio") in method <vi.g: android.media.AudioManager g(vi.g)>
[main] INFO soot.jimple.infoflow.android.SetupApplication$InPlaceInfoflow - - $r2 = virtualinvoke $r1.<android.os.HandlerThread: android.os.Looper getLooper()>() in method <x50.y: android.os.Looper p2()>
[main] INFO soot.jimple.infoflow.android.SetupApplication$InPlaceInfoflow - - $r0 = virtualinvoke $r2.<android.content.Context: android.content.ContentResolver getContentResolver()>() in method <sn0.b: android.content.ContentResolver i(sn0.b)>
[main] INFO soot.jimple.infoflow.android.SetupApplication$InPlaceInfoflow - - $r0 = virtualinvoke $r1.<java.lang.Object: java.lang.String toString()>() in method <rk0.j: java.lang.Object apply(java.lang.Object)>
[main] INFO soot.jimple.infoflow.android.SetupApplication$InPlaceInfoflow - - $l1 = virtualinvoke $r0.<android.animation.Animator: long getStartDelay()>() in method <one.me.sdk.richvector.EnhancedProgressAnimatedVectorDrawable$a: long c(android.animation.Animator)>
[main] INFO soot.jimple.infoflow.android.SetupApplication$InPlaceInfoflow - - $r0 = virtualinvoke $r2.<android.content.Context: java.lang.Object getSystemService(java.lang.String)>("notification") in method <ig.e: android.app.NotificationManager k(ig.e)>
[main] INFO soot.jimple.infoflow.android.SetupApplication$InPlaceInfoflow - - $r6 = virtualinvoke $r5.<android.content.res.Configuration: android.os.LocaleList getLocales()>() in method <one.me.android.OneMeApplication: java.lang.String setupLogger$lambda$2(one.me.android.OneMeApplication)>
[main] INFO soot.jimple.infoflow.android.SetupApplication$InPlaceInfoflow - - $r0 = virtualinvoke $r2.<android.content.Context: android.content.SharedPreferences getSharedPreferences(java.lang.String,int)>("no_v.prefs", 0) in method <one.me.sdk.vendor.g: android.content.SharedPreferences m(one.me.sdk.vendor.g)>
[main] INFO soot.jimple.infoflow.android.SetupApplication$InPlaceInfoflow - - $r3 = virtualinvoke $r2.<android.content.Context: android.content.res.Resources getResources()>() in method <rf.g$o2: java.lang.Object b(xq0.a)>
[main] INFO soot.jimple.infoflow.android.SetupApplication$InPlaceInfoflow - - $r0 = virtualinvoke $r1.<android.content.Context: java.lang.Object getSystemService(java.lang.String)>("audio") in method <one.me.audio.message.player.AudioMessagePlayer: android.media.AudioManager audioManager_delegate$lambda$0(android.content.Context)>
[main] INFO soot.jimple.infoflow.android.SetupApplication$InPlaceInfoflow - - $r4 = virtualinvoke $r3.<android.content.res.Resources: android.util.DisplayMetrics getDisplayMetrics()>() in method <one.me.android.OneMeApplication: java.lang.String setupLogger$lambda$2(one.me.android.OneMeApplication)>
[main] INFO soot.jimple.infoflow.android.SetupApplication$InPlaceInfoflow - - $r0 = virtualinvoke $r1.<android.content.Context: java.io.File getCacheDir()>() in method <ru.ok.messages.utils.g: java.lang.Object invoke()>
[main] INFO soot.jimple.infoflow.android.SetupApplication$InPlaceInfoflow - - $r0 = staticinvoke <android.os.Looper: android.os.Looper getMainLooper()>() in method <jf0.c: android.os.Looper d()>
[main] INFO soot.jimple.infoflow.android.SetupApplication$InPlaceInfoflow - - $r2 = virtualinvoke $r1.<android.hardware.SensorManager: android.hardware.Sensor getDefaultSensor(int)>(8) in method <one.me.sdk.android.tools.ProximityHelper: android.hardware.Sensor r(one.me.sdk.android.tools.ProximityHelper)>
[main] INFO soot.jimple.infoflow.android.SetupApplication$InPlaceInfoflow - - $r4 = interfaceinvoke $r0.<android.database.Cursor: byte[] getBlob(int)>(0) in method <ru.ok.android.externcalls.analytics.internal.storage.DatabaseHelper$RecordsQuery: java.lang.String next()>
[main] INFO soot.jimple.infoflow.android.SetupApplication$InPlaceInfoflow - - $l0 = virtualinvoke $r5.<android.animation.ValueAnimator: long getDuration()>() in method <one.me.sdk.richvector.EnhancedProgressAnimatedVectorDrawable$a: long c(android.animation.Animator)>
[main] INFO soot.jimple.infoflow.android.SetupApplication$InPlaceInfoflow - - $r1 = virtualinvoke $r0.<android.media.AudioDeviceInfo: java.lang.CharSequence getProductName()>() in method <ru.ok.android.externcalls.sdk.audio.internal.impl3.CallsAudioManagerV3Impl: java.lang.String androidDeviceToString(android.media.AudioDeviceInfo)>
[main] INFO soot.jimple.infoflow.android.SetupApplication$InPlaceInfoflow - - $r3 = virtualinvoke $r1.<java.lang.Object: java.lang.String toString()>() in method <eh0.g1$c: java.lang.CharSequence a(java.lang.Object)>
[main] INFO soot.jimple.infoflow.android.SetupApplication$InPlaceInfoflow - - $r2 = virtualinvoke $r0.<java.lang.Object: java.lang.String toString()>() in method <gk0.c: java.lang.String g(java.lang.Object,boolean,boolean)>
[main] INFO soot.jimple.infoflow.android.SetupApplication$InPlaceInfoflow - - $l2 = virtualinvoke $r0.<android.animation.Animator: long getTotalDuration()>() in method <one.me.sdk.richvector.EnhancedProgressAnimatedVectorDrawable$a: long c(android.animation.Animator)>
[main] INFO soot.jimple.infoflow.android.SetupApplication$InPlaceInfoflow - - $r0 = virtualinvoke $r2.<android.content.Context: android.content.SharedPreferences getSharedPreferences(java.lang.String,int)>("permissions_prefs", 0) in method <one.me.sdk.permissions.m: android.content.SharedPreferences f(one.me.sdk.permissions.m)>
[main] INFO soot.jimple.infoflow.android.SetupApplication$InPlaceInfoflow - - $r0 = virtualinvoke $r1.<java.lang.Object: java.lang.String toString()>() in method <rk0.g: java.lang.Object invoke(java.lang.Object)>
[main] INFO soot.jimple.infoflow.android.SetupApplication$InPlaceInfoflow - - $r2 = virtualinvoke $r0.<java.lang.Object: java.lang.String toString()>() in method <one.me.sdk.concurrent.LinkedTransferQueue34: java.lang.String toString()>
[main] INFO soot.jimple.infoflow.android.SetupApplication$InPlaceInfoflow - - $z0 = virtualinvoke $r2.<android.view.inputmethod.InputMethodManager: boolean isActive()>() in method <one.me.sdk.codeinput.ConfirmSmsInputView: boolean isKeyboardOpen$lambda$0(android.content.Context)>
[main] INFO soot.jimple.infoflow.android.SetupApplication$InPlaceInfoflow - - $r2 = virtualinvoke $r1.<android.content.Intent: android.os.Bundle getExtras()>() in method <one.me.android.root.d$a: java.lang.CharSequence a(java.lang.String)>
[main] INFO soot.jimple.infoflow.android.SetupApplication$InPlaceInfoflow - - $l1 = virtualinvoke $r0.<android.animation.Animator: long getTotalDuration()>() in method <one.me.sdk.richvector.EnhancedProgressAnimatedVectorDrawable$a: long c(android.animation.Animator)>
[main] INFO soot.jimple.infoflow.android.SetupApplication$InPlaceInfoflow - - $r0 = virtualinvoke this.<android.app.Activity: android.content.Intent getIntent()>() in method <ru.ok.messages.photoeditor.ActPhotoEditor: java.lang.Boolean lambda$new$0()>
[main] INFO soot.jimple.infoflow.android.SetupApplication$InPlaceInfoflow - - $r2 = virtualinvoke $r1.<java.lang.Object: java.lang.String toString()>() in method <ru.ok.android.externcalls.sdk.events.SharedAnalyticsEvent: java.lang.String getName()>
[main] INFO soot.jimple.infoflow.android.SetupApplication$InPlaceInfoflow - - $r2 = virtualinvoke $r5.<java.lang.Object: java.lang.String toString()>() in method <zd.e: java.lang.String toString()>
[main] INFO soot.jimple.infoflow.android.SetupApplication$InPlaceInfoflow - - $r0 = virtualinvoke $r1.<java.lang.Object: java.lang.String toString()>() in method <rk0.o$a: java.lang.String a(java.lang.Object)>
[main] INFO soot.jimple.infoflow.android.SetupApplication$InPlaceInfoflow - - $i0 = virtualinvoke $r1.<android.app.ActivityManager: int getLargeMemoryClass()>() in method <one.me.android.OneMeApplication: int getLargeMemoryClass()>
[main] INFO soot.jimple.infoflow.android.SetupApplication$InPlaceInfoflow - - $r0 = virtualinvoke $r1.<android.content.pm.InstallSourceInfo: java.lang.String getInstallingPackageName()>() in method <m80.c: java.lang.String a(android.content.pm.InstallSourceInfo)>
[main] INFO soot.jimple.infoflow.android.SetupApplication$InPlaceInfoflow - - $r1 = virtualinvoke $r0.<android.content.res.Resources: android.util.DisplayMetrics getDisplayMetrics()>() in method <ru.ok.tamtam.shared.p: float o()>
[main] INFO soot.jimple.infoflow.android.SetupApplication$InPlaceInfoflow - - $r1 = virtualinvoke $r0.<android.os.Looper: java.lang.Thread getThread()>() in method <vf.i$b: java.lang.Thread j()>
[main] INFO soot.jimple.infoflow.android.SetupApplication$InPlaceInfoflow - - $r0 = virtualinvoke $r1.<android.content.Context: android.content.SharedPreferences getSharedPreferences(java.lang.String,int)>("one.me.sdk.design.theme", 0) in method <ov.c: android.content.SharedPreferences z(android.content.Context)>
[main] INFO soot.jimple.infoflow.android.SetupApplication$InPlaceInfoflow - - $r2 = virtualinvoke $r1.<android.content.Context: java.lang.Object getSystemService(java.lang.String)>("audio") in method <p20.i: android.media.AudioManager Q0(p20.i)>
[main] INFO soot.jimple.infoflow.android.SetupApplication$InPlaceInfoflow - - $r2 = virtualinvoke $r1.<android.content.Context: java.lang.Object getSystemService(java.lang.String)>("vibrator") in method <one.me.webapp.rootscreen.WebAppRootScreen: android.os.Vibrator d5(one.me.webapp.rootscreen.WebAppRootScreen)>
[main] INFO soot.jimple.infoflow.android.SetupApplication$InPlaceInfoflow - - $r3 = virtualinvoke $r2.<android.content.res.Resources: android.util.DisplayMetrics getDisplayMetrics()>() in method <one.me.sdk.uikit.common.textlayout.TextLayoutManager: android.util.Size p(one.me.sdk.uikit.common.textlayout.TextLayoutManager)>
[main] INFO soot.jimple.infoflow.android.SetupApplication$InPlaceInfoflow - - $r0 = staticinvoke <android.content.res.Resources: android.content.res.Resources getSystem()>() in method <ru.ok.tamtam.shared.p: android.content.res.Resources p()>
[main] INFO soot.jimple.infoflow.android.SetupApplication$InPlaceInfoflow - - $l0 = virtualinvoke $r0.<android.animation.Animator: long getStartDelay()>() in method <one.me.sdk.richvector.EnhancedProgressAnimatedVectorDrawable$a: long c(android.animation.Animator)>
[main] INFO soot.jimple.infoflow.android.SetupApplication$InPlaceInfoflow - - $r2 = virtualinvoke $r1.<java.lang.Object: java.lang.String toString()>() in method <ru.CryptoPro.ssl.ServerSettings: java.lang.String toString()>
[main] INFO soot.jimple.infoflow.android.SetupApplication$InPlaceInfoflow - - $r1 = virtualinvoke $r0.<java.lang.Object: java.lang.String toString()>() in method <u9.w0: java.lang.String toString()>
[main] INFO soot.jimple.infoflow.android.SetupApplication$InPlaceInfoflow - - $r0 = virtualinvoke $r2.<android.content.Context: java.lang.Object getSystemService(java.lang.String)>("audio") in method <ru.ok.messages.controllers.AudioController: android.media.AudioManager audioManager_delegate$lambda$0(ru.ok.messages.controllers.AudioController)>
[main] INFO soot.jimple.infoflow.android.SetupApplication$InPlaceInfoflow - - $r0 = virtualinvoke $r2.<android.content.Context: java.lang.Object getSystemService(java.lang.String)>("audio") in method <one.me.sdk.android.tools.AudioFocusRegulator: android.media.AudioManager f(one.me.sdk.android.tools.AudioFocusRegulator)>
[main] INFO soot.jimple.infoflow.android.SetupApplication$InPlaceInfoflow - - $r0 = virtualinvoke $r2.<android.content.Context: java.lang.Object getSystemService(java.lang.String)>("vibrator") in method <vi.g: android.os.Vibrator K(vi.g)>
[main] INFO soot.jimple.infoflow.android.SetupApplication$InPlaceInfoflow - The sink virtualinvoke $r4.<android.content.ContentResolver: int update(android.net.Uri,android.content.ContentValues,java.lang.String,java.lang.String[])>($r3, $r9, "_id=?", $r5) in method <me.leolin.shortcutbadger.impl.SamsungHomeBadger: void executeBadge(android.content.Context,android.content.ComponentName,int)> was called with values from the following sources:
[main] INFO soot.jimple.infoflow.android.SetupApplication$InPlaceInfoflow - - $r4 = virtualinvoke $r0.<android.content.Context: android.content.ContentResolver getContentResolver()>() in method <me.leolin.shortcutbadger.impl.SamsungHomeBadger: void executeBadge(android.content.Context,android.content.ComponentName,int)>
[main] INFO soot.jimple.infoflow.android.SetupApplication$InPlaceInfoflow - The sink virtualinvoke $r3.<android.content.ContentResolver: android.net.Uri insert(android.net.Uri,android.content.ContentValues)>($r1, $r0) in method <me.leolin.shortcutbadger.impl.SonyHomeBadger: void insertBadgeSync(android.content.Context,android.content.ContentValues)> was called with values from the following sources:
[main] INFO soot.jimple.infoflow.android.SetupApplication$InPlaceInfoflow - - $r3 = virtualinvoke $r2.<android.content.Context: android.content.ContentResolver getContentResolver()>() in method <me.leolin.shortcutbadger.impl.SonyHomeBadger: void insertBadgeSync(android.content.Context,android.content.ContentValues)>
[main] INFO soot.jimple.infoflow.android.SetupApplication$InPlaceInfoflow - The sink virtualinvoke $r0.<android.content.Context: void sendBroadcast(android.content.Intent)>($r7) in method <me.leolin.shortcutbadger.util.BroadcastHelper: void sendIntentExplicitly(android.content.Context,android.content.Intent)> was called with values from the following sources:
[main] INFO soot.jimple.infoflow.android.SetupApplication$InPlaceInfoflow - - $r0 = virtualinvoke $r2.<android.os.HandlerThread: android.os.Looper getLooper()>() in method <ru.ok.android.externcalls.analytics.internal.event.EventQueueCollector$LooperProvider: android.os.Looper get()>
[main] INFO soot.jimple.infoflow.android.SetupApplication$InPlaceInfoflow - - $r0 = virtualinvoke $r1.<android.content.Context: java.io.File getExternalCacheDir()>() in method <ru.ok.messages.utils.f: java.lang.Object invoke()>
[main] INFO soot.jimple.infoflow.android.SetupApplication$InPlaceInfoflow - - $r2 = virtualinvoke $r1.<android.content.Context: java.lang.Object getSystemService(java.lang.String)>("audio") in method <one.me.sdk.messagewrite.recordcontrols.f: android.media.AudioManager N0(one.me.sdk.messagewrite.recordcontrols.f)>
[main] INFO soot.jimple.infoflow.android.SetupApplication$InPlaceInfoflow - - $r0 = virtualinvoke $r2.<android.content.Context: java.lang.Object getSystemService(java.lang.String)>("audio") in method <vi.g: android.media.AudioManager g(vi.g)>
[main] INFO soot.jimple.infoflow.android.SetupApplication$InPlaceInfoflow - - $r2 = virtualinvoke $r1.<android.os.HandlerThread: android.os.Looper getLooper()>() in method <x50.y: android.os.Looper p2()>
[main] INFO soot.jimple.infoflow.android.SetupApplication$InPlaceInfoflow - - $r0 = virtualinvoke $r2.<android.content.Context: android.content.ContentResolver getContentResolver()>() in method <sn0.b: android.content.ContentResolver i(sn0.b)>
[main] INFO soot.jimple.infoflow.android.SetupApplication$InPlaceInfoflow - - $r0 = virtualinvoke $r1.<java.lang.Object: java.lang.String toString()>() in method <rk0.j: java.lang.Object apply(java.lang.Object)>
[main] INFO soot.jimple.infoflow.android.SetupApplication$InPlaceInfoflow - - $r2 = virtualinvoke $r1.<android.content.ComponentName: java.lang.String getClassName()>() in method <me.leolin.shortcutbadger.impl.ApexHomeBadger: void executeBadge(android.content.Context,android.content.ComponentName,int)>
[main] INFO soot.jimple.infoflow.android.SetupApplication$InPlaceInfoflow - - $l1 = virtualinvoke $r0.<android.animation.Animator: long getStartDelay()>() in method <one.me.sdk.richvector.EnhancedProgressAnimatedVectorDrawable$a: long c(android.animation.Animator)>
[main] INFO soot.jimple.infoflow.android.SetupApplication$InPlaceInfoflow - - $r2 = virtualinvoke $r1.<android.content.ComponentName: java.lang.String getClassName()>() in method <me.leolin.shortcutbadger.impl.AdwHomeBadger: void executeBadge(android.content.Context,android.content.ComponentName,int)>
[main] INFO soot.jimple.infoflow.android.SetupApplication$InPlaceInfoflow - - $r0 = virtualinvoke $r2.<android.content.Context: java.lang.Object getSystemService(java.lang.String)>("notification") in method <ig.e: android.app.NotificationManager k(ig.e)>
[main] INFO soot.jimple.infoflow.android.SetupApplication$InPlaceInfoflow - - $r6 = virtualinvoke $r5.<android.content.res.Configuration: android.os.LocaleList getLocales()>() in method <one.me.android.OneMeApplication: java.lang.String setupLogger$lambda$2(one.me.android.OneMeApplication)>
[main] INFO soot.jimple.infoflow.android.SetupApplication$InPlaceInfoflow - - $r5 = virtualinvoke $r3.<android.content.ComponentName: java.lang.String getPackageName()>() in method <me.leolin.shortcutbadger.impl.NewHtcHomeBadger: void executeBadge(android.content.Context,android.content.ComponentName,int)>
[main] INFO soot.jimple.infoflow.android.SetupApplication$InPlaceInfoflow - - $r0 = virtualinvoke $r2.<android.content.Context: android.content.SharedPreferences getSharedPreferences(java.lang.String,int)>("no_v.prefs", 0) in method <one.me.sdk.vendor.g: android.content.SharedPreferences m(one.me.sdk.vendor.g)>
[main] INFO soot.jimple.infoflow.android.SetupApplication$InPlaceInfoflow - - $r3 = virtualinvoke $r2.<android.content.Context: android.content.res.Resources getResources()>() in method <rf.g$o2: java.lang.Object b(xq0.a)>
[main] INFO soot.jimple.infoflow.android.SetupApplication$InPlaceInfoflow - - $r0 = virtualinvoke $r1.<android.content.Context: java.lang.Object getSystemService(java.lang.String)>("audio") in method <one.me.audio.message.player.AudioMessagePlayer: android.media.AudioManager audioManager_delegate$lambda$0(android.content.Context)>
[main] INFO soot.jimple.infoflow.android.SetupApplication$InPlaceInfoflow - - $r4 = virtualinvoke $r3.<android.content.res.Resources: android.util.DisplayMetrics getDisplayMetrics()>() in method <one.me.android.OneMeApplication: java.lang.String setupLogger$lambda$2(one.me.android.OneMeApplication)>
[main] INFO soot.jimple.infoflow.android.SetupApplication$InPlaceInfoflow - - $r0 = virtualinvoke $r1.<android.content.Context: java.io.File getCacheDir()>() in method <ru.ok.messages.utils.g: java.lang.Object invoke()>
[main] INFO soot.jimple.infoflow.android.SetupApplication$InPlaceInfoflow - - $r2 = virtualinvoke $r1.<android.content.ComponentName: java.lang.String getPackageName()>() in method <me.leolin.shortcutbadger.impl.LGHomeBadger: void executeBadge(android.content.Context,android.content.ComponentName,int)>
[main] INFO soot.jimple.infoflow.android.SetupApplication$InPlaceInfoflow - - $r0 = staticinvoke <android.os.Looper: android.os.Looper getMainLooper()>() in method <jf0.c: android.os.Looper d()>
[main] INFO soot.jimple.infoflow.android.SetupApplication$InPlaceInfoflow - - $r2 = virtualinvoke $r1.<android.hardware.SensorManager: android.hardware.Sensor getDefaultSensor(int)>(8) in method <one.me.sdk.android.tools.ProximityHelper: android.hardware.Sensor r(one.me.sdk.android.tools.ProximityHelper)>
[main] INFO soot.jimple.infoflow.android.SetupApplication$InPlaceInfoflow - - $r2 = virtualinvoke $r1.<android.content.ComponentName: java.lang.String getPackageName()>() in method <me.leolin.shortcutbadger.impl.AsusHomeBadger: void executeBadge(android.content.Context,android.content.ComponentName,int)>
[main] INFO soot.jimple.infoflow.android.SetupApplication$InPlaceInfoflow - - $r4 = interfaceinvoke $r0.<android.database.Cursor: byte[] getBlob(int)>(0) in method <ru.ok.android.externcalls.analytics.internal.storage.DatabaseHelper$RecordsQuery: java.lang.String next()>
[main] INFO soot.jimple.infoflow.android.SetupApplication$InPlaceInfoflow - - $l0 = virtualinvoke $r5.<android.animation.ValueAnimator: long getDuration()>() in method <one.me.sdk.richvector.EnhancedProgressAnimatedVectorDrawable$a: long c(android.animation.Animator)>
[main] INFO soot.jimple.infoflow.android.SetupApplication$InPlaceInfoflow - - $r1 = virtualinvoke $r0.<android.media.AudioDeviceInfo: java.lang.CharSequence getProductName()>() in method <ru.ok.android.externcalls.sdk.audio.internal.impl3.CallsAudioManagerV3Impl: java.lang.String androidDeviceToString(android.media.AudioDeviceInfo)>
[main] INFO soot.jimple.infoflow.android.SetupApplication$InPlaceInfoflow - - $r2 = virtualinvoke $r1.<android.content.ComponentName: java.lang.String getPackageName()>() in method <me.leolin.shortcutbadger.impl.ApexHomeBadger: void executeBadge(android.content.Context,android.content.ComponentName,int)>
[main] INFO soot.jimple.infoflow.android.SetupApplication$InPlaceInfoflow - - $r3 = virtualinvoke $r1.<java.lang.Object: java.lang.String toString()>() in method <eh0.g1$c: java.lang.CharSequence a(java.lang.Object)>
[main] INFO soot.jimple.infoflow.android.SetupApplication$InPlaceInfoflow - - $r2 = virtualinvoke $r1.<android.content.ComponentName: java.lang.String getPackageName()>() in method <me.leolin.shortcutbadger.impl.AdwHomeBadger: void executeBadge(android.content.Context,android.content.ComponentName,int)>
[main] INFO soot.jimple.infoflow.android.SetupApplication$InPlaceInfoflow - - $r2 = virtualinvoke $r0.<java.lang.Object: java.lang.String toString()>() in method <gk0.c: java.lang.String g(java.lang.Object,boolean,boolean)>
[main] INFO soot.jimple.infoflow.android.SetupApplication$InPlaceInfoflow - - $l2 = virtualinvoke $r0.<android.animation.Animator: long getTotalDuration()>() in method <one.me.sdk.richvector.EnhancedProgressAnimatedVectorDrawable$a: long c(android.animation.Animator)>
[main] INFO soot.jimple.infoflow.android.SetupApplication$InPlaceInfoflow - - $r0 = virtualinvoke $r1.<java.lang.Object: java.lang.String toString()>() in method <rk0.g: java.lang.Object invoke(java.lang.Object)>
[main] INFO soot.jimple.infoflow.android.SetupApplication$InPlaceInfoflow - - $r0 = virtualinvoke $r2.<android.content.Context: android.content.SharedPreferences getSharedPreferences(java.lang.String,int)>("permissions_prefs", 0) in method <one.me.sdk.permissions.m: android.content.SharedPreferences f(one.me.sdk.permissions.m)>
[main] INFO soot.jimple.infoflow.android.SetupApplication$InPlaceInfoflow - - $r2 = virtualinvoke $r0.<java.lang.Object: java.lang.String toString()>() in method <one.me.sdk.concurrent.LinkedTransferQueue34: java.lang.String toString()>
[main] INFO soot.jimple.infoflow.android.SetupApplication$InPlaceInfoflow - - $z0 = virtualinvoke $r2.<android.view.inputmethod.InputMethodManager: boolean isActive()>() in method <one.me.sdk.codeinput.ConfirmSmsInputView: boolean isKeyboardOpen$lambda$0(android.content.Context)>
[main] INFO soot.jimple.infoflow.android.SetupApplication$InPlaceInfoflow - - $r2 = virtualinvoke $r1.<android.content.Intent: android.os.Bundle getExtras()>() in method <one.me.android.root.d$a: java.lang.CharSequence a(java.lang.String)>
[main] INFO soot.jimple.infoflow.android.SetupApplication$InPlaceInfoflow - - $r2 = virtualinvoke $r1.<android.content.ComponentName: java.lang.String getClassName()>() in method <me.leolin.shortcutbadger.impl.DefaultBadger: void executeBadge(android.content.Context,android.content.ComponentName,int)>
[main] INFO soot.jimple.infoflow.android.SetupApplication$InPlaceInfoflow - - $r2 = virtualinvoke $r1.<android.content.ComponentName: java.lang.String getClassName()>() in method <me.leolin.shortcutbadger.impl.LGHomeBadger: void executeBadge(android.content.Context,android.content.ComponentName,int)>
[main] INFO soot.jimple.infoflow.android.SetupApplication$InPlaceInfoflow - - $l1 = virtualinvoke $r0.<android.animation.Animator: long getTotalDuration()>() in method <one.me.sdk.richvector.EnhancedProgressAnimatedVectorDrawable$a: long c(android.animation.Animator)>
[main] INFO soot.jimple.infoflow.android.SetupApplication$InPlaceInfoflow - - $r0 = virtualinvoke this.<android.app.Activity: android.content.Intent getIntent()>() in method <ru.ok.messages.photoeditor.ActPhotoEditor: java.lang.Boolean lambda$new$0()>
[main] INFO soot.jimple.infoflow.android.SetupApplication$InPlaceInfoflow - - $r2 = virtualinvoke $r1.<java.lang.Object: java.lang.String toString()>() in method <ru.ok.android.externcalls.sdk.events.SharedAnalyticsEvent: java.lang.String getName()>
[main] INFO soot.jimple.infoflow.android.SetupApplication$InPlaceInfoflow - - $r2 = virtualinvoke $r5.<java.lang.Object: java.lang.String toString()>() in method <zd.e: java.lang.String toString()>
[main] INFO soot.jimple.infoflow.android.SetupApplication$InPlaceInfoflow - - $r0 = virtualinvoke $r1.<java.lang.Object: java.lang.String toString()>() in method <rk0.o$a: java.lang.String a(java.lang.Object)>
[main] INFO soot.jimple.infoflow.android.SetupApplication$InPlaceInfoflow - - $r10 = virtualinvoke $r5.<android.content.ComponentName: java.lang.String getPackageName()>() in method <me.leolin.shortcutbadger.impl.XiaomiHomeBadger: void executeBadge(android.content.Context,android.content.ComponentName,int)>
[main] INFO soot.jimple.infoflow.android.SetupApplication$InPlaceInfoflow - - $i0 = virtualinvoke $r1.<android.app.ActivityManager: int getLargeMemoryClass()>() in method <one.me.android.OneMeApplication: int getLargeMemoryClass()>
[main] INFO soot.jimple.infoflow.android.SetupApplication$InPlaceInfoflow - - $r0 = virtualinvoke $r1.<android.content.pm.InstallSourceInfo: java.lang.String getInstallingPackageName()>() in method <m80.c: java.lang.String a(android.content.pm.InstallSourceInfo)>
[main] INFO soot.jimple.infoflow.android.SetupApplication$InPlaceInfoflow - - $r1 = virtualinvoke $r0.<android.content.res.Resources: android.util.DisplayMetrics getDisplayMetrics()>() in method <ru.ok.tamtam.shared.p: float o()>
[main] INFO soot.jimple.infoflow.android.SetupApplication$InPlaceInfoflow - - $r1 = virtualinvoke $r0.<android.os.Looper: java.lang.Thread getThread()>() in method <vf.i$b: java.lang.Thread j()>
[main] INFO soot.jimple.infoflow.android.SetupApplication$InPlaceInfoflow - - $r2 = virtualinvoke $r1.<android.content.ComponentName: java.lang.String getClassName()>() in method <me.leolin.shortcutbadger.impl.AsusHomeBadger: void executeBadge(android.content.Context,android.content.ComponentName,int)>
[main] INFO soot.jimple.infoflow.android.SetupApplication$InPlaceInfoflow - - $r2 = virtualinvoke $r1.<android.content.ComponentName: java.lang.String getPackageName()>() in method <me.leolin.shortcutbadger.impl.DefaultBadger: void executeBadge(android.content.Context,android.content.ComponentName,int)>
[main] INFO soot.jimple.infoflow.android.SetupApplication$InPlaceInfoflow - - $r0 = virtualinvoke $r1.<android.content.Context: android.content.SharedPreferences getSharedPreferences(java.lang.String,int)>("one.me.sdk.design.theme", 0) in method <ov.c: android.content.SharedPreferences z(android.content.Context)>
[main] INFO soot.jimple.infoflow.android.SetupApplication$InPlaceInfoflow - - $r2 = virtualinvoke $r1.<android.content.Context: java.lang.Object getSystemService(java.lang.String)>("audio") in method <p20.i: android.media.AudioManager Q0(p20.i)>
[main] INFO soot.jimple.infoflow.android.SetupApplication$InPlaceInfoflow - - $r2 = virtualinvoke $r1.<android.content.Context: java.lang.Object getSystemService(java.lang.String)>("vibrator") in method <one.me.webapp.rootscreen.WebAppRootScreen: android.os.Vibrator d5(one.me.webapp.rootscreen.WebAppRootScreen)>
[main] INFO soot.jimple.infoflow.android.SetupApplication$InPlaceInfoflow - - $r3 = virtualinvoke $r2.<android.content.res.Resources: android.util.DisplayMetrics getDisplayMetrics()>() in method <one.me.sdk.uikit.common.textlayout.TextLayoutManager: android.util.Size p(one.me.sdk.uikit.common.textlayout.TextLayoutManager)>
[main] INFO soot.jimple.infoflow.android.SetupApplication$InPlaceInfoflow - - $r0 = staticinvoke <android.content.res.Resources: android.content.res.Resources getSystem()>() in method <ru.ok.tamtam.shared.p: android.content.res.Resources p()>
[main] INFO soot.jimple.infoflow.android.SetupApplication$InPlaceInfoflow - - $l0 = virtualinvoke $r0.<android.animation.Animator: long getStartDelay()>() in method <one.me.sdk.richvector.EnhancedProgressAnimatedVectorDrawable$a: long c(android.animation.Animator)>
[main] INFO soot.jimple.infoflow.android.SetupApplication$InPlaceInfoflow - - $r2 = virtualinvoke $r1.<java.lang.Object: java.lang.String toString()>() in method <ru.CryptoPro.ssl.ServerSettings: java.lang.String toString()>
[main] INFO soot.jimple.infoflow.android.SetupApplication$InPlaceInfoflow - - $r10 = virtualinvoke $r5.<android.content.ComponentName: java.lang.String getClassName()>() in method <me.leolin.shortcutbadger.impl.XiaomiHomeBadger: void executeBadge(android.content.Context,android.content.ComponentName,int)>
[main] INFO soot.jimple.infoflow.android.SetupApplication$InPlaceInfoflow - - $r1 = virtualinvoke $r0.<java.lang.Object: java.lang.String toString()>() in method <u9.w0: java.lang.String toString()>
[main] INFO soot.jimple.infoflow.android.SetupApplication$InPlaceInfoflow - - $r0 = virtualinvoke $r2.<android.content.Context: java.lang.Object getSystemService(java.lang.String)>("audio") in method <ru.ok.messages.controllers.AudioController: android.media.AudioManager audioManager_delegate$lambda$0(ru.ok.messages.controllers.AudioController)>
[main] INFO soot.jimple.infoflow.android.SetupApplication$InPlaceInfoflow - - $r0 = virtualinvoke $r2.<android.content.Context: java.lang.Object getSystemService(java.lang.String)>("audio") in method <one.me.sdk.android.tools.AudioFocusRegulator: android.media.AudioManager f(one.me.sdk.android.tools.AudioFocusRegulator)>
[main] INFO soot.jimple.infoflow.android.SetupApplication$InPlaceInfoflow - - $r0 = virtualinvoke $r2.<android.content.Context: java.lang.Object getSystemService(java.lang.String)>("vibrator") in method <vi.g: android.os.Vibrator K(vi.g)>
[main] INFO soot.jimple.infoflow.android.SetupApplication$InPlaceInfoflow - The sink virtualinvoke $r1.<android.content.Context: void startActivity(android.content.Intent)>($r3) in method <ru.ok.tamtam.shared.d: void d(android.content.Context,java.lang.String,md.a)> was called with values from the following sources:
[main] INFO soot.jimple.infoflow.android.SetupApplication$InPlaceInfoflow - - $r0 = virtualinvoke $r6.<android.text.style.URLSpan: java.lang.String getURL()>() in method <ru.ok.tamtam.shared.d: java.lang.String f(java.lang.String)>
[main] INFO soot.jimple.infoflow.android.SetupApplication$InPlaceInfoflow - The sink staticinvoke <android.util.Log: int d(java.lang.String,java.lang.String)>($r0, $r1) in method <ru.ok.android.externcalls.analytics.internal.log.DefaultCallAnalyticsLogger: void d(java.lang.String,java.lang.String)> was called with values from the following sources:
[main] INFO soot.jimple.infoflow.android.SetupApplication$InPlaceInfoflow - - $r0 = virtualinvoke $r2.<android.os.HandlerThread: android.os.Looper getLooper()>() in method <ru.ok.android.externcalls.analytics.internal.event.EventQueueCollector$LooperProvider: android.os.Looper get()>
[main] INFO soot.jimple.infoflow.android.SetupApplication$InPlaceInfoflow - - $r0 = virtualinvoke $r1.<android.content.Context: java.io.File getExternalCacheDir()>() in method <ru.ok.messages.utils.f: java.lang.Object invoke()>
[main] INFO soot.jimple.infoflow.android.SetupApplication$InPlaceInfoflow - - $r2 = virtualinvoke $r1.<android.content.Context: java.lang.Object getSystemService(java.lang.String)>("audio") in method <one.me.sdk.messagewrite.recordcontrols.f: android.media.AudioManager N0(one.me.sdk.messagewrite.recordcontrols.f)>
[main] INFO soot.jimple.infoflow.android.SetupApplication$InPlaceInfoflow - - $r0 = virtualinvoke $r2.<android.content.Context: java.lang.Object getSystemService(java.lang.String)>("audio") in method <vi.g: android.media.AudioManager g(vi.g)>
[main] INFO soot.jimple.infoflow.android.SetupApplication$InPlaceInfoflow - - $r2 = virtualinvoke $r1.<android.os.HandlerThread: android.os.Looper getLooper()>() in method <x50.y: android.os.Looper p2()>
[main] INFO soot.jimple.infoflow.android.SetupApplication$InPlaceInfoflow - - $r0 = virtualinvoke $r2.<android.content.Context: android.content.ContentResolver getContentResolver()>() in method <sn0.b: android.content.ContentResolver i(sn0.b)>
[main] INFO soot.jimple.infoflow.android.SetupApplication$InPlaceInfoflow - - $r1 = virtualinvoke $r3.<android.content.Context: java.io.File getFilesDir()>() in method <ru.ok.android.externcalls.analytics.internal.event.EventQueueCollector$OneLogFile: java.io.File get()>
[main] INFO soot.jimple.infoflow.android.SetupApplication$InPlaceInfoflow - - $r0 = virtualinvoke $r1.<java.lang.Object: java.lang.String toString()>() in method <rk0.j: java.lang.Object apply(java.lang.Object)>
[main] INFO soot.jimple.infoflow.android.SetupApplication$InPlaceInfoflow - - $l1 = virtualinvoke $r0.<android.animation.Animator: long getStartDelay()>() in method <one.me.sdk.richvector.EnhancedProgressAnimatedVectorDrawable$a: long c(android.animation.Animator)>
[main] INFO soot.jimple.infoflow.android.SetupApplication$InPlaceInfoflow - - $r0 = virtualinvoke $r2.<android.content.Context: java.lang.Object getSystemService(java.lang.String)>("notification") in method <ig.e: android.app.NotificationManager k(ig.e)>
[main] INFO soot.jimple.infoflow.android.SetupApplication$InPlaceInfoflow - - $r6 = virtualinvoke $r5.<android.content.res.Configuration: android.os.LocaleList getLocales()>() in method <one.me.android.OneMeApplication: java.lang.String setupLogger$lambda$2(one.me.android.OneMeApplication)>
[main] INFO soot.jimple.infoflow.android.SetupApplication$InPlaceInfoflow - - $r0 = virtualinvoke $r2.<android.content.Context: android.content.SharedPreferences getSharedPreferences(java.lang.String,int)>("no_v.prefs", 0) in method <one.me.sdk.vendor.g: android.content.SharedPreferences m(one.me.sdk.vendor.g)>
[main] INFO soot.jimple.infoflow.android.SetupApplication$InPlaceInfoflow - - $r3 = virtualinvoke $r2.<android.content.Context: android.content.res.Resources getResources()>() in method <rf.g$o2: java.lang.Object b(xq0.a)>
[main] INFO soot.jimple.infoflow.android.SetupApplication$InPlaceInfoflow - - $r0 = virtualinvoke $r1.<android.content.Context: java.lang.Object getSystemService(java.lang.String)>("audio") in method <one.me.audio.message.player.AudioMessagePlayer: android.media.AudioManager audioManager_delegate$lambda$0(android.content.Context)>
[main] INFO soot.jimple.infoflow.android.SetupApplication$InPlaceInfoflow - - $r4 = virtualinvoke $r3.<android.content.res.Resources: android.util.DisplayMetrics getDisplayMetrics()>() in method <one.me.android.OneMeApplication: java.lang.String setupLogger$lambda$2(one.me.android.OneMeApplication)>
[main] INFO soot.jimple.infoflow.android.SetupApplication$InPlaceInfoflow - - $r0 = virtualinvoke $r1.<android.content.Context: java.io.File getCacheDir()>() in method <ru.ok.messages.utils.g: java.lang.Object invoke()>
[main] INFO soot.jimple.infoflow.android.SetupApplication$InPlaceInfoflow - - $r0 = staticinvoke <android.os.Looper: android.os.Looper getMainLooper()>() in method <jf0.c: android.os.Looper d()>
[main] INFO soot.jimple.infoflow.android.SetupApplication$InPlaceInfoflow - - $r2 = virtualinvoke $r1.<android.hardware.SensorManager: android.hardware.Sensor getDefaultSensor(int)>(8) in method <one.me.sdk.android.tools.ProximityHelper: android.hardware.Sensor r(one.me.sdk.android.tools.ProximityHelper)>
[main] INFO soot.jimple.infoflow.android.SetupApplication$InPlaceInfoflow - - $r4 = interfaceinvoke $r0.<android.database.Cursor: byte[] getBlob(int)>(0) in method <ru.ok.android.externcalls.analytics.internal.storage.DatabaseHelper$RecordsQuery: java.lang.String next()>
[main] INFO soot.jimple.infoflow.android.SetupApplication$InPlaceInfoflow - - $l0 = virtualinvoke $r5.<android.animation.ValueAnimator: long getDuration()>() in method <one.me.sdk.richvector.EnhancedProgressAnimatedVectorDrawable$a: long c(android.animation.Animator)>
[main] INFO soot.jimple.infoflow.android.SetupApplication$InPlaceInfoflow - - $r1 = virtualinvoke $r0.<android.media.AudioDeviceInfo: java.lang.CharSequence getProductName()>() in method <ru.ok.android.externcalls.sdk.audio.internal.impl3.CallsAudioManagerV3Impl: java.lang.String androidDeviceToString(android.media.AudioDeviceInfo)>
[main] INFO soot.jimple.infoflow.android.SetupApplication$InPlaceInfoflow - - $r3 = virtualinvoke $r1.<java.lang.Object: java.lang.String toString()>() in method <eh0.g1$c: java.lang.CharSequence a(java.lang.Object)>
[main] INFO soot.jimple.infoflow.android.SetupApplication$InPlaceInfoflow - - $r2 = virtualinvoke $r0.<java.lang.Object: java.lang.String toString()>() in method <gk0.c: java.lang.String g(java.lang.Object,boolean,boolean)>
[main] INFO soot.jimple.infoflow.android.SetupApplication$InPlaceInfoflow - - $l2 = virtualinvoke $r0.<android.animation.Animator: long getTotalDuration()>() in method <one.me.sdk.richvector.EnhancedProgressAnimatedVectorDrawable$a: long c(android.animation.Animator)>
[main] INFO soot.jimple.infoflow.android.SetupApplication$InPlaceInfoflow - - $r0 = virtualinvoke $r1.<java.lang.Object: java.lang.String toString()>() in method <rk0.g: java.lang.Object invoke(java.lang.Object)>
[main] INFO soot.jimple.infoflow.android.SetupApplication$InPlaceInfoflow - - $r0 = virtualinvoke $r2.<android.content.Context: android.content.SharedPreferences getSharedPreferences(java.lang.String,int)>("permissions_prefs", 0) in method <one.me.sdk.permissions.m: android.content.SharedPreferences f(one.me.sdk.permissions.m)>
[main] INFO soot.jimple.infoflow.android.SetupApplication$InPlaceInfoflow - - $r2 = virtualinvoke $r0.<java.lang.Object: java.lang.String toString()>() in method <one.me.sdk.concurrent.LinkedTransferQueue34: java.lang.String toString()>
[main] INFO soot.jimple.infoflow.android.SetupApplication$InPlaceInfoflow - - $z0 = virtualinvoke $r2.<android.view.inputmethod.InputMethodManager: boolean isActive()>() in method <one.me.sdk.codeinput.ConfirmSmsInputView: boolean isKeyboardOpen$lambda$0(android.content.Context)>
[main] INFO soot.jimple.infoflow.android.SetupApplication$InPlaceInfoflow - - $r2 = virtualinvoke $r1.<android.content.Intent: android.os.Bundle getExtras()>() in method <one.me.android.root.d$a: java.lang.CharSequence a(java.lang.String)>
[main] INFO soot.jimple.infoflow.android.SetupApplication$InPlaceInfoflow - - $r1 = virtualinvoke $r3.<android.content.Context: java.io.File getFilesDir()>() in method <ru.ok.android.onelog.Collector$OneLogFile: java.io.File get()>
[main] INFO soot.jimple.infoflow.android.SetupApplication$InPlaceInfoflow - - $l1 = virtualinvoke $r0.<android.animation.Animator: long getTotalDuration()>() in method <one.me.sdk.richvector.EnhancedProgressAnimatedVectorDrawable$a: long c(android.animation.Animator)>
[main] INFO soot.jimple.infoflow.android.SetupApplication$InPlaceInfoflow - - $r0 = virtualinvoke this.<android.app.Activity: android.content.Intent getIntent()>() in method <ru.ok.messages.photoeditor.ActPhotoEditor: java.lang.Boolean lambda$new$0()>
[main] INFO soot.jimple.infoflow.android.SetupApplication$InPlaceInfoflow - - $r2 = virtualinvoke $r1.<java.lang.Object: java.lang.String toString()>() in method <ru.ok.android.externcalls.sdk.events.SharedAnalyticsEvent: java.lang.String getName()>
[main] INFO soot.jimple.infoflow.android.SetupApplication$InPlaceInfoflow - - $r2 = virtualinvoke $r5.<java.lang.Object: java.lang.String toString()>() in method <zd.e: java.lang.String toString()>
[main] INFO soot.jimple.infoflow.android.SetupApplication$InPlaceInfoflow - - $r0 = virtualinvoke $r1.<java.lang.Object: java.lang.String toString()>() in method <rk0.o$a: java.lang.String a(java.lang.Object)>
[main] INFO soot.jimple.infoflow.android.SetupApplication$InPlaceInfoflow - - $i0 = virtualinvoke $r1.<android.app.ActivityManager: int getLargeMemoryClass()>() in method <one.me.android.OneMeApplication: int getLargeMemoryClass()>
[main] INFO soot.jimple.infoflow.android.SetupApplication$InPlaceInfoflow - - $r0 = virtualinvoke $r1.<android.content.pm.InstallSourceInfo: java.lang.String getInstallingPackageName()>() in method <m80.c: java.lang.String a(android.content.pm.InstallSourceInfo)>
[main] INFO soot.jimple.infoflow.android.SetupApplication$InPlaceInfoflow - - $r1 = virtualinvoke $r0.<android.content.res.Resources: android.util.DisplayMetrics getDisplayMetrics()>() in method <ru.ok.tamtam.shared.p: float o()>
[main] INFO soot.jimple.infoflow.android.SetupApplication$InPlaceInfoflow - - $r1 = virtualinvoke $r0.<android.os.Looper: java.lang.Thread getThread()>() in method <vf.i$b: java.lang.Thread j()>
[main] INFO soot.jimple.infoflow.android.SetupApplication$InPlaceInfoflow - - $r0 = virtualinvoke $r1.<android.content.Context: android.content.SharedPreferences getSharedPreferences(java.lang.String,int)>("one.me.sdk.design.theme", 0) in method <ov.c: android.content.SharedPreferences z(android.content.Context)>
[main] INFO soot.jimple.infoflow.android.SetupApplication$InPlaceInfoflow - - $r2 = virtualinvoke $r1.<android.content.Context: java.lang.Object getSystemService(java.lang.String)>("audio") in method <p20.i: android.media.AudioManager Q0(p20.i)>
[main] INFO soot.jimple.infoflow.android.SetupApplication$InPlaceInfoflow - - $r2 = virtualinvoke $r1.<android.content.Context: java.lang.Object getSystemService(java.lang.String)>("vibrator") in method <one.me.webapp.rootscreen.WebAppRootScreen: android.os.Vibrator d5(one.me.webapp.rootscreen.WebAppRootScreen)>
[main] INFO soot.jimple.infoflow.android.SetupApplication$InPlaceInfoflow - - $r3 = virtualinvoke $r2.<android.content.res.Resources: android.util.DisplayMetrics getDisplayMetrics()>() in method <one.me.sdk.uikit.common.textlayout.TextLayoutManager: android.util.Size p(one.me.sdk.uikit.common.textlayout.TextLayoutManager)>
[main] INFO soot.jimple.infoflow.android.SetupApplication$InPlaceInfoflow - - $r0 = staticinvoke <android.content.res.Resources: android.content.res.Resources getSystem()>() in method <ru.ok.tamtam.shared.p: android.content.res.Resources p()>
[main] INFO soot.jimple.infoflow.android.SetupApplication$InPlaceInfoflow - - $l0 = virtualinvoke $r0.<android.animation.Animator: long getStartDelay()>() in method <one.me.sdk.richvector.EnhancedProgressAnimatedVectorDrawable$a: long c(android.animation.Animator)>
[main] INFO soot.jimple.infoflow.android.SetupApplication$InPlaceInfoflow - - $r2 = virtualinvoke $r1.<java.lang.Object: java.lang.String toString()>() in method <ru.CryptoPro.ssl.ServerSettings: java.lang.String toString()>
[main] INFO soot.jimple.infoflow.android.SetupApplication$InPlaceInfoflow - - $r1 = virtualinvoke $r0.<java.lang.Object: java.lang.String toString()>() in method <u9.w0: java.lang.String toString()>
[main] INFO soot.jimple.infoflow.android.SetupApplication$InPlaceInfoflow - - $r0 = virtualinvoke $r2.<android.content.Context: java.lang.Object getSystemService(java.lang.String)>("audio") in method <one.me.sdk.android.tools.AudioFocusRegulator: android.media.AudioManager f(one.me.sdk.android.tools.AudioFocusRegulator)>
[main] INFO soot.jimple.infoflow.android.SetupApplication$InPlaceInfoflow - - $r0 = virtualinvoke $r2.<android.content.Context: java.lang.Object getSystemService(java.lang.String)>("audio") in method <ru.ok.messages.controllers.AudioController: android.media.AudioManager audioManager_delegate$lambda$0(ru.ok.messages.controllers.AudioController)>
[main] INFO soot.jimple.infoflow.android.SetupApplication$InPlaceInfoflow - - $r0 = virtualinvoke $r2.<android.content.Context: java.lang.Object getSystemService(java.lang.String)>("vibrator") in method <vi.g: android.os.Vibrator K(vi.g)>
[main] INFO soot.jimple.infoflow.android.SetupApplication$InPlaceInfoflow - The sink virtualinvoke $r0.<android.content.Context: void startActivity(android.content.Intent)>($r3) in method <one.me.sdk.android.tools.f: void t(android.content.Context,boolean)> was called with values from the following sources:
[main] INFO soot.jimple.infoflow.android.SetupApplication$InPlaceInfoflow - - $r1 = virtualinvoke $r0.<android.content.Context: java.lang.String getPackageName()>() in method <one.me.sdk.android.tools.f: android.content.Intent c(android.content.Context)>
[main] INFO soot.jimple.infoflow.android.SetupApplication$InPlaceInfoflow - The sink virtualinvoke $r0.<android.content.Context: void startActivity(android.content.Intent)>($r1) in method <one.me.android.calls.a: boolean b(android.content.Context,android.content.Intent,java.lang.String)> was called with values from the following sources:
[main] INFO soot.jimple.infoflow.android.SetupApplication$InPlaceInfoflow - - $r13 = virtualinvoke $r1.<android.content.Intent: android.os.Bundle getExtras()>() in method <one.me.android.calls.a: boolean b(android.content.Context,android.content.Intent,java.lang.String)>
[main] INFO soot.jimple.infoflow.android.SetupApplication$InPlaceInfoflow - The sink virtualinvoke $r13.<android.media.MediaMetadataRetriever: void setDataSource(java.io.FileDescriptor)>($r8) in method <com.facebook.imagepipeline.producers.r0: android.graphics.Bitmap h(android.content.ContentResolver,android.net.Uri)> was called with values from the following sources:
[main] INFO soot.jimple.infoflow.android.SetupApplication$InPlaceInfoflow - - $r8 = virtualinvoke $r7.<android.os.ParcelFileDescriptor: java.io.FileDescriptor getFileDescriptor()>() in method <com.facebook.imagepipeline.producers.r0: android.graphics.Bitmap h(android.content.ContentResolver,android.net.Uri)>
[main] INFO soot.jimple.infoflow.android.SetupApplication$InPlaceInfoflow - The sink virtualinvoke $r0.<android.content.Context: void startActivity(android.content.Intent)>($r1) in method <one.me.android.calls.a: boolean b(android.content.Context,android.content.Intent,java.lang.String)> was called with values from the following sources:
[main] INFO soot.jimple.infoflow.android.SetupApplication$InPlaceInfoflow - - $r13 = virtualinvoke $r1.<android.content.Intent: android.os.Bundle getExtras()>() in method <one.me.android.calls.a: boolean b(android.content.Context,android.content.Intent,java.lang.String)>
[main] INFO soot.jimple.infoflow.android.SetupApplication$InPlaceInfoflow - The sink staticinvoke <android.util.Log: int w(java.lang.String,java.lang.String)>($r0, $r1) in method <com.facebook.soloader.m: void g(java.lang.String,java.lang.String)> was called with values from the following sources:
[main] INFO soot.jimple.infoflow.android.SetupApplication$InPlaceInfoflow - - $r0 = virtualinvoke $r1.<android.content.Context: android.content.pm.ApplicationInfo getApplicationInfo()>() in method <p7.d: void <init>(android.content.Context)>
[main] INFO soot.jimple.infoflow.android.SetupApplication$InPlaceInfoflow - - $r3 = virtualinvoke $r7.<android.content.Context: android.content.pm.ApplicationInfo getApplicationInfo()>() in method <com.facebook.soloader.SoLoader: void p(android.content.Context,com.facebook.soloader.s)>
[main] INFO soot.jimple.infoflow.android.SetupApplication$InPlaceInfoflow - - $r3 = virtualinvoke $r2.<android.content.Context: android.content.pm.ApplicationInfo getApplicationInfo()>() in method <p7.b: boolean a(java.lang.UnsatisfiedLinkError,com.facebook.soloader.z[])>
[main] INFO soot.jimple.infoflow.android.SetupApplication$InPlaceInfoflow - - $r0 = virtualinvoke $r1.<android.content.Context: android.content.pm.ApplicationInfo getApplicationInfo()>() in method <p7.e: java.lang.String c()>
[main] INFO soot.jimple.infoflow.android.SetupApplication$InPlaceInfoflow - The sink staticinvoke <android.util.Log: int v(java.lang.String,java.lang.String)>($r0, $r1) in method <com.facebook.soloader.m: void f(java.lang.String,java.lang.String)> was called with values from the following sources:
[main] INFO soot.jimple.infoflow.android.SetupApplication$InPlaceInfoflow - - $r0 = virtualinvoke $r2.<android.os.HandlerThread: android.os.Looper getLooper()>() in method <ru.ok.android.externcalls.analytics.internal.event.EventQueueCollector$LooperProvider: android.os.Looper get()>
[main] INFO soot.jimple.infoflow.android.SetupApplication$InPlaceInfoflow - - $r0 = virtualinvoke $r1.<android.content.Context: java.io.File getExternalCacheDir()>() in method <ru.ok.messages.utils.f: java.lang.Object invoke()>
[main] INFO soot.jimple.infoflow.android.SetupApplication$InPlaceInfoflow - - $r2 = virtualinvoke $r1.<android.content.Context: java.lang.Object getSystemService(java.lang.String)>("audio") in method <one.me.sdk.messagewrite.recordcontrols.f: android.media.AudioManager N0(one.me.sdk.messagewrite.recordcontrols.f)>
[main] INFO soot.jimple.infoflow.android.SetupApplication$InPlaceInfoflow - - $r0 = virtualinvoke $r2.<android.content.Context: java.lang.Object getSystemService(java.lang.String)>("audio") in method <vi.g: android.media.AudioManager g(vi.g)>
[main] INFO soot.jimple.infoflow.android.SetupApplication$InPlaceInfoflow - - $r0 = virtualinvoke $r2.<android.content.Context: android.content.ContentResolver getContentResolver()>() in method <sn0.b: android.content.ContentResolver i(sn0.b)>
[main] INFO soot.jimple.infoflow.android.SetupApplication$InPlaceInfoflow - - $r2 = virtualinvoke $r1.<android.os.HandlerThread: android.os.Looper getLooper()>() in method <x50.y: android.os.Looper p2()>
[main] INFO soot.jimple.infoflow.android.SetupApplication$InPlaceInfoflow - - $r0 = virtualinvoke $r1.<java.lang.Object: java.lang.String toString()>() in method <rk0.j: java.lang.Object apply(java.lang.Object)>
[main] INFO soot.jimple.infoflow.android.SetupApplication$InPlaceInfoflow - - $l1 = virtualinvoke $r0.<android.animation.Animator: long getStartDelay()>() in method <one.me.sdk.richvector.EnhancedProgressAnimatedVectorDrawable$a: long c(android.animation.Animator)>
[main] INFO soot.jimple.infoflow.android.SetupApplication$InPlaceInfoflow - - $r0 = virtualinvoke $r2.<android.content.Context: java.lang.Object getSystemService(java.lang.String)>("notification") in method <ig.e: android.app.NotificationManager k(ig.e)>
[main] INFO soot.jimple.infoflow.android.SetupApplication$InPlaceInfoflow - - $r6 = virtualinvoke $r5.<android.content.res.Configuration: android.os.LocaleList getLocales()>() in method <one.me.android.OneMeApplication: java.lang.String setupLogger$lambda$2(one.me.android.OneMeApplication)>
[main] INFO soot.jimple.infoflow.android.SetupApplication$InPlaceInfoflow - - $r0 = virtualinvoke $r2.<android.content.Context: android.content.SharedPreferences getSharedPreferences(java.lang.String,int)>("no_v.prefs", 0) in method <one.me.sdk.vendor.g: android.content.SharedPreferences m(one.me.sdk.vendor.g)>
[main] INFO soot.jimple.infoflow.android.SetupApplication$InPlaceInfoflow - - $r3 = virtualinvoke $r2.<android.content.Context: android.content.res.Resources getResources()>() in method <rf.g$o2: java.lang.Object b(xq0.a)>
[main] INFO soot.jimple.infoflow.android.SetupApplication$InPlaceInfoflow - - $r0 = virtualinvoke $r1.<android.content.Context: java.lang.Object getSystemService(java.lang.String)>("audio") in method <one.me.audio.message.player.AudioMessagePlayer: android.media.AudioManager audioManager_delegate$lambda$0(android.content.Context)>
[main] INFO soot.jimple.infoflow.android.SetupApplication$InPlaceInfoflow - - $r4 = virtualinvoke $r3.<android.content.res.Resources: android.util.DisplayMetrics getDisplayMetrics()>() in method <one.me.android.OneMeApplication: java.lang.String setupLogger$lambda$2(one.me.android.OneMeApplication)>
[main] INFO soot.jimple.infoflow.android.SetupApplication$InPlaceInfoflow - - $r0 = virtualinvoke $r1.<android.content.Context: java.io.File getCacheDir()>() in method <ru.ok.messages.utils.g: java.lang.Object invoke()>
[main] INFO soot.jimple.infoflow.android.SetupApplication$InPlaceInfoflow - - $r0 = staticinvoke <android.os.Looper: android.os.Looper getMainLooper()>() in method <jf0.c: android.os.Looper d()>
[main] INFO soot.jimple.infoflow.android.SetupApplication$InPlaceInfoflow - - $r2 = virtualinvoke $r1.<android.hardware.SensorManager: android.hardware.Sensor getDefaultSensor(int)>(8) in method <one.me.sdk.android.tools.ProximityHelper: android.hardware.Sensor r(one.me.sdk.android.tools.ProximityHelper)>
[main] INFO soot.jimple.infoflow.android.SetupApplication$InPlaceInfoflow - - $r4 = interfaceinvoke $r0.<android.database.Cursor: byte[] getBlob(int)>(0) in method <ru.ok.android.externcalls.analytics.internal.storage.DatabaseHelper$RecordsQuery: java.lang.String next()>
[main] INFO soot.jimple.infoflow.android.SetupApplication$InPlaceInfoflow - - $l0 = virtualinvoke $r5.<android.animation.ValueAnimator: long getDuration()>() in method <one.me.sdk.richvector.EnhancedProgressAnimatedVectorDrawable$a: long c(android.animation.Animator)>
[main] INFO soot.jimple.infoflow.android.SetupApplication$InPlaceInfoflow - - $r1 = virtualinvoke $r0.<android.media.AudioDeviceInfo: java.lang.CharSequence getProductName()>() in method <ru.ok.android.externcalls.sdk.audio.internal.impl3.CallsAudioManagerV3Impl: java.lang.String androidDeviceToString(android.media.AudioDeviceInfo)>
[main] INFO soot.jimple.infoflow.android.SetupApplication$InPlaceInfoflow - - $r3 = virtualinvoke $r1.<java.lang.Object: java.lang.String toString()>() in method <eh0.g1$c: java.lang.CharSequence a(java.lang.Object)>
[main] INFO soot.jimple.infoflow.android.SetupApplication$InPlaceInfoflow - - $r2 = virtualinvoke $r0.<java.lang.Object: java.lang.String toString()>() in method <gk0.c: java.lang.String g(java.lang.Object,boolean,boolean)>
[main] INFO soot.jimple.infoflow.android.SetupApplication$InPlaceInfoflow - - $l2 = virtualinvoke $r0.<android.animation.Animator: long getTotalDuration()>() in method <one.me.sdk.richvector.EnhancedProgressAnimatedVectorDrawable$a: long c(android.animation.Animator)>
[main] INFO soot.jimple.infoflow.android.SetupApplication$InPlaceInfoflow - - $r0 = virtualinvoke $r1.<java.lang.Object: java.lang.String toString()>() in method <rk0.g: java.lang.Object invoke(java.lang.Object)>
[main] INFO soot.jimple.infoflow.android.SetupApplication$InPlaceInfoflow - - $r0 = virtualinvoke $r2.<android.content.Context: android.content.SharedPreferences getSharedPreferences(java.lang.String,int)>("permissions_prefs", 0) in method <one.me.sdk.permissions.m: android.content.SharedPreferences f(one.me.sdk.permissions.m)>
[main] INFO soot.jimple.infoflow.android.SetupApplication$InPlaceInfoflow - - $r2 = virtualinvoke $r0.<java.lang.Object: java.lang.String toString()>() in method <one.me.sdk.concurrent.LinkedTransferQueue34: java.lang.String toString()>
[main] INFO soot.jimple.infoflow.android.SetupApplication$InPlaceInfoflow - - $z0 = virtualinvoke $r2.<android.view.inputmethod.InputMethodManager: boolean isActive()>() in method <one.me.sdk.codeinput.ConfirmSmsInputView: boolean isKeyboardOpen$lambda$0(android.content.Context)>
[main] INFO soot.jimple.infoflow.android.SetupApplication$InPlaceInfoflow - - $r2 = virtualinvoke $r1.<android.content.Intent: android.os.Bundle getExtras()>() in method <one.me.android.root.d$a: java.lang.CharSequence a(java.lang.String)>
[main] INFO soot.jimple.infoflow.android.SetupApplication$InPlaceInfoflow - - $l1 = virtualinvoke $r0.<android.animation.Animator: long getTotalDuration()>() in method <one.me.sdk.richvector.EnhancedProgressAnimatedVectorDrawable$a: long c(android.animation.Animator)>
[main] INFO soot.jimple.infoflow.android.SetupApplication$InPlaceInfoflow - - $r0 = virtualinvoke this.<android.app.Activity: android.content.Intent getIntent()>() in method <ru.ok.messages.photoeditor.ActPhotoEditor: java.lang.Boolean lambda$new$0()>
[main] INFO soot.jimple.infoflow.android.SetupApplication$InPlaceInfoflow - - $r2 = virtualinvoke $r1.<java.lang.Object: java.lang.String toString()>() in method <ru.ok.android.externcalls.sdk.events.SharedAnalyticsEvent: java.lang.String getName()>
[main] INFO soot.jimple.infoflow.android.SetupApplication$InPlaceInfoflow - - $r2 = virtualinvoke $r5.<java.lang.Object: java.lang.String toString()>() in method <zd.e: java.lang.String toString()>
[main] INFO soot.jimple.infoflow.android.SetupApplication$InPlaceInfoflow - - $r0 = virtualinvoke $r1.<java.lang.Object: java.lang.String toString()>() in method <rk0.o$a: java.lang.String a(java.lang.Object)>
[main] INFO soot.jimple.infoflow.android.SetupApplication$InPlaceInfoflow - - $i0 = virtualinvoke $r1.<android.app.ActivityManager: int getLargeMemoryClass()>() in method <one.me.android.OneMeApplication: int getLargeMemoryClass()>
[main] INFO soot.jimple.infoflow.android.SetupApplication$InPlaceInfoflow - - $r0 = virtualinvoke $r1.<android.content.pm.InstallSourceInfo: java.lang.String getInstallingPackageName()>() in method <m80.c: java.lang.String a(android.content.pm.InstallSourceInfo)>
[main] INFO soot.jimple.infoflow.android.SetupApplication$InPlaceInfoflow - - $r1 = virtualinvoke $r0.<android.content.res.Resources: android.util.DisplayMetrics getDisplayMetrics()>() in method <ru.ok.tamtam.shared.p: float o()>
[main] INFO soot.jimple.infoflow.android.SetupApplication$InPlaceInfoflow - - $r1 = virtualinvoke $r0.<android.os.Looper: java.lang.Thread getThread()>() in method <vf.i$b: java.lang.Thread j()>
[main] INFO soot.jimple.infoflow.android.SetupApplication$InPlaceInfoflow - - $r0 = virtualinvoke $r1.<android.content.Context: android.content.SharedPreferences getSharedPreferences(java.lang.String,int)>("one.me.sdk.design.theme", 0) in method <ov.c: android.content.SharedPreferences z(android.content.Context)>
[main] INFO soot.jimple.infoflow.android.SetupApplication$InPlaceInfoflow - - $r2 = virtualinvoke $r1.<android.content.Context: java.lang.Object getSystemService(java.lang.String)>("audio") in method <p20.i: android.media.AudioManager Q0(p20.i)>
[main] INFO soot.jimple.infoflow.android.SetupApplication$InPlaceInfoflow - - $r2 = virtualinvoke $r1.<android.content.Context: java.lang.Object getSystemService(java.lang.String)>("vibrator") in method <one.me.webapp.rootscreen.WebAppRootScreen: android.os.Vibrator d5(one.me.webapp.rootscreen.WebAppRootScreen)>
[main] INFO soot.jimple.infoflow.android.SetupApplication$InPlaceInfoflow - - $r3 = virtualinvoke $r2.<android.content.res.Resources: android.util.DisplayMetrics getDisplayMetrics()>() in method <one.me.sdk.uikit.common.textlayout.TextLayoutManager: android.util.Size p(one.me.sdk.uikit.common.textlayout.TextLayoutManager)>
[main] INFO soot.jimple.infoflow.android.SetupApplication$InPlaceInfoflow - - $r0 = staticinvoke <android.content.res.Resources: android.content.res.Resources getSystem()>() in method <ru.ok.tamtam.shared.p: android.content.res.Resources p()>
[main] INFO soot.jimple.infoflow.android.SetupApplication$InPlaceInfoflow - - $l0 = virtualinvoke $r0.<android.animation.Animator: long getStartDelay()>() in method <one.me.sdk.richvector.EnhancedProgressAnimatedVectorDrawable$a: long c(android.animation.Animator)>
[main] INFO soot.jimple.infoflow.android.SetupApplication$InPlaceInfoflow - - $r2 = virtualinvoke $r1.<java.lang.Object: java.lang.String toString()>() in method <ru.CryptoPro.ssl.ServerSettings: java.lang.String toString()>
[main] INFO soot.jimple.infoflow.android.SetupApplication$InPlaceInfoflow - - $r1 = virtualinvoke $r0.<java.lang.Object: java.lang.String toString()>() in method <u9.w0: java.lang.String toString()>
[main] INFO soot.jimple.infoflow.android.SetupApplication$InPlaceInfoflow - - $r0 = virtualinvoke $r2.<android.content.Context: java.lang.Object getSystemService(java.lang.String)>("audio") in method <ru.ok.messages.controllers.AudioController: android.media.AudioManager audioManager_delegate$lambda$0(ru.ok.messages.controllers.AudioController)>
[main] INFO soot.jimple.infoflow.android.SetupApplication$InPlaceInfoflow - - $r0 = virtualinvoke $r2.<android.content.Context: java.lang.Object getSystemService(java.lang.String)>("audio") in method <one.me.sdk.android.tools.AudioFocusRegulator: android.media.AudioManager f(one.me.sdk.android.tools.AudioFocusRegulator)>
[main] INFO soot.jimple.infoflow.android.SetupApplication$InPlaceInfoflow - - $r0 = virtualinvoke $r2.<android.content.Context: java.lang.Object getSystemService(java.lang.String)>("vibrator") in method <vi.g: android.os.Vibrator K(vi.g)>
[main] INFO soot.jimple.infoflow.android.SetupApplication$InPlaceInfoflow - The sink virtualinvoke $r2.<android.content.Context: void startActivity(android.content.Intent)>($r3) in method <one.me.calls.impl.service.f: void d(di.a,boolean)> was called with values from the following sources:
[main] INFO soot.jimple.infoflow.android.SetupApplication$InPlaceInfoflow - - $r0 = virtualinvoke $r2.<android.os.HandlerThread: android.os.Looper getLooper()>() in method <ru.ok.android.externcalls.analytics.internal.event.EventQueueCollector$LooperProvider: android.os.Looper get()>
[main] INFO soot.jimple.infoflow.android.SetupApplication$InPlaceInfoflow - - $r0 = virtualinvoke $r1.<android.content.Context: java.io.File getExternalCacheDir()>() in method <ru.ok.messages.utils.f: java.lang.Object invoke()>
[main] INFO soot.jimple.infoflow.android.SetupApplication$InPlaceInfoflow - - $r2 = virtualinvoke $r1.<android.content.Context: java.lang.Object getSystemService(java.lang.String)>("audio") in method <one.me.sdk.messagewrite.recordcontrols.f: android.media.AudioManager N0(one.me.sdk.messagewrite.recordcontrols.f)>
[main] INFO soot.jimple.infoflow.android.SetupApplication$InPlaceInfoflow - - $r0 = virtualinvoke $r2.<android.content.Context: java.lang.Object getSystemService(java.lang.String)>("audio") in method <vi.g: android.media.AudioManager g(vi.g)>
[main] INFO soot.jimple.infoflow.android.SetupApplication$InPlaceInfoflow - - $r0 = virtualinvoke $r2.<android.content.Context: android.content.ContentResolver getContentResolver()>() in method <sn0.b: android.content.ContentResolver i(sn0.b)>
[main] INFO soot.jimple.infoflow.android.SetupApplication$InPlaceInfoflow - - $r2 = virtualinvoke $r1.<android.os.HandlerThread: android.os.Looper getLooper()>() in method <x50.y: android.os.Looper p2()>
[main] INFO soot.jimple.infoflow.android.SetupApplication$InPlaceInfoflow - - $r0 = virtualinvoke $r1.<java.lang.Object: java.lang.String toString()>() in method <rk0.j: java.lang.Object apply(java.lang.Object)>
[main] INFO soot.jimple.infoflow.android.SetupApplication$InPlaceInfoflow - - $l1 = virtualinvoke $r0.<android.animation.Animator: long getStartDelay()>() in method <one.me.sdk.richvector.EnhancedProgressAnimatedVectorDrawable$a: long c(android.animation.Animator)>
[main] INFO soot.jimple.infoflow.android.SetupApplication$InPlaceInfoflow - - $r0 = virtualinvoke $r2.<android.content.Context: java.lang.Object getSystemService(java.lang.String)>("notification") in method <ig.e: android.app.NotificationManager k(ig.e)>
[main] INFO soot.jimple.infoflow.android.SetupApplication$InPlaceInfoflow - - $r6 = virtualinvoke $r5.<android.content.res.Configuration: android.os.LocaleList getLocales()>() in method <one.me.android.OneMeApplication: java.lang.String setupLogger$lambda$2(one.me.android.OneMeApplication)>
[main] INFO soot.jimple.infoflow.android.SetupApplication$InPlaceInfoflow - - $r0 = virtualinvoke $r2.<android.content.Context: android.content.SharedPreferences getSharedPreferences(java.lang.String,int)>("no_v.prefs", 0) in method <one.me.sdk.vendor.g: android.content.SharedPreferences m(one.me.sdk.vendor.g)>
[main] INFO soot.jimple.infoflow.android.SetupApplication$InPlaceInfoflow - - $r3 = virtualinvoke $r2.<android.content.Context: android.content.res.Resources getResources()>() in method <rf.g$o2: java.lang.Object b(xq0.a)>
[main] INFO soot.jimple.infoflow.android.SetupApplication$InPlaceInfoflow - - $r0 = virtualinvoke $r1.<android.content.Context: java.lang.Object getSystemService(java.lang.String)>("audio") in method <one.me.audio.message.player.AudioMessagePlayer: android.media.AudioManager audioManager_delegate$lambda$0(android.content.Context)>
[main] INFO soot.jimple.infoflow.android.SetupApplication$InPlaceInfoflow - - $r4 = virtualinvoke $r3.<android.content.res.Resources: android.util.DisplayMetrics getDisplayMetrics()>() in method <one.me.android.OneMeApplication: java.lang.String setupLogger$lambda$2(one.me.android.OneMeApplication)>
[main] INFO soot.jimple.infoflow.android.SetupApplication$InPlaceInfoflow - - $r0 = virtualinvoke $r1.<android.content.Context: java.io.File getCacheDir()>() in method <ru.ok.messages.utils.g: java.lang.Object invoke()>
[main] INFO soot.jimple.infoflow.android.SetupApplication$InPlaceInfoflow - - $r0 = staticinvoke <android.os.Looper: android.os.Looper getMainLooper()>() in method <jf0.c: android.os.Looper d()>
[main] INFO soot.jimple.infoflow.android.SetupApplication$InPlaceInfoflow - - $r2 = virtualinvoke $r1.<android.hardware.SensorManager: android.hardware.Sensor getDefaultSensor(int)>(8) in method <one.me.sdk.android.tools.ProximityHelper: android.hardware.Sensor r(one.me.sdk.android.tools.ProximityHelper)>
[main] INFO soot.jimple.infoflow.android.SetupApplication$InPlaceInfoflow - - $r4 = interfaceinvoke $r0.<android.database.Cursor: byte[] getBlob(int)>(0) in method <ru.ok.android.externcalls.analytics.internal.storage.DatabaseHelper$RecordsQuery: java.lang.String next()>
[main] INFO soot.jimple.infoflow.android.SetupApplication$InPlaceInfoflow - - $l0 = virtualinvoke $r5.<android.animation.ValueAnimator: long getDuration()>() in method <one.me.sdk.richvector.EnhancedProgressAnimatedVectorDrawable$a: long c(android.animation.Animator)>
[main] INFO soot.jimple.infoflow.android.SetupApplication$InPlaceInfoflow - - $r1 = virtualinvoke $r0.<android.media.AudioDeviceInfo: java.lang.CharSequence getProductName()>() in method <ru.ok.android.externcalls.sdk.audio.internal.impl3.CallsAudioManagerV3Impl: java.lang.String androidDeviceToString(android.media.AudioDeviceInfo)>
[main] INFO soot.jimple.infoflow.android.SetupApplication$InPlaceInfoflow - - $r3 = virtualinvoke $r1.<java.lang.Object: java.lang.String toString()>() in method <eh0.g1$c: java.lang.CharSequence a(java.lang.Object)>
[main] INFO soot.jimple.infoflow.android.SetupApplication$InPlaceInfoflow - - $r2 = virtualinvoke $r0.<java.lang.Object: java.lang.String toString()>() in method <gk0.c: java.lang.String g(java.lang.Object,boolean,boolean)>
[main] INFO soot.jimple.infoflow.android.SetupApplication$InPlaceInfoflow - - $l2 = virtualinvoke $r0.<android.animation.Animator: long getTotalDuration()>() in method <one.me.sdk.richvector.EnhancedProgressAnimatedVectorDrawable$a: long c(android.animation.Animator)>
[main] INFO soot.jimple.infoflow.android.SetupApplication$InPlaceInfoflow - - $r0 = virtualinvoke $r2.<android.content.Context: android.content.SharedPreferences getSharedPreferences(java.lang.String,int)>("permissions_prefs", 0) in method <one.me.sdk.permissions.m: android.content.SharedPreferences f(one.me.sdk.permissions.m)>
[main] INFO soot.jimple.infoflow.android.SetupApplication$InPlaceInfoflow - - $r0 = virtualinvoke $r1.<java.lang.Object: java.lang.String toString()>() in method <rk0.g: java.lang.Object invoke(java.lang.Object)>
[main] INFO soot.jimple.infoflow.android.SetupApplication$InPlaceInfoflow - - $r2 = virtualinvoke $r0.<java.lang.Object: java.lang.String toString()>() in method <one.me.sdk.concurrent.LinkedTransferQueue34: java.lang.String toString()>
[main] INFO soot.jimple.infoflow.android.SetupApplication$InPlaceInfoflow - - $z0 = virtualinvoke $r2.<android.view.inputmethod.InputMethodManager: boolean isActive()>() in method <one.me.sdk.codeinput.ConfirmSmsInputView: boolean isKeyboardOpen$lambda$0(android.content.Context)>
[main] INFO soot.jimple.infoflow.android.SetupApplication$InPlaceInfoflow - - $r2 = virtualinvoke $r1.<android.content.Intent: android.os.Bundle getExtras()>() in method <one.me.android.root.d$a: java.lang.CharSequence a(java.lang.String)>
[main] INFO soot.jimple.infoflow.android.SetupApplication$InPlaceInfoflow - - $l1 = virtualinvoke $r0.<android.animation.Animator: long getTotalDuration()>() in method <one.me.sdk.richvector.EnhancedProgressAnimatedVectorDrawable$a: long c(android.animation.Animator)>
[main] INFO soot.jimple.infoflow.android.SetupApplication$InPlaceInfoflow - - $r0 = virtualinvoke this.<android.app.Activity: android.content.Intent getIntent()>() in method <ru.ok.messages.photoeditor.ActPhotoEditor: java.lang.Boolean lambda$new$0()>
[main] INFO soot.jimple.infoflow.android.SetupApplication$InPlaceInfoflow - - $r2 = virtualinvoke $r1.<java.lang.Object: java.lang.String toString()>() in method <ru.ok.android.externcalls.sdk.events.SharedAnalyticsEvent: java.lang.String getName()>
[main] INFO soot.jimple.infoflow.android.SetupApplication$InPlaceInfoflow - - $r2 = virtualinvoke $r5.<java.lang.Object: java.lang.String toString()>() in method <zd.e: java.lang.String toString()>
[main] INFO soot.jimple.infoflow.android.SetupApplication$InPlaceInfoflow - - $r0 = virtualinvoke $r1.<java.lang.Object: java.lang.String toString()>() in method <rk0.o$a: java.lang.String a(java.lang.Object)>
[main] INFO soot.jimple.infoflow.android.SetupApplication$InPlaceInfoflow - - $i0 = virtualinvoke $r1.<android.app.ActivityManager: int getLargeMemoryClass()>() in method <one.me.android.OneMeApplication: int getLargeMemoryClass()>
[main] INFO soot.jimple.infoflow.android.SetupApplication$InPlaceInfoflow - - $r0 = virtualinvoke $r1.<android.content.pm.InstallSourceInfo: java.lang.String getInstallingPackageName()>() in method <m80.c: java.lang.String a(android.content.pm.InstallSourceInfo)>
[main] INFO soot.jimple.infoflow.android.SetupApplication$InPlaceInfoflow - - $r1 = virtualinvoke $r0.<android.content.res.Resources: android.util.DisplayMetrics getDisplayMetrics()>() in method <ru.ok.tamtam.shared.p: float o()>
[main] INFO soot.jimple.infoflow.android.SetupApplication$InPlaceInfoflow - - $r1 = virtualinvoke $r0.<android.os.Looper: java.lang.Thread getThread()>() in method <vf.i$b: java.lang.Thread j()>
[main] INFO soot.jimple.infoflow.android.SetupApplication$InPlaceInfoflow - - $r0 = virtualinvoke $r1.<android.content.Context: android.content.SharedPreferences getSharedPreferences(java.lang.String,int)>("one.me.sdk.design.theme", 0) in method <ov.c: android.content.SharedPreferences z(android.content.Context)>
[main] INFO soot.jimple.infoflow.android.SetupApplication$InPlaceInfoflow - - $r2 = virtualinvoke $r1.<android.content.Context: java.lang.Object getSystemService(java.lang.String)>("audio") in method <p20.i: android.media.AudioManager Q0(p20.i)>
[main] INFO soot.jimple.infoflow.android.SetupApplication$InPlaceInfoflow - - $r2 = virtualinvoke $r1.<android.content.Context: java.lang.Object getSystemService(java.lang.String)>("vibrator") in method <one.me.webapp.rootscreen.WebAppRootScreen: android.os.Vibrator d5(one.me.webapp.rootscreen.WebAppRootScreen)>
[main] INFO soot.jimple.infoflow.android.SetupApplication$InPlaceInfoflow - - $r3 = virtualinvoke $r2.<android.content.res.Resources: android.util.DisplayMetrics getDisplayMetrics()>() in method <one.me.sdk.uikit.common.textlayout.TextLayoutManager: android.util.Size p(one.me.sdk.uikit.common.textlayout.TextLayoutManager)>
[main] INFO soot.jimple.infoflow.android.SetupApplication$InPlaceInfoflow - - $r0 = staticinvoke <android.content.res.Resources: android.content.res.Resources getSystem()>() in method <ru.ok.tamtam.shared.p: android.content.res.Resources p()>
[main] INFO soot.jimple.infoflow.android.SetupApplication$InPlaceInfoflow - - $l0 = virtualinvoke $r0.<android.animation.Animator: long getStartDelay()>() in method <one.me.sdk.richvector.EnhancedProgressAnimatedVectorDrawable$a: long c(android.animation.Animator)>
[main] INFO soot.jimple.infoflow.android.SetupApplication$InPlaceInfoflow - - $r2 = virtualinvoke $r1.<java.lang.Object: java.lang.String toString()>() in method <ru.CryptoPro.ssl.ServerSettings: java.lang.String toString()>
[main] INFO soot.jimple.infoflow.android.SetupApplication$InPlaceInfoflow - - $r1 = virtualinvoke $r0.<java.lang.Object: java.lang.String toString()>() in method <u9.w0: java.lang.String toString()>
[main] INFO soot.jimple.infoflow.android.SetupApplication$InPlaceInfoflow - - $r0 = virtualinvoke $r2.<android.content.Context: java.lang.Object getSystemService(java.lang.String)>("audio") in method <ru.ok.messages.controllers.AudioController: android.media.AudioManager audioManager_delegate$lambda$0(ru.ok.messages.controllers.AudioController)>
[main] INFO soot.jimple.infoflow.android.SetupApplication$InPlaceInfoflow - - $r0 = virtualinvoke $r2.<android.content.Context: java.lang.Object getSystemService(java.lang.String)>("audio") in method <one.me.sdk.android.tools.AudioFocusRegulator: android.media.AudioManager f(one.me.sdk.android.tools.AudioFocusRegulator)>
[main] INFO soot.jimple.infoflow.android.SetupApplication$InPlaceInfoflow - - $r0 = virtualinvoke $r2.<android.content.Context: java.lang.Object getSystemService(java.lang.String)>("vibrator") in method <vi.g: android.os.Vibrator K(vi.g)>
[main] INFO soot.jimple.infoflow.android.SetupApplication$InPlaceInfoflow - The sink staticinvoke <android.util.Log: int d(java.lang.String,java.lang.String)>($r0, $r1) in method <com.facebook.soloader.m: void a(java.lang.String,java.lang.String)> was called with values from the following sources:
[main] INFO soot.jimple.infoflow.android.SetupApplication$InPlaceInfoflow - - $r0 = virtualinvoke $r2.<android.os.HandlerThread: android.os.Looper getLooper()>() in method <ru.ok.android.externcalls.analytics.internal.event.EventQueueCollector$LooperProvider: android.os.Looper get()>
[main] INFO soot.jimple.infoflow.android.SetupApplication$InPlaceInfoflow - - $r0 = virtualinvoke $r1.<android.content.Context: java.io.File getExternalCacheDir()>() in method <ru.ok.messages.utils.f: java.lang.Object invoke()>
[main] INFO soot.jimple.infoflow.android.SetupApplication$InPlaceInfoflow - - $r5 = virtualinvoke $r0.<android.content.Context: android.content.pm.ApplicationInfo getApplicationInfo()>() in method <com.facebook.soloader.SoLoader: void b(android.content.Context,java.util.ArrayList,int)>
[main] INFO soot.jimple.infoflow.android.SetupApplication$InPlaceInfoflow - - $r2 = virtualinvoke $r1.<android.content.Context: java.lang.Object getSystemService(java.lang.String)>("audio") in method <one.me.sdk.messagewrite.recordcontrols.f: android.media.AudioManager N0(one.me.sdk.messagewrite.recordcontrols.f)>
[main] INFO soot.jimple.infoflow.android.SetupApplication$InPlaceInfoflow - - $r0 = virtualinvoke $r2.<android.content.Context: java.lang.Object getSystemService(java.lang.String)>("audio") in method <vi.g: android.media.AudioManager g(vi.g)>
[main] INFO soot.jimple.infoflow.android.SetupApplication$InPlaceInfoflow - - $r2 = virtualinvoke $r1.<android.os.HandlerThread: android.os.Looper getLooper()>() in method <x50.y: android.os.Looper p2()>
[main] INFO soot.jimple.infoflow.android.SetupApplication$InPlaceInfoflow - - $r0 = virtualinvoke $r2.<android.content.Context: android.content.ContentResolver getContentResolver()>() in method <sn0.b: android.content.ContentResolver i(sn0.b)>
[main] INFO soot.jimple.infoflow.android.SetupApplication$InPlaceInfoflow - - $r0 = virtualinvoke $r1.<java.lang.Object: java.lang.String toString()>() in method <rk0.j: java.lang.Object apply(java.lang.Object)>
[main] INFO soot.jimple.infoflow.android.SetupApplication$InPlaceInfoflow - - $l1 = virtualinvoke $r0.<android.animation.Animator: long getStartDelay()>() in method <one.me.sdk.richvector.EnhancedProgressAnimatedVectorDrawable$a: long c(android.animation.Animator)>
[main] INFO soot.jimple.infoflow.android.SetupApplication$InPlaceInfoflow - - $r0 = virtualinvoke $r2.<android.content.Context: java.lang.Object getSystemService(java.lang.String)>("notification") in method <ig.e: android.app.NotificationManager k(ig.e)>
[main] INFO soot.jimple.infoflow.android.SetupApplication$InPlaceInfoflow - - $r6 = virtualinvoke $r5.<android.content.res.Configuration: android.os.LocaleList getLocales()>() in method <one.me.android.OneMeApplication: java.lang.String setupLogger$lambda$2(one.me.android.OneMeApplication)>
[main] INFO soot.jimple.infoflow.android.SetupApplication$InPlaceInfoflow - - $r0 = virtualinvoke $r2.<android.content.Context: android.content.SharedPreferences getSharedPreferences(java.lang.String,int)>("no_v.prefs", 0) in method <one.me.sdk.vendor.g: android.content.SharedPreferences m(one.me.sdk.vendor.g)>
[main] INFO soot.jimple.infoflow.android.SetupApplication$InPlaceInfoflow - - $r3 = virtualinvoke $r2.<android.content.Context: android.content.res.Resources getResources()>() in method <rf.g$o2: java.lang.Object b(xq0.a)>
[main] INFO soot.jimple.infoflow.android.SetupApplication$InPlaceInfoflow - - $r0 = virtualinvoke $r1.<android.content.Context: java.lang.Object getSystemService(java.lang.String)>("audio") in method <one.me.audio.message.player.AudioMessagePlayer: android.media.AudioManager audioManager_delegate$lambda$0(android.content.Context)>
[main] INFO soot.jimple.infoflow.android.SetupApplication$InPlaceInfoflow - - $r4 = virtualinvoke $r3.<android.content.res.Resources: android.util.DisplayMetrics getDisplayMetrics()>() in method <one.me.android.OneMeApplication: java.lang.String setupLogger$lambda$2(one.me.android.OneMeApplication)>
[main] INFO soot.jimple.infoflow.android.SetupApplication$InPlaceInfoflow - - $r0 = virtualinvoke $r1.<android.content.Context: java.io.File getCacheDir()>() in method <ru.ok.messages.utils.g: java.lang.Object invoke()>
[main] INFO soot.jimple.infoflow.android.SetupApplication$InPlaceInfoflow - - $r0 = staticinvoke <android.os.Looper: android.os.Looper getMainLooper()>() in method <jf0.c: android.os.Looper d()>
[main] INFO soot.jimple.infoflow.android.SetupApplication$InPlaceInfoflow - - $r2 = virtualinvoke $r1.<android.hardware.SensorManager: android.hardware.Sensor getDefaultSensor(int)>(8) in method <one.me.sdk.android.tools.ProximityHelper: android.hardware.Sensor r(one.me.sdk.android.tools.ProximityHelper)>
[main] INFO soot.jimple.infoflow.android.SetupApplication$InPlaceInfoflow - - $r4 = interfaceinvoke $r0.<android.database.Cursor: byte[] getBlob(int)>(0) in method <ru.ok.android.externcalls.analytics.internal.storage.DatabaseHelper$RecordsQuery: java.lang.String next()>
[main] INFO soot.jimple.infoflow.android.SetupApplication$InPlaceInfoflow - - $l0 = virtualinvoke $r5.<android.animation.ValueAnimator: long getDuration()>() in method <one.me.sdk.richvector.EnhancedProgressAnimatedVectorDrawable$a: long c(android.animation.Animator)>
[main] INFO soot.jimple.infoflow.android.SetupApplication$InPlaceInfoflow - - $r1 = virtualinvoke $r0.<android.media.AudioDeviceInfo: java.lang.CharSequence getProductName()>() in method <ru.ok.android.externcalls.sdk.audio.internal.impl3.CallsAudioManagerV3Impl: java.lang.String androidDeviceToString(android.media.AudioDeviceInfo)>
[main] INFO soot.jimple.infoflow.android.SetupApplication$InPlaceInfoflow - - $r3 = virtualinvoke $r1.<java.lang.Object: java.lang.String toString()>() in method <eh0.g1$c: java.lang.CharSequence a(java.lang.Object)>
[main] INFO soot.jimple.infoflow.android.SetupApplication$InPlaceInfoflow - - $r2 = virtualinvoke $r0.<java.lang.Object: java.lang.String toString()>() in method <gk0.c: java.lang.String g(java.lang.Object,boolean,boolean)>
[main] INFO soot.jimple.infoflow.android.SetupApplication$InPlaceInfoflow - - $l2 = virtualinvoke $r0.<android.animation.Animator: long getTotalDuration()>() in method <one.me.sdk.richvector.EnhancedProgressAnimatedVectorDrawable$a: long c(android.animation.Animator)>
[main] INFO soot.jimple.infoflow.android.SetupApplication$InPlaceInfoflow - - $r0 = virtualinvoke $r1.<java.lang.Object: java.lang.String toString()>() in method <rk0.g: java.lang.Object invoke(java.lang.Object)>
[main] INFO soot.jimple.infoflow.android.SetupApplication$InPlaceInfoflow - - $r0 = virtualinvoke $r2.<android.content.Context: android.content.SharedPreferences getSharedPreferences(java.lang.String,int)>("permissions_prefs", 0) in method <one.me.sdk.permissions.m: android.content.SharedPreferences f(one.me.sdk.permissions.m)>
[main] INFO soot.jimple.infoflow.android.SetupApplication$InPlaceInfoflow - - $r2 = virtualinvoke $r0.<java.lang.Object: java.lang.String toString()>() in method <one.me.sdk.concurrent.LinkedTransferQueue34: java.lang.String toString()>
[main] INFO soot.jimple.infoflow.android.SetupApplication$InPlaceInfoflow - - $z0 = virtualinvoke $r2.<android.view.inputmethod.InputMethodManager: boolean isActive()>() in method <one.me.sdk.codeinput.ConfirmSmsInputView: boolean isKeyboardOpen$lambda$0(android.content.Context)>
[main] INFO soot.jimple.infoflow.android.SetupApplication$InPlaceInfoflow - - $r2 = virtualinvoke $r1.<android.content.Intent: android.os.Bundle getExtras()>() in method <one.me.android.root.d$a: java.lang.CharSequence a(java.lang.String)>
[main] INFO soot.jimple.infoflow.android.SetupApplication$InPlaceInfoflow - - $l1 = virtualinvoke $r0.<android.animation.Animator: long getTotalDuration()>() in method <one.me.sdk.richvector.EnhancedProgressAnimatedVectorDrawable$a: long c(android.animation.Animator)>
[main] INFO soot.jimple.infoflow.android.SetupApplication$InPlaceInfoflow - - $r0 = virtualinvoke this.<android.app.Activity: android.content.Intent getIntent()>() in method <ru.ok.messages.photoeditor.ActPhotoEditor: java.lang.Boolean lambda$new$0()>
[main] INFO soot.jimple.infoflow.android.SetupApplication$InPlaceInfoflow - - $r2 = virtualinvoke $r1.<java.lang.Object: java.lang.String toString()>() in method <ru.ok.android.externcalls.sdk.events.SharedAnalyticsEvent: java.lang.String getName()>
[main] INFO soot.jimple.infoflow.android.SetupApplication$InPlaceInfoflow - - $r2 = virtualinvoke $r5.<java.lang.Object: java.lang.String toString()>() in method <zd.e: java.lang.String toString()>
[main] INFO soot.jimple.infoflow.android.SetupApplication$InPlaceInfoflow - - $r0 = virtualinvoke $r1.<java.lang.Object: java.lang.String toString()>() in method <rk0.o$a: java.lang.String a(java.lang.Object)>
[main] INFO soot.jimple.infoflow.android.SetupApplication$InPlaceInfoflow - - $i0 = virtualinvoke $r1.<android.app.ActivityManager: int getLargeMemoryClass()>() in method <one.me.android.OneMeApplication: int getLargeMemoryClass()>
[main] INFO soot.jimple.infoflow.android.SetupApplication$InPlaceInfoflow - - $r0 = virtualinvoke $r1.<android.content.pm.InstallSourceInfo: java.lang.String getInstallingPackageName()>() in method <m80.c: java.lang.String a(android.content.pm.InstallSourceInfo)>
[main] INFO soot.jimple.infoflow.android.SetupApplication$InPlaceInfoflow - - $r1 = virtualinvoke $r0.<android.content.res.Resources: android.util.DisplayMetrics getDisplayMetrics()>() in method <ru.ok.tamtam.shared.p: float o()>
[main] INFO soot.jimple.infoflow.android.SetupApplication$InPlaceInfoflow - - $r1 = virtualinvoke $r0.<android.os.Looper: java.lang.Thread getThread()>() in method <vf.i$b: java.lang.Thread j()>
[main] INFO soot.jimple.infoflow.android.SetupApplication$InPlaceInfoflow - - $r0 = virtualinvoke $r1.<android.content.Context: android.content.SharedPreferences getSharedPreferences(java.lang.String,int)>("one.me.sdk.design.theme", 0) in method <ov.c: android.content.SharedPreferences z(android.content.Context)>
[main] INFO soot.jimple.infoflow.android.SetupApplication$InPlaceInfoflow - - $r2 = virtualinvoke $r1.<android.content.Context: java.lang.Object getSystemService(java.lang.String)>("audio") in method <p20.i: android.media.AudioManager Q0(p20.i)>
[main] INFO soot.jimple.infoflow.android.SetupApplication$InPlaceInfoflow - - $r1 = virtualinvoke $r0.<android.content.Context: android.content.pm.ApplicationInfo getApplicationInfo()>() in method <com.facebook.soloader.SoLoader: int i(android.content.Context)>
[main] INFO soot.jimple.infoflow.android.SetupApplication$InPlaceInfoflow - - $r2 = virtualinvoke $r1.<android.content.Context: java.lang.Object getSystemService(java.lang.String)>("vibrator") in method <one.me.webapp.rootscreen.WebAppRootScreen: android.os.Vibrator d5(one.me.webapp.rootscreen.WebAppRootScreen)>
[main] INFO soot.jimple.infoflow.android.SetupApplication$InPlaceInfoflow - - $r3 = virtualinvoke $r2.<android.content.res.Resources: android.util.DisplayMetrics getDisplayMetrics()>() in method <one.me.sdk.uikit.common.textlayout.TextLayoutManager: android.util.Size p(one.me.sdk.uikit.common.textlayout.TextLayoutManager)>
[main] INFO soot.jimple.infoflow.android.SetupApplication$InPlaceInfoflow - - $r0 = staticinvoke <android.content.res.Resources: android.content.res.Resources getSystem()>() in method <ru.ok.tamtam.shared.p: android.content.res.Resources p()>
[main] INFO soot.jimple.infoflow.android.SetupApplication$InPlaceInfoflow - - $l0 = virtualinvoke $r0.<android.animation.Animator: long getStartDelay()>() in method <one.me.sdk.richvector.EnhancedProgressAnimatedVectorDrawable$a: long c(android.animation.Animator)>
[main] INFO soot.jimple.infoflow.android.SetupApplication$InPlaceInfoflow - - $r2 = virtualinvoke $r1.<java.lang.Object: java.lang.String toString()>() in method <ru.CryptoPro.ssl.ServerSettings: java.lang.String toString()>
[main] INFO soot.jimple.infoflow.android.SetupApplication$InPlaceInfoflow - - $r2 = virtualinvoke $r0.<android.content.Context: android.content.pm.ApplicationInfo getApplicationInfo()>() in method <com.facebook.soloader.SoLoader: void c(android.content.Context,int,java.util.ArrayList)>
[main] INFO soot.jimple.infoflow.android.SetupApplication$InPlaceInfoflow - - $r1 = virtualinvoke $r0.<java.lang.Object: java.lang.String toString()>() in method <u9.w0: java.lang.String toString()>
[main] INFO soot.jimple.infoflow.android.SetupApplication$InPlaceInfoflow - - $r0 = virtualinvoke $r2.<android.content.Context: java.lang.Object getSystemService(java.lang.String)>("audio") in method <one.me.sdk.android.tools.AudioFocusRegulator: android.media.AudioManager f(one.me.sdk.android.tools.AudioFocusRegulator)>
[main] INFO soot.jimple.infoflow.android.SetupApplication$InPlaceInfoflow - - $r0 = virtualinvoke $r2.<android.content.Context: java.lang.Object getSystemService(java.lang.String)>("audio") in method <ru.ok.messages.controllers.AudioController: android.media.AudioManager audioManager_delegate$lambda$0(ru.ok.messages.controllers.AudioController)>
[main] INFO soot.jimple.infoflow.android.SetupApplication$InPlaceInfoflow - - $r0 = virtualinvoke $r2.<android.content.Context: java.lang.Object getSystemService(java.lang.String)>("vibrator") in method <vi.g: android.os.Vibrator K(vi.g)>
[main] INFO soot.jimple.infoflow.android.SetupApplication$InPlaceInfoflow - The sink virtualinvoke $r4.<android.content.ContentResolver: android.net.Uri insert(android.net.Uri,android.content.ContentValues)>($r3, $r9) in method <me.leolin.shortcutbadger.impl.SamsungHomeBadger: void executeBadge(android.content.Context,android.content.ComponentName,int)> was called with values from the following sources:
[main] INFO soot.jimple.infoflow.android.SetupApplication$InPlaceInfoflow - - $r4 = virtualinvoke $r0.<android.content.Context: android.content.ContentResolver getContentResolver()>() in method <me.leolin.shortcutbadger.impl.SamsungHomeBadger: void executeBadge(android.content.Context,android.content.ComponentName,int)>
[main] INFO soot.jimple.infoflow.android.SetupApplication$InPlaceInfoflow - The sink virtualinvoke $r0.<android.content.Context: void startActivity(android.content.Intent)>($r2) in method <one.me.sdk.android.tools.f: void n(android.content.Context)> was called with values from the following sources:
[main] INFO soot.jimple.infoflow.android.SetupApplication$InPlaceInfoflow - - $r0 = virtualinvoke $r1.<android.content.Context: java.lang.String getPackageName()>() in method <one.me.sdk.android.tools.f: android.content.Intent g(android.content.Context)>
[main] INFO soot.jimple.infoflow.android.SetupApplication$InPlaceInfoflow - The sink staticinvoke <android.util.Log: int e(java.lang.String,java.lang.String)>("ShortcutBadger", $r3) in method <me.leolin.shortcutbadger.ShortcutBadger: boolean initBadger(android.content.Context)> was called with values from the following sources:
[main] INFO soot.jimple.infoflow.android.SetupApplication$InPlaceInfoflow - - $r3 = virtualinvoke $r1.<android.content.Context: java.lang.String getPackageName()>() in method <me.leolin.shortcutbadger.ShortcutBadger: boolean initBadger(android.content.Context)>
[main] INFO soot.jimple.infoflow.android.SetupApplication$InPlaceInfoflow - The sink staticinvoke <android.util.Log: int d(java.lang.String,java.lang.String)>($r0, $r1) in method <m4.p$a: void a(java.lang.String,java.lang.String)> was called with values from the following sources:
[main] INFO soot.jimple.infoflow.android.SetupApplication$InPlaceInfoflow - - $r0 = virtualinvoke $r2.<android.os.HandlerThread: android.os.Looper getLooper()>() in method <ru.ok.android.externcalls.analytics.internal.event.EventQueueCollector$LooperProvider: android.os.Looper get()>
[main] INFO soot.jimple.infoflow.android.SetupApplication$InPlaceInfoflow - - $r0 = virtualinvoke $r1.<android.content.Context: java.io.File getExternalCacheDir()>() in method <ru.ok.messages.utils.f: java.lang.Object invoke()>
[main] INFO soot.jimple.infoflow.android.SetupApplication$InPlaceInfoflow - - $r2 = virtualinvoke $r1.<android.content.Context: java.lang.Object getSystemService(java.lang.String)>("audio") in method <one.me.sdk.messagewrite.recordcontrols.f: android.media.AudioManager N0(one.me.sdk.messagewrite.recordcontrols.f)>
[main] INFO soot.jimple.infoflow.android.SetupApplication$InPlaceInfoflow - - $r0 = virtualinvoke $r2.<android.content.Context: java.lang.Object getSystemService(java.lang.String)>("audio") in method <vi.g: android.media.AudioManager g(vi.g)>
[main] INFO soot.jimple.infoflow.android.SetupApplication$InPlaceInfoflow - - $r0 = virtualinvoke $r2.<android.content.Context: android.content.ContentResolver getContentResolver()>() in method <sn0.b: android.content.ContentResolver i(sn0.b)>
[main] INFO soot.jimple.infoflow.android.SetupApplication$InPlaceInfoflow - - $r2 = virtualinvoke $r1.<android.os.HandlerThread: android.os.Looper getLooper()>() in method <x50.y: android.os.Looper p2()>
[main] INFO soot.jimple.infoflow.android.SetupApplication$InPlaceInfoflow - - $r0 = virtualinvoke $r1.<java.lang.Object: java.lang.String toString()>() in method <rk0.j: java.lang.Object apply(java.lang.Object)>
[main] INFO soot.jimple.infoflow.android.SetupApplication$InPlaceInfoflow - - $l1 = virtualinvoke $r0.<android.animation.Animator: long getStartDelay()>() in method <one.me.sdk.richvector.EnhancedProgressAnimatedVectorDrawable$a: long c(android.animation.Animator)>
[main] INFO soot.jimple.infoflow.android.SetupApplication$InPlaceInfoflow - - $r0 = virtualinvoke $r2.<android.content.Context: java.lang.Object getSystemService(java.lang.String)>("notification") in method <ig.e: android.app.NotificationManager k(ig.e)>
[main] INFO soot.jimple.infoflow.android.SetupApplication$InPlaceInfoflow - - $r6 = virtualinvoke $r5.<android.content.res.Configuration: android.os.LocaleList getLocales()>() in method <one.me.android.OneMeApplication: java.lang.String setupLogger$lambda$2(one.me.android.OneMeApplication)>
[main] INFO soot.jimple.infoflow.android.SetupApplication$InPlaceInfoflow - - $r0 = virtualinvoke $r2.<android.content.Context: android.content.SharedPreferences getSharedPreferences(java.lang.String,int)>("no_v.prefs", 0) in method <one.me.sdk.vendor.g: android.content.SharedPreferences m(one.me.sdk.vendor.g)>
[main] INFO soot.jimple.infoflow.android.SetupApplication$InPlaceInfoflow - - $r3 = virtualinvoke $r2.<android.content.Context: android.content.res.Resources getResources()>() in method <rf.g$o2: java.lang.Object b(xq0.a)>
[main] INFO soot.jimple.infoflow.android.SetupApplication$InPlaceInfoflow - - $r0 = virtualinvoke $r1.<android.content.Context: java.lang.Object getSystemService(java.lang.String)>("audio") in method <one.me.audio.message.player.AudioMessagePlayer: android.media.AudioManager audioManager_delegate$lambda$0(android.content.Context)>
[main] INFO soot.jimple.infoflow.android.SetupApplication$InPlaceInfoflow - - $r4 = virtualinvoke $r3.<android.content.res.Resources: android.util.DisplayMetrics getDisplayMetrics()>() in method <one.me.android.OneMeApplication: java.lang.String setupLogger$lambda$2(one.me.android.OneMeApplication)>
[main] INFO soot.jimple.infoflow.android.SetupApplication$InPlaceInfoflow - - $r0 = virtualinvoke $r1.<android.content.Context: java.io.File getCacheDir()>() in method <ru.ok.messages.utils.g: java.lang.Object invoke()>
[main] INFO soot.jimple.infoflow.android.SetupApplication$InPlaceInfoflow - - $r0 = interfaceinvoke $r3.<android.database.Cursor: java.lang.String getString(int)>(0) in method <q4.x: java.util.List e(java.lang.String)>
[main] INFO soot.jimple.infoflow.android.SetupApplication$InPlaceInfoflow - - $r0 = staticinvoke <android.os.Looper: android.os.Looper getMainLooper()>() in method <jf0.c: android.os.Looper d()>
[main] INFO soot.jimple.infoflow.android.SetupApplication$InPlaceInfoflow - - $r2 = virtualinvoke $r1.<android.hardware.SensorManager: android.hardware.Sensor getDefaultSensor(int)>(8) in method <one.me.sdk.android.tools.ProximityHelper: android.hardware.Sensor r(one.me.sdk.android.tools.ProximityHelper)>
[main] INFO soot.jimple.infoflow.android.SetupApplication$InPlaceInfoflow - - $r4 = interfaceinvoke $r0.<android.database.Cursor: byte[] getBlob(int)>(0) in method <ru.ok.android.externcalls.analytics.internal.storage.DatabaseHelper$RecordsQuery: java.lang.String next()>
[main] INFO soot.jimple.infoflow.android.SetupApplication$InPlaceInfoflow - - $l0 = virtualinvoke $r5.<android.animation.ValueAnimator: long getDuration()>() in method <one.me.sdk.richvector.EnhancedProgressAnimatedVectorDrawable$a: long c(android.animation.Animator)>
[main] INFO soot.jimple.infoflow.android.SetupApplication$InPlaceInfoflow - - $r1 = virtualinvoke $r0.<android.media.AudioDeviceInfo: java.lang.CharSequence getProductName()>() in method <ru.ok.android.externcalls.sdk.audio.internal.impl3.CallsAudioManagerV3Impl: java.lang.String androidDeviceToString(android.media.AudioDeviceInfo)>
[main] INFO soot.jimple.infoflow.android.SetupApplication$InPlaceInfoflow - - $r3 = virtualinvoke $r1.<java.lang.Object: java.lang.String toString()>() in method <eh0.g1$c: java.lang.CharSequence a(java.lang.Object)>
[main] INFO soot.jimple.infoflow.android.SetupApplication$InPlaceInfoflow - - $r2 = virtualinvoke $r0.<java.lang.Object: java.lang.String toString()>() in method <gk0.c: java.lang.String g(java.lang.Object,boolean,boolean)>
[main] INFO soot.jimple.infoflow.android.SetupApplication$InPlaceInfoflow - - $l2 = virtualinvoke $r0.<android.animation.Animator: long getTotalDuration()>() in method <one.me.sdk.richvector.EnhancedProgressAnimatedVectorDrawable$a: long c(android.animation.Animator)>
[main] INFO soot.jimple.infoflow.android.SetupApplication$InPlaceInfoflow - - $r0 = virtualinvoke $r1.<java.lang.Object: java.lang.String toString()>() in method <rk0.g: java.lang.Object invoke(java.lang.Object)>
[main] INFO soot.jimple.infoflow.android.SetupApplication$InPlaceInfoflow - - $r0 = virtualinvoke $r2.<android.content.Context: android.content.SharedPreferences getSharedPreferences(java.lang.String,int)>("permissions_prefs", 0) in method <one.me.sdk.permissions.m: android.content.SharedPreferences f(one.me.sdk.permissions.m)>
[main] INFO soot.jimple.infoflow.android.SetupApplication$InPlaceInfoflow - - $r2 = virtualinvoke $r0.<java.lang.Object: java.lang.String toString()>() in method <one.me.sdk.concurrent.LinkedTransferQueue34: java.lang.String toString()>
[main] INFO soot.jimple.infoflow.android.SetupApplication$InPlaceInfoflow - - $z0 = virtualinvoke $r2.<android.view.inputmethod.InputMethodManager: boolean isActive()>() in method <one.me.sdk.codeinput.ConfirmSmsInputView: boolean isKeyboardOpen$lambda$0(android.content.Context)>
[main] INFO soot.jimple.infoflow.android.SetupApplication$InPlaceInfoflow - - $r2 = virtualinvoke $r1.<android.content.Intent: android.os.Bundle getExtras()>() in method <one.me.android.root.d$a: java.lang.CharSequence a(java.lang.String)>
[main] INFO soot.jimple.infoflow.android.SetupApplication$InPlaceInfoflow - - $l1 = virtualinvoke $r0.<android.animation.Animator: long getTotalDuration()>() in method <one.me.sdk.richvector.EnhancedProgressAnimatedVectorDrawable$a: long c(android.animation.Animator)>
[main] INFO soot.jimple.infoflow.android.SetupApplication$InPlaceInfoflow - - $r0 = virtualinvoke this.<android.app.Activity: android.content.Intent getIntent()>() in method <ru.ok.messages.photoeditor.ActPhotoEditor: java.lang.Boolean lambda$new$0()>
[main] INFO soot.jimple.infoflow.android.SetupApplication$InPlaceInfoflow - - $r2 = virtualinvoke $r1.<java.lang.Object: java.lang.String toString()>() in method <ru.ok.android.externcalls.sdk.events.SharedAnalyticsEvent: java.lang.String getName()>
[main] INFO soot.jimple.infoflow.android.SetupApplication$InPlaceInfoflow - - $r2 = virtualinvoke $r5.<java.lang.Object: java.lang.String toString()>() in method <zd.e: java.lang.String toString()>
[main] INFO soot.jimple.infoflow.android.SetupApplication$InPlaceInfoflow - - $r0 = virtualinvoke $r1.<java.lang.Object: java.lang.String toString()>() in method <rk0.o$a: java.lang.String a(java.lang.Object)>
[main] INFO soot.jimple.infoflow.android.SetupApplication$InPlaceInfoflow - - $i0 = virtualinvoke $r1.<android.app.ActivityManager: int getLargeMemoryClass()>() in method <one.me.android.OneMeApplication: int getLargeMemoryClass()>
[main] INFO soot.jimple.infoflow.android.SetupApplication$InPlaceInfoflow - - $r0 = virtualinvoke $r1.<android.content.pm.InstallSourceInfo: java.lang.String getInstallingPackageName()>() in method <m80.c: java.lang.String a(android.content.pm.InstallSourceInfo)>
[main] INFO soot.jimple.infoflow.android.SetupApplication$InPlaceInfoflow - - $r1 = virtualinvoke $r0.<android.content.res.Resources: android.util.DisplayMetrics getDisplayMetrics()>() in method <ru.ok.tamtam.shared.p: float o()>
[main] INFO soot.jimple.infoflow.android.SetupApplication$InPlaceInfoflow - - $r1 = virtualinvoke $r0.<android.os.Looper: java.lang.Thread getThread()>() in method <vf.i$b: java.lang.Thread j()>
[main] INFO soot.jimple.infoflow.android.SetupApplication$InPlaceInfoflow - - $r0 = virtualinvoke $r1.<android.content.Context: android.content.SharedPreferences getSharedPreferences(java.lang.String,int)>("one.me.sdk.design.theme", 0) in method <ov.c: android.content.SharedPreferences z(android.content.Context)>
[main] INFO soot.jimple.infoflow.android.SetupApplication$InPlaceInfoflow - - $r2 = virtualinvoke $r1.<android.content.Context: java.lang.Object getSystemService(java.lang.String)>("audio") in method <p20.i: android.media.AudioManager Q0(p20.i)>
[main] INFO soot.jimple.infoflow.android.SetupApplication$InPlaceInfoflow - - $r2 = virtualinvoke $r1.<android.content.Context: java.lang.Object getSystemService(java.lang.String)>("vibrator") in method <one.me.webapp.rootscreen.WebAppRootScreen: android.os.Vibrator d5(one.me.webapp.rootscreen.WebAppRootScreen)>
[main] INFO soot.jimple.infoflow.android.SetupApplication$InPlaceInfoflow - - $r3 = virtualinvoke $r2.<android.content.res.Resources: android.util.DisplayMetrics getDisplayMetrics()>() in method <one.me.sdk.uikit.common.textlayout.TextLayoutManager: android.util.Size p(one.me.sdk.uikit.common.textlayout.TextLayoutManager)>
[main] INFO soot.jimple.infoflow.android.SetupApplication$InPlaceInfoflow - - $r0 = staticinvoke <android.content.res.Resources: android.content.res.Resources getSystem()>() in method <ru.ok.tamtam.shared.p: android.content.res.Resources p()>
[main] INFO soot.jimple.infoflow.android.SetupApplication$InPlaceInfoflow - - $l0 = virtualinvoke $r0.<android.animation.Animator: long getStartDelay()>() in method <one.me.sdk.richvector.EnhancedProgressAnimatedVectorDrawable$a: long c(android.animation.Animator)>
[main] INFO soot.jimple.infoflow.android.SetupApplication$InPlaceInfoflow - - $r2 = virtualinvoke $r1.<java.lang.Object: java.lang.String toString()>() in method <ru.CryptoPro.ssl.ServerSettings: java.lang.String toString()>
[main] INFO soot.jimple.infoflow.android.SetupApplication$InPlaceInfoflow - - $r1 = virtualinvoke $r0.<java.lang.Object: java.lang.String toString()>() in method <u9.w0: java.lang.String toString()>
[main] INFO soot.jimple.infoflow.android.SetupApplication$InPlaceInfoflow - - $r0 = virtualinvoke $r2.<android.content.Context: java.lang.Object getSystemService(java.lang.String)>("audio") in method <one.me.sdk.android.tools.AudioFocusRegulator: android.media.AudioManager f(one.me.sdk.android.tools.AudioFocusRegulator)>
[main] INFO soot.jimple.infoflow.android.SetupApplication$InPlaceInfoflow - - $r0 = virtualinvoke $r2.<android.content.Context: java.lang.Object getSystemService(java.lang.String)>("audio") in method <ru.ok.messages.controllers.AudioController: android.media.AudioManager audioManager_delegate$lambda$0(ru.ok.messages.controllers.AudioController)>
[main] INFO soot.jimple.infoflow.android.SetupApplication$InPlaceInfoflow - - $r0 = virtualinvoke $r2.<android.content.Context: java.lang.Object getSystemService(java.lang.String)>("vibrator") in method <vi.g: android.os.Vibrator K(vi.g)>
[main] INFO soot.jimple.infoflow.android.SetupApplication$InPlaceInfoflow - The sink specialinvoke $r1.<android.media.ExifInterface: void <init>(java.io.FileDescriptor)>($r0) in method <com.facebook.imagepipeline.producers.LocalExifThumbnailProducer$Api24Utils: android.media.ExifInterface a(java.io.FileDescriptor)> was called with values from the following sources:
[main] INFO soot.jimple.infoflow.android.SetupApplication$InPlaceInfoflow - - $r6 = virtualinvoke $r5.<android.content.res.AssetFileDescriptor: java.io.FileDescriptor getFileDescriptor()>() in method <com.facebook.imagepipeline.producers.LocalExifThumbnailProducer: android.media.ExifInterface g(android.net.Uri)>
[main] INFO soot.jimple.infoflow.android.SetupApplication$InPlaceInfoflow - The sink staticinvoke <android.util.Log: int println(int,java.lang.String,java.lang.String)>($i0, $r0, $r12) in method <yv.m: void e(rl0.c,java.lang.String,java.lang.String,java.lang.Throwable)> was called with values from the following sources:
[main] INFO soot.jimple.infoflow.android.SetupApplication$InPlaceInfoflow - - $r0 = virtualinvoke $r1.<android.content.Context: java.io.File getExternalCacheDir()>() in method <ru.ok.messages.utils.f: java.lang.Object invoke()>
[main] INFO soot.jimple.infoflow.android.SetupApplication$InPlaceInfoflow - - $r4 = virtualinvoke $r3.<android.hardware.camera2.CameraManager: java.lang.String[] getCameraIdList()>() in method <t40.h: boolean c(android.content.Context,t40.h)>
[main] INFO soot.jimple.infoflow.android.SetupApplication$InPlaceInfoflow - - $r1 = virtualinvoke $r2.<android.content.Context: java.lang.Object getSystemService(java.lang.String)>("power") in method <one.me.sdk.android.tools.ProximityHelper: android.os.PowerManager q(vc.i)>
[main] INFO soot.jimple.infoflow.android.SetupApplication$InPlaceInfoflow - - $r5 = virtualinvoke $r0.<android.media.MediaCodecInfo: java.lang.String getName()>() in method <bb0.b: void b()>
[main] INFO soot.jimple.infoflow.android.SetupApplication$InPlaceInfoflow - - $r1 = virtualinvoke $r0.<android.bluetooth.BluetoothDevice: java.lang.String getName()>() in method <ru.ok.android.externcalls.sdk.audio.internal.impl.CallsBluetoothManager: java.lang.String getBluetoothDeviceName(android.bluetooth.BluetoothDevice)>
[main] INFO soot.jimple.infoflow.android.SetupApplication$InPlaceInfoflow - - $r3 = virtualinvoke $r0.<android.media.AudioDeviceInfo: java.lang.CharSequence getProductName()>() in method <ru.ok.android.externcalls.sdk.audio.internal.impl3.CallsAudioManagerV3Impl: vc.o mapAndroidDeviceToCallsDevice(android.media.AudioDeviceInfo)>
[main] INFO soot.jimple.infoflow.android.SetupApplication$InPlaceInfoflow - - $r0 = virtualinvoke $r1.<java.lang.Object: java.lang.String toString()>() in method <rk0.j: java.lang.Object apply(java.lang.Object)>
[main] INFO soot.jimple.infoflow.android.SetupApplication$InPlaceInfoflow - - $r5 = virtualinvoke $r3.<android.net.Uri: java.util.Set getQueryParameterNames()>() in method <ap0.g0: java.lang.CharSequence a(java.lang.CharSequence,java.lang.String)>
[main] INFO soot.jimple.infoflow.android.SetupApplication$InPlaceInfoflow - - $i0 = virtualinvoke $r0.<java.lang.Object: int hashCode()>() in method <me.j1$a: int hashCode()>
[main] INFO soot.jimple.infoflow.android.SetupApplication$InPlaceInfoflow - - $i1 = virtualinvoke $r1.<java.lang.Object: int hashCode()>() in method <v0.a$c: int hashCode()>
[main] INFO soot.jimple.infoflow.android.SetupApplication$InPlaceInfoflow - - $i0 = virtualinvoke $r0.<java.lang.Object: int hashCode()>() in method <i.b$c: int hashCode()>
[main] INFO soot.jimple.infoflow.android.SetupApplication$InPlaceInfoflow - - $r4 = virtualinvoke $r3.<android.content.res.Resources: android.util.DisplayMetrics getDisplayMetrics()>() in method <x00.b: void f(int,int,x00.b$b)>
[main] INFO soot.jimple.infoflow.android.SetupApplication$InPlaceInfoflow - - $r1 = virtualinvoke $r0.<android.content.res.Resources: android.util.DisplayMetrics getDisplayMetrics()>() in method <one.me.calls.ui.view.CallLinkCopyView: float[] BG_RADIUS_delegate$lambda$0()>
[main] INFO soot.jimple.infoflow.android.SetupApplication$InPlaceInfoflow - - $r7 = virtualinvoke $r6.<android.content.Intent: android.net.Uri getData()>() in method <one.me.android.MainActivity: void onCreate(android.os.Bundle)>
[main] INFO soot.jimple.infoflow.android.SetupApplication$InPlaceInfoflow - - $r1 = virtualinvoke this.<android.app.Activity: java.lang.String getLocalClassName()>() in method <ru.ok.messages.views.ActBase: void onStop()>
[main] INFO soot.jimple.infoflow.android.SetupApplication$InPlaceInfoflow - - $i0 = virtualinvoke $r0.<java.lang.Object: int hashCode()>() in method <kotlinx.coroutines.internal.InlineList: int hashCode-impl(java.lang.Object)>
[main] INFO soot.jimple.infoflow.android.SetupApplication$InPlaceInfoflow - - $r0 = virtualinvoke $r2.<android.content.Context: android.content.SharedPreferences getSharedPreferences(java.lang.String,int)>("no_v.prefs", 0) in method <one.me.sdk.vendor.g: android.content.SharedPreferences m(one.me.sdk.vendor.g)>
[main] INFO soot.jimple.infoflow.android.SetupApplication$InPlaceInfoflow - - $i1 = virtualinvoke $r1.<android.media.AudioManager: int getStreamMaxVolume(int)>($i0) in method <org.webrtc.audio.WebRtcAudioUtils: void logAudioStateVolume(java.lang.String,android.media.AudioManager)>
[main] INFO soot.jimple.infoflow.android.SetupApplication$InPlaceInfoflow - - $r3 = virtualinvoke $r2.<android.content.Context: android.content.res.Resources getResources()>() in method <rf.g$o2: java.lang.Object b(xq0.a)>
[main] INFO soot.jimple.infoflow.android.SetupApplication$InPlaceInfoflow - - $i0 = virtualinvoke $r0.<java.lang.Object: int hashCode()>() in method <kotlinx.coroutines.b0: int hashCode()>
[main] INFO soot.jimple.infoflow.android.SetupApplication$InPlaceInfoflow - - $r0 = virtualinvoke $r1.<android.content.Context: java.lang.Object getSystemService(java.lang.String)>("audio") in method <one.me.audio.message.player.AudioMessagePlayer: android.media.AudioManager audioManager_delegate$lambda$0(android.content.Context)>
[main] INFO soot.jimple.infoflow.android.SetupApplication$InPlaceInfoflow - - $i0 = virtualinvoke $r1.<java.lang.Object: int hashCode()>() in method <l5.a: int b(java.lang.Object,java.lang.Object)>
[main] INFO soot.jimple.infoflow.android.SetupApplication$InPlaceInfoflow - - $i0 = virtualinvoke $r0.<java.lang.Object: int hashCode()>() in method <kotlinx.coroutines.internal.SegmentOrClosed: int hashCode-impl(java.lang.Object)>
[main] INFO soot.jimple.infoflow.android.SetupApplication$InPlaceInfoflow - - $i1 = virtualinvoke $r0.<java.lang.Object: int hashCode()>() in method <i.b$c: int hashCode()>
[main] INFO soot.jimple.infoflow.android.SetupApplication$InPlaceInfoflow - - $r3 = virtualinvoke $r0.<android.media.AudioDeviceInfo: java.lang.CharSequence getProductName()>() in method <ru.ok.android.externcalls.sdk.audio.internal.impl3.CallsAudioManagerV3Impl: vc.o mapAndroidDeviceToCallsDevice(android.media.AudioDeviceInfo)>
[main] INFO soot.jimple.infoflow.android.SetupApplication$InPlaceInfoflow - - $i4 = virtualinvoke $r3.<java.lang.Object: int hashCode()>() in method <v0.y0: int hashCode()>
[main] INFO soot.jimple.infoflow.android.SetupApplication$InPlaceInfoflow - - $r0 = interfaceinvoke $r3.<android.database.Cursor: java.lang.String getString(int)>(0) in method <q4.x: java.util.List e(java.lang.String)>
[main] INFO soot.jimple.infoflow.android.SetupApplication$InPlaceInfoflow - - $r10 = virtualinvoke $r9.<android.content.res.Resources: android.util.DisplayMetrics getDisplayMetrics()>() in method <one.me.chatscreen.videomsg.i$h$a: java.lang.Object b(java.lang.Object,kotlin.coroutines.Continuation)>
[main] INFO soot.jimple.infoflow.android.SetupApplication$InPlaceInfoflow - - $r1 = virtualinvoke this.<android.app.Activity: java.lang.String getLocalClassName()>() in method <ru.ok.messages.views.ActBase: void onStart()>
[main] INFO soot.jimple.infoflow.android.SetupApplication$InPlaceInfoflow - - $r4 = virtualinvoke $r3.<android.net.ConnectivityManager: android.net.NetworkInfo getNetworkInfo(android.net.Network)>($r2) in method <one.me.net.connection.impl.internal.ConnectionInfoNougatImpl: android.net.NetworkInfo D(android.net.Network)>
[main] INFO soot.jimple.infoflow.android.SetupApplication$InPlaceInfoflow - - $r1 = virtualinvoke $r0.<android.media.AudioDeviceInfo: java.lang.CharSequence getProductName()>() in method <ru.ok.android.externcalls.sdk.audio.internal.impl3.CallsAudioManagerV3Impl: java.lang.String androidDeviceToString(android.media.AudioDeviceInfo)>
[main] INFO soot.jimple.infoflow.android.SetupApplication$InPlaceInfoflow - - $r3 = virtualinvoke $r1.<java.lang.Object: java.lang.String toString()>() in method <eh0.g1$c: java.lang.CharSequence a(java.lang.Object)>
[main] INFO soot.jimple.infoflow.android.SetupApplication$InPlaceInfoflow - - $i0 = virtualinvoke $r0.<java.lang.Object: int hashCode()>() in method <zd.k: int g(java.lang.Object)>
[main] INFO soot.jimple.infoflow.android.SetupApplication$InPlaceInfoflow - - $r5 = virtualinvoke $r3.<android.media.AudioDeviceInfo: int[] getEncodings()>() in method <org.webrtc.audio.WebRtcAudioUtils: void logAudioDeviceInfo(java.lang.String,android.media.AudioManager)>
[main] INFO soot.jimple.infoflow.android.SetupApplication$InPlaceInfoflow - - $r1 = virtualinvoke this.<android.app.Activity: java.lang.String getLocalClassName()>() in method <ru.ok.messages.views.ActBase: void onLogout()>
[main] INFO soot.jimple.infoflow.android.SetupApplication$InPlaceInfoflow - - $r3 = staticinvoke <android.webkit.WebView: android.content.pm.PackageInfo getCurrentWebViewPackage()>() in method <one.me.sdk.uikit.common.views.OneMeWebView: void <init>(android.content.Context,android.util.AttributeSet,int,int)>
[main] INFO soot.jimple.infoflow.android.SetupApplication$InPlaceInfoflow - - $r2 = virtualinvoke $r0.<java.lang.Object: java.lang.String toString()>() in method <one.me.sdk.concurrent.LinkedTransferQueue34: java.lang.String toString()>
[main] INFO soot.jimple.infoflow.android.SetupApplication$InPlaceInfoflow - - $r3 = virtualinvoke $r2.<android.content.res.Resources: android.util.DisplayMetrics getDisplayMetrics()>() in method <ru.ok.messages.messages.widgets.g: int k()>
[main] INFO soot.jimple.infoflow.android.SetupApplication$InPlaceInfoflow - - $r2 = virtualinvoke $r1.<android.content.Intent: android.os.Bundle getExtras()>() in method <one.me.android.root.d$a: java.lang.CharSequence a(java.lang.String)>
[main] INFO soot.jimple.infoflow.android.SetupApplication$InPlaceInfoflow - - $r0 = virtualinvoke this.<android.app.Activity: android.content.Intent getIntent()>() in method <ru.ok.messages.photoeditor.ActPhotoEditor: java.lang.Boolean lambda$new$0()>
[main] INFO soot.jimple.infoflow.android.SetupApplication$InPlaceInfoflow - - $r2 = virtualinvoke $r1.<java.lang.Object: java.lang.String toString()>() in method <ru.ok.android.externcalls.sdk.events.SharedAnalyticsEvent: java.lang.String getName()>
[main] INFO soot.jimple.infoflow.android.SetupApplication$InPlaceInfoflow - - $r2 = virtualinvoke $r1.<android.content.res.Resources: android.util.DisplayMetrics getDisplayMetrics()>() in method <one.me.messages.list.ui.recycler.viewholder.MessageBubbleViewHolder: float[] L()>
[main] INFO soot.jimple.infoflow.android.SetupApplication$InPlaceInfoflow - - $r2 = virtualinvoke $r5.<java.lang.Object: java.lang.String toString()>() in method <zd.e: java.lang.String toString()>
[main] INFO soot.jimple.infoflow.android.SetupApplication$InPlaceInfoflow - - $r2 = virtualinvoke $r1.<android.net.Uri: java.util.Set getQueryParameterNames()>() in method <bb0.c: java.lang.String a(java.lang.String)>
[main] INFO soot.jimple.infoflow.android.SetupApplication$InPlaceInfoflow - - $r3 = virtualinvoke $r1.<android.media.MediaCodecInfo: java.lang.String[] getSupportedTypes()>() in method <ru.ok.android.externcalls.sdk.stat.supportedcodecs.SupportedCodecsStatistics: org.json.JSONObject buildCodecLists()>
[main] INFO soot.jimple.infoflow.android.SetupApplication$InPlaceInfoflow - - $i1 = virtualinvoke $r0.<java.lang.Object: int hashCode()>() in method <l5.a: int b(java.lang.Object,java.lang.Object)>
[main] INFO soot.jimple.infoflow.android.SetupApplication$InPlaceInfoflow - - $r9 = virtualinvoke $r1.<android.content.Intent: java.lang.String getAction()>() in method <one.me.android.root.d: void e(android.app.Activity,android.content.Intent)>
[main] INFO soot.jimple.infoflow.android.SetupApplication$InPlaceInfoflow - - $i0 = virtualinvoke $r1.<java.lang.Object: int hashCode()>() in method <kotlin.jvm.internal.a: int hashCode()>
[main] INFO soot.jimple.infoflow.android.SetupApplication$InPlaceInfoflow - - $r1 = virtualinvoke $r0.<android.os.Looper: java.lang.Thread getThread()>() in method <vf.i$b: java.lang.Thread j()>
[main] INFO soot.jimple.infoflow.android.SetupApplication$InPlaceInfoflow - - $z0 = virtualinvoke $r1.<android.media.AudioManager: boolean isStreamMute(int)>($i0) in method <org.webrtc.audio.WebRtcAudioUtils: void logAudioStateVolume(java.lang.String,android.media.AudioManager)>
[main] INFO soot.jimple.infoflow.android.SetupApplication$InPlaceInfoflow - - $r8 = virtualinvoke $r1.<android.media.AudioDeviceInfo: java.lang.CharSequence getProductName()>() in method <ru.ok.android.externcalls.sdk.audio.internal.impl3.CallsAudioManagerV3Impl$onCommunicationDeviceChanged$1: void invoke()>
[main] INFO soot.jimple.infoflow.android.SetupApplication$InPlaceInfoflow - - $r2 = virtualinvoke $r1.<android.content.Context: java.lang.Object getSystemService(java.lang.String)>("audio") in method <p20.i: android.media.AudioManager Q0(p20.i)>
[main] INFO soot.jimple.infoflow.android.SetupApplication$InPlaceInfoflow - - $z3 = virtualinvoke $r2.<android.media.AudioManager: boolean isSpeakerphoneOn()>() in method <org.webrtc.audio.WebRtcAudioUtils: void logAudioStateBasic(java.lang.String,android.content.Context,android.media.AudioManager)>
[main] INFO soot.jimple.infoflow.android.SetupApplication$InPlaceInfoflow - - $r2 = virtualinvoke $r1.<android.content.Context: android.content.SharedPreferences getSharedPreferences(java.lang.String,int)>($r0, 0) in method <n50.e: android.content.SharedPreferences e()>
[main] INFO soot.jimple.infoflow.android.SetupApplication$InPlaceInfoflow - - $r3 = virtualinvoke $r0.<android.media.AudioDeviceInfo: java.lang.CharSequence getProductName()>() in method <ru.ok.android.externcalls.sdk.audio.internal.impl3.CallsAudioManagerV3Impl: vc.o mapAndroidDeviceToCallsDevice(android.media.AudioDeviceInfo)>
[main] INFO soot.jimple.infoflow.android.SetupApplication$InPlaceInfoflow - - $r2 = virtualinvoke $r1.<android.net.ConnectivityManager: android.net.NetworkCapabilities getNetworkCapabilities(android.net.Network)>($r0) in method <one.me.net.connection.impl.internal.ConnectionInfoNougatImpl: android.net.NetworkCapabilities w(android.net.Network)>
[main] INFO soot.jimple.infoflow.android.SetupApplication$InPlaceInfoflow - - $i1 = virtualinvoke $r0.<java.lang.Object: int hashCode()>() in method <wc.m0: int hashCode()>
[main] INFO soot.jimple.infoflow.android.SetupApplication$InPlaceInfoflow - - $i1 = virtualinvoke $r0.<java.lang.Object: int hashCode()>() in method <xc.d$c: int hashCode()>
[main] INFO soot.jimple.infoflow.android.SetupApplication$InPlaceInfoflow - - $r2 = virtualinvoke $r1.<android.content.res.Resources: android.util.DisplayMetrics getDisplayMetrics()>() in method <one.me.chatscreen.videomsg.VideoMessageWidget: int D3(android.view.View)>
[main] INFO soot.jimple.infoflow.android.SetupApplication$InPlaceInfoflow - - $r2 = virtualinvoke $r1.<java.lang.Object: java.lang.String toString()>() in method <ru.CryptoPro.ssl.ServerSettings: java.lang.String toString()>
[main] INFO soot.jimple.infoflow.android.SetupApplication$InPlaceInfoflow - - $r1 = virtualinvoke $r0.<android.content.res.Resources: android.util.DisplayMetrics getDisplayMetrics()>() in method <one.me.messages.list.ui.view.file.FileMessageLayout: one.me.sdk.uikit.common.utils.CornersOutlineProvider cornersOutlineProvider_delegate$lambda$0()>
[main] INFO soot.jimple.infoflow.android.SetupApplication$InPlaceInfoflow - - $r1 = virtualinvoke $r0.<android.content.res.Resources: android.util.DisplayMetrics getDisplayMetrics()>() in method <one.me.messages.list.ui.view.delegates.views.MessageLinkView: one.me.sdk.uikit.common.utils.CornersOutlineProvider roundImageOutlineProvider_delegate$lambda$0()>
[main] INFO soot.jimple.infoflow.android.SetupApplication$InPlaceInfoflow - - $i0 = virtualinvoke $r0.<java.lang.Object: int hashCode()>() in method <vc.t: int hashCode()>
[main] INFO soot.jimple.infoflow.android.SetupApplication$InPlaceInfoflow - - $r1 = virtualinvoke this.<android.app.Activity: java.lang.String getLocalClassName()>() in method <ru.ok.messages.views.ActBase: void onPause()>
[main] INFO soot.jimple.infoflow.android.SetupApplication$InPlaceInfoflow - - $r3 = virtualinvoke $r2.<android.content.res.Resources: android.util.DisplayMetrics getDisplayMetrics()>() in method <ru.ok.messages.messages.widgets.g: int k()>
[main] INFO soot.jimple.infoflow.android.SetupApplication$InPlaceInfoflow - - $i0 = virtualinvoke $r2.<java.lang.Object: int hashCode()>() in method <xc.d$b: int j()>
[main] INFO soot.jimple.infoflow.android.SetupApplication$InPlaceInfoflow - - $i1 = virtualinvoke $r1.<java.lang.Object: int hashCode()>() in method <v0.z0: int hashCode()>
[main] INFO soot.jimple.infoflow.android.SetupApplication$InPlaceInfoflow - - $r0 = virtualinvoke $r2.<android.content.Context: java.lang.Object getSystemService(java.lang.String)>("audio") in method <ru.ok.messages.controllers.AudioController: android.media.AudioManager audioManager_delegate$lambda$0(ru.ok.messages.controllers.AudioController)>
[main] INFO soot.jimple.infoflow.android.SetupApplication$InPlaceInfoflow - - $r2 = virtualinvoke $r1.<android.content.Context: java.lang.Object getSystemService(java.lang.String)>("audio") in method <one.me.sdk.messagewrite.recordcontrols.f: android.media.AudioManager N0(one.me.sdk.messagewrite.recordcontrols.f)>
[main] INFO soot.jimple.infoflow.android.SetupApplication$InPlaceInfoflow - - $i1 = virtualinvoke $r0.<java.lang.Object: int hashCode()>() in method <vc.t: int hashCode()>
[main] INFO soot.jimple.infoflow.android.SetupApplication$InPlaceInfoflow - - $r0 = virtualinvoke $r2.<android.content.Context: java.lang.Object getSystemService(java.lang.String)>("audio") in method <vi.g: android.media.AudioManager g(vi.g)>
[main] INFO soot.jimple.infoflow.android.SetupApplication$InPlaceInfoflow - - $i4 = virtualinvoke $r4.<java.lang.Object: int hashCode()>() in method <v0.b1: int hashCode()>
[main] INFO soot.jimple.infoflow.android.SetupApplication$InPlaceInfoflow - - $r4 = virtualinvoke $r3.<android.content.res.Resources: android.util.DisplayMetrics getDisplayMetrics()>() in method <x00.b: void f(int,int,x00.b$b)>
[main] INFO soot.jimple.infoflow.android.SetupApplication$InPlaceInfoflow - - $r2 = virtualinvoke $r1.<android.os.HandlerThread: android.os.Looper getLooper()>() in method <x50.y: android.os.Looper p2()>
[main] INFO soot.jimple.infoflow.android.SetupApplication$InPlaceInfoflow - - $i1 = virtualinvoke $r2.<java.lang.Object: int hashCode()>() in method <wc.d$a: int g(java.util.Collection)>
[main] INFO soot.jimple.infoflow.android.SetupApplication$InPlaceInfoflow - - $l1 = virtualinvoke $r0.<android.animation.Animator: long getStartDelay()>() in method <one.me.sdk.richvector.EnhancedProgressAnimatedVectorDrawable$a: long c(android.animation.Animator)>
[main] INFO soot.jimple.infoflow.android.SetupApplication$InPlaceInfoflow - - $r6 = virtualinvoke $r5.<android.content.res.Configuration: android.os.LocaleList getLocales()>() in method <one.me.android.OneMeApplication: java.lang.String setupLogger$lambda$2(one.me.android.OneMeApplication)>
[main] INFO soot.jimple.infoflow.android.SetupApplication$InPlaceInfoflow - - $z4 = virtualinvoke $r2.<android.media.AudioManager: boolean isBluetoothScoOn()>() in method <org.webrtc.audio.WebRtcAudioUtils: void logAudioStateBasic(java.lang.String,android.content.Context,android.media.AudioManager)>
[main] INFO soot.jimple.infoflow.android.SetupApplication$InPlaceInfoflow - - $r2 = virtualinvoke $r1.<android.content.Intent: java.lang.String getAction()>() in method <one.me.android.calls.a: boolean a(android.content.Intent)>
[main] INFO soot.jimple.infoflow.android.SetupApplication$InPlaceInfoflow - - $r9 = virtualinvoke $r8.<android.content.res.Resources: android.util.DisplayMetrics getDisplayMetrics()>() in method <one.me.sdk.emoji.sprite.b: float d(android.content.Context)>
[main] INFO soot.jimple.infoflow.android.SetupApplication$InPlaceInfoflow - - $i4 = virtualinvoke $r2.<java.lang.Object: int hashCode()>() in method <v0.d1: int hashCode()>
[main] INFO soot.jimple.infoflow.android.SetupApplication$InPlaceInfoflow - - $i1 = virtualinvoke $r0.<java.lang.Object: int hashCode()>() in method <v8.c: int hashCode()>
[main] INFO soot.jimple.infoflow.android.SetupApplication$InPlaceInfoflow - - $i1 = virtualinvoke $r1.<android.media.AudioManager: int getStreamVolume(int)>($i0) in method <org.webrtc.audio.WebRtcAudioUtils: void logAudioStateVolume(java.lang.String,android.media.AudioManager)>
[main] INFO soot.jimple.infoflow.android.SetupApplication$InPlaceInfoflow - - $i1 = virtualinvoke $r0.<java.lang.Object: int hashCode()>() in method <ap0.v: int hashCode()>
[main] INFO soot.jimple.infoflow.android.SetupApplication$InPlaceInfoflow - - $i1 = virtualinvoke $r0.<java.lang.Object: int hashCode()>() in method <vc.o: int hashCode()>
[main] INFO soot.jimple.infoflow.android.SetupApplication$InPlaceInfoflow - - $r1 = virtualinvoke $r0.<android.content.res.Resources: android.util.DisplayMetrics getDisplayMetrics()>() in method <one.me.calls.ui.bottomsheet.opponents.CallOpponentsListWidget: float[] N3()>
[main] INFO soot.jimple.infoflow.android.SetupApplication$InPlaceInfoflow - - $r2 = virtualinvoke $r1.<android.content.res.Resources: android.util.DisplayMetrics getDisplayMetrics()>() in method <one.me.chatscreen.videomsg.VideoMessageWidget: int D3(android.view.View)>
[main] INFO soot.jimple.infoflow.android.SetupApplication$InPlaceInfoflow - - $r3 = virtualinvoke $r1.<java.lang.Object: java.lang.String toString()>() in method <ru.ok.messages.video.exo.ExoMediaPlayer: void onRenderedFirstFrame(f8.b$a,java.lang.Object,long)>
[main] INFO soot.jimple.infoflow.android.SetupApplication$InPlaceInfoflow - - $r0 = virtualinvoke $r1.<android.content.Context: android.content.SharedPreferences getSharedPreferences(java.lang.String,int)>("com.google.mlkit.internal", 0) in method <wa.m: android.content.SharedPreferences b()>
[main] INFO soot.jimple.infoflow.android.SetupApplication$InPlaceInfoflow - - $r4 = virtualinvoke $r1.<android.app.Activity: android.content.Intent getIntent()>() in method <one.me.android.root.d: vc.e0 g(android.app.Activity,one.me.android.root.RootController,md.a)>
[main] INFO soot.jimple.infoflow.android.SetupApplication$InPlaceInfoflow - - $i0 = virtualinvoke $r0.<java.lang.Object: int hashCode()>() in method <ru.CryptoPro.ssl.cl_98: int hashCode()>
[main] INFO soot.jimple.infoflow.android.SetupApplication$InPlaceInfoflow - - $i0 = virtualinvoke $r2.<android.media.AudioManager: int getStreamVolume(int)>($i0) in method <org.webrtc.audio.VolumeLogger$LogVolumeTask: int getStreamVolume(int)>
[main] INFO soot.jimple.infoflow.android.SetupApplication$InPlaceInfoflow - - $r3 = virtualinvoke $r0.<android.media.AudioDeviceInfo: java.lang.CharSequence getProductName()>() in method <ru.ok.android.externcalls.sdk.audio.internal.impl3.CallsAudioManagerV3Impl: vc.o mapAndroidDeviceToCallsDevice(android.media.AudioDeviceInfo)>
[main] INFO soot.jimple.infoflow.android.SetupApplication$InPlaceInfoflow - - $r1 = virtualinvoke this.<android.app.Activity: java.lang.String getLocalClassName()>() in method <ru.ok.messages.views.ActBase: void onResume()>
[main] INFO soot.jimple.infoflow.android.SetupApplication$InPlaceInfoflow - - $r2 = virtualinvoke $r0.<android.content.Context: android.content.SharedPreferences getSharedPreferences(java.lang.String,int)>($r1, 0) in method <fq0.a: android.content.SharedPreferences b()>
[main] INFO soot.jimple.infoflow.android.SetupApplication$InPlaceInfoflow - - $r0 = virtualinvoke $r2.<android.content.Context: android.content.SharedPreferences getSharedPreferences(java.lang.String,int)>("permissions_prefs", 0) in method <one.me.sdk.permissions.m: android.content.SharedPreferences f(one.me.sdk.permissions.m)>
[main] INFO soot.jimple.infoflow.android.SetupApplication$InPlaceInfoflow - - $r3 = virtualinvoke $r1.<android.content.Context: android.content.SharedPreferences getSharedPreferences(java.lang.String,int)>($r2, 0) in method <ru.CryptoPro.JCSP.support.MainUpdater: void <init>(android.content.Context,java.lang.String,java.lang.String)>
[main] INFO soot.jimple.infoflow.android.SetupApplication$InPlaceInfoflow - - $i2 = virtualinvoke $r2.<java.lang.Object: int hashCode()>() in method <v0.f1: int hashCode()>
[main] INFO soot.jimple.infoflow.android.SetupApplication$InPlaceInfoflow - - $i1 = virtualinvoke $r1.<java.lang.Object: int hashCode()>() in method <u7.a: int hashCode()>
[main] INFO soot.jimple.infoflow.android.SetupApplication$InPlaceInfoflow - - $i1 = virtualinvoke $r0.<java.lang.Object: int hashCode()>() in method <u8.j: int hashCode()>
[main] INFO soot.jimple.infoflow.android.SetupApplication$InPlaceInfoflow - - $r3 = virtualinvoke $r1.<android.content.Context: android.content.SharedPreferences getSharedPreferences(java.lang.String,int)>($r2, 0) in method <com.hbb20.CountryCodePicker: void storeSelectedCountryNameCode(java.lang.String)>
[main] INFO soot.jimple.infoflow.android.SetupApplication$InPlaceInfoflow - - $l1 = virtualinvoke $r0.<android.animation.Animator: long getTotalDuration()>() in method <one.me.sdk.richvector.EnhancedProgressAnimatedVectorDrawable$a: long c(android.animation.Animator)>
[main] INFO soot.jimple.infoflow.android.SetupApplication$InPlaceInfoflow - - $r0 = virtualinvoke $r2.<android.content.Context: java.lang.Object getSystemService(java.lang.String)>("phone") in method <one.me.net.connection.impl.internal.ConnectionInfoNougatImpl: android.telephony.TelephonyManager R(one.me.net.connection.impl.internal.ConnectionInfoNougatImpl)>
[main] INFO soot.jimple.infoflow.android.SetupApplication$InPlaceInfoflow - - $i0 = virtualinvoke $r1.<android.app.ActivityManager: int getLargeMemoryClass()>() in method <one.me.android.OneMeApplication: int getLargeMemoryClass()>
[main] INFO soot.jimple.infoflow.android.SetupApplication$InPlaceInfoflow - - $r3 = virtualinvoke $r0.<android.media.AudioDeviceInfo: java.lang.CharSequence getProductName()>() in method <ru.ok.android.externcalls.sdk.audio.internal.impl3.CallsAudioManagerV3Impl: vc.o mapAndroidDeviceToCallsDevice(android.media.AudioDeviceInfo)>
[main] INFO soot.jimple.infoflow.android.SetupApplication$InPlaceInfoflow - - $r2 = virtualinvoke $r1.<android.content.res.Resources: android.util.DisplayMetrics getDisplayMetrics()>() in method <x00.b: int d(int,x00.b$b)>
[main] INFO soot.jimple.infoflow.android.SetupApplication$InPlaceInfoflow - - $r1 = virtualinvoke $r0.<android.content.Intent: android.os.Bundle getExtras()>() in method <one.me.settings.ringtone.ui.SettingRingtoneScreen: void onActivityResult(int,int,android.content.Intent)>
[main] INFO soot.jimple.infoflow.android.SetupApplication$InPlaceInfoflow - - $i1 = virtualinvoke $r0.<java.lang.Object: int hashCode()>() in method <ru.CryptoPro.sspiSSL.cl_24: int hashCode()>
[main] INFO soot.jimple.infoflow.android.SetupApplication$InPlaceInfoflow - - $i2 = virtualinvoke $r0.<java.lang.Object: int hashCode()>() in method <v9.mc: int hashCode()>
[main] INFO soot.jimple.infoflow.android.SetupApplication$InPlaceInfoflow - - $r4 = virtualinvoke $r3.<android.net.ConnectivityManager: android.net.NetworkInfo getActiveNetworkInfo()>() in method <one.me.net.connection.impl.internal.ConnectionInfoNougatImpl: android.net.NetworkInfo D(android.net.Network)>
[main] INFO soot.jimple.infoflow.android.SetupApplication$InPlaceInfoflow - - $r6 = virtualinvoke $r5.<android.content.Context: android.content.SharedPreferences getSharedPreferences(java.lang.String,int)>("tracer", 0) in method <mp0.a: java.lang.String b(android.content.Context)>
[main] INFO soot.jimple.infoflow.android.SetupApplication$InPlaceInfoflow - - $r13 = virtualinvoke $r0.<android.graphics.drawable.Drawable: android.graphics.Rect getBounds()>() in method <tn.m: java.lang.Object l(android.graphics.drawable.Drawable,boolean,kotlin.coroutines.Continuation)>
[main] INFO soot.jimple.infoflow.android.SetupApplication$InPlaceInfoflow - - $r2 = virtualinvoke $r1.<android.content.res.Resources: android.util.DisplayMetrics getDisplayMetrics()>() in method <x00.b: int d(int,x00.b$b)>
[main] INFO soot.jimple.infoflow.android.SetupApplication$InPlaceInfoflow - - $r1 = virtualinvoke $r0.<android.content.res.Resources: android.util.DisplayMetrics getDisplayMetrics()>() in method <one.me.calls.ui.view.CallChangeModePullView: float[] bgRadius_delegate$lambda$0()>
[main] INFO soot.jimple.infoflow.android.SetupApplication$InPlaceInfoflow - - $r2 = virtualinvoke $r1.<android.content.res.Resources: android.util.DisplayMetrics getDisplayMetrics()>() in method <x00.b: int d(int,x00.b$b)>
[main] INFO soot.jimple.infoflow.android.SetupApplication$InPlaceInfoflow - - $r1 = virtualinvoke $r0.<android.net.ConnectivityManager: android.net.Network getActiveNetwork()>() in method <one.me.net.connection.impl.internal.ConnectionInfoNougatImpl: android.net.Network v()>
[main] INFO soot.jimple.infoflow.android.SetupApplication$InPlaceInfoflow - - $l0 = virtualinvoke $r0.<android.animation.Animator: long getStartDelay()>() in method <one.me.sdk.richvector.EnhancedProgressAnimatedVectorDrawable$a: long c(android.animation.Animator)>
[main] INFO soot.jimple.infoflow.android.SetupApplication$InPlaceInfoflow - - $r0 = virtualinvoke $r1.<android.bluetooth.BluetoothDevice: java.lang.String getAlias()>() in method <ru.ok.android.externcalls.sdk.audio.internal.impl.c: java.lang.String a(android.bluetooth.BluetoothDevice)>
[main] INFO soot.jimple.infoflow.android.SetupApplication$InPlaceInfoflow - - $r1 = virtualinvoke $r0.<android.content.res.Resources: android.util.DisplayMetrics getDisplayMetrics()>() in method <one.me.calls.ui.ui.callevents.CallEventLabel: float[] bgRadius_delegate$lambda$0()>
[main] INFO soot.jimple.infoflow.android.SetupApplication$InPlaceInfoflow - - $i2 = virtualinvoke $r0.<java.lang.Object: int hashCode()>() in method <vc.t: int hashCode()>
[main] INFO soot.jimple.infoflow.android.SetupApplication$InPlaceInfoflow - - $r0 = virtualinvoke $r2.<android.content.Context: java.lang.Object getSystemService(java.lang.String)>("vibrator") in method <vi.g: android.os.Vibrator K(vi.g)>
[main] INFO soot.jimple.infoflow.android.SetupApplication$InPlaceInfoflow - - $r3 = virtualinvoke $r2.<android.content.res.Resources: android.util.DisplayMetrics getDisplayMetrics()>() in method <one.me.sdk.emoji.sprite.b: int k(android.content.Context)>
[main] INFO soot.jimple.infoflow.android.SetupApplication$InPlaceInfoflow - - $r0 = virtualinvoke $r2.<android.os.HandlerThread: android.os.Looper getLooper()>() in method <ru.ok.android.externcalls.analytics.internal.event.EventQueueCollector$LooperProvider: android.os.Looper get()>
[main] INFO soot.jimple.infoflow.android.SetupApplication$InPlaceInfoflow - - $i2 = virtualinvoke $r1.<java.lang.Object: int hashCode()>() in method <m10.j: int hashCode()>
[main] INFO soot.jimple.infoflow.android.SetupApplication$InPlaceInfoflow - - $r5 = virtualinvoke $r3.<android.media.AudioDeviceInfo: int[] getChannelCounts()>() in method <org.webrtc.audio.WebRtcAudioUtils: void logAudioDeviceInfo(java.lang.String,android.media.AudioManager)>
[main] INFO soot.jimple.infoflow.android.SetupApplication$InPlaceInfoflow - - $i0 = virtualinvoke $r0.<java.lang.Object: int hashCode()>() in method <ru.CryptoPro.sspiSSL.cl_24: int hashCode()>
[main] INFO soot.jimple.infoflow.android.SetupApplication$InPlaceInfoflow - - $r1 = virtualinvoke $r3.<android.content.Context: java.io.File getFilesDir()>() in method <ru.ok.android.externcalls.analytics.internal.event.EventQueueCollector$OneLogFile: java.io.File get()>
[main] INFO soot.jimple.infoflow.android.SetupApplication$InPlaceInfoflow - - $i0 = virtualinvoke $r0.<java.lang.Object: int hashCode()>() in method <j90.s: int hashCode()>
[main] INFO soot.jimple.infoflow.android.SetupApplication$InPlaceInfoflow - - $i0 = virtualinvoke $r0.<java.lang.Object: int hashCode()>() in method <vc.o: int hashCode()>
[main] INFO soot.jimple.infoflow.android.SetupApplication$InPlaceInfoflow - - $i0 = virtualinvoke $r2.<java.lang.Object: int hashCode()>() in method <v0.a$d: int hashCode()>
[main] INFO soot.jimple.infoflow.android.SetupApplication$InPlaceInfoflow - - $r3 = virtualinvoke $r1.<android.content.Intent: java.lang.String getAction()>() in method <one.me.android.calls.a: boolean b(android.content.Context,android.content.Intent,java.lang.String)>
[main] INFO soot.jimple.infoflow.android.SetupApplication$InPlaceInfoflow - - $r8 = virtualinvoke $r1.<android.media.MediaCodecInfo: android.media.MediaCodecInfo$CodecCapabilities getCapabilitiesForType(java.lang.String)>($r4) in method <ru.ok.android.externcalls.sdk.stat.supportedcodecs.SupportedCodecsStatistics: org.json.JSONObject buildCodecLists()>
[main] INFO soot.jimple.infoflow.android.SetupApplication$InPlaceInfoflow - - $r0 = virtualinvoke $r2.<android.content.Context: java.lang.Object getSystemService(java.lang.String)>("connectivity") in method <one.me.net.connection.impl.internal.ConnectionInfoNougatImpl: android.net.ConnectivityManager t(one.me.net.connection.impl.internal.ConnectionInfoNougatImpl)>
[main] INFO soot.jimple.infoflow.android.SetupApplication$InPlaceInfoflow - - $r4 = virtualinvoke $r3.<android.content.res.Resources: android.util.DisplayMetrics getDisplayMetrics()>() in method <one.me.android.OneMeApplication: java.lang.String setupLogger$lambda$2(one.me.android.OneMeApplication)>
[main] INFO soot.jimple.infoflow.android.SetupApplication$InPlaceInfoflow - - $r0 = virtualinvoke $r1.<android.content.Context: java.io.File getCacheDir()>() in method <ru.ok.messages.utils.g: java.lang.Object invoke()>
[main] INFO soot.jimple.infoflow.android.SetupApplication$InPlaceInfoflow - - $r1 = virtualinvoke $r2.<android.content.Context: java.lang.Object getSystemService(java.lang.String)>("sensor") in method <one.me.sdk.android.tools.ProximityHelper: android.hardware.SensorManager t(vc.i)>
[main] INFO soot.jimple.infoflow.android.SetupApplication$InPlaceInfoflow - - $r0 = staticinvoke <android.os.Looper: android.os.Looper getMainLooper()>() in method <jf0.c: android.os.Looper d()>
[main] INFO soot.jimple.infoflow.android.SetupApplication$InPlaceInfoflow - - $r2 = virtualinvoke $r1.<android.hardware.SensorManager: android.hardware.Sensor getDefaultSensor(int)>(8) in method <one.me.sdk.android.tools.ProximityHelper: android.hardware.Sensor r(one.me.sdk.android.tools.ProximityHelper)>
[main] INFO soot.jimple.infoflow.android.SetupApplication$InPlaceInfoflow - - $i0 = virtualinvoke $r0.<java.lang.Object: int hashCode()>() in method <sb.o: int hashCode()>
[main] INFO soot.jimple.infoflow.android.SetupApplication$InPlaceInfoflow - - $l0 = virtualinvoke $r5.<android.animation.ValueAnimator: long getDuration()>() in method <one.me.sdk.richvector.EnhancedProgressAnimatedVectorDrawable$a: long c(android.animation.Animator)>
[main] INFO soot.jimple.infoflow.android.SetupApplication$InPlaceInfoflow - - $r9 = virtualinvoke this.<android.app.Activity: java.lang.String getLocalClassName()>() in method <ru.ok.messages.views.ActBase: void onCreate(android.os.Bundle)>
[main] INFO soot.jimple.infoflow.android.SetupApplication$InPlaceInfoflow - - $r2 = virtualinvoke $r1.<android.content.res.Resources: android.util.DisplayMetrics getDisplayMetrics()>() in method <x00.b: int d(int,x00.b$b)>
[main] INFO soot.jimple.infoflow.android.SetupApplication$InPlaceInfoflow - - $r5 = virtualinvoke this.<android.app.Activity: java.lang.String getLocalClassName()>() in method <ru.ok.messages.views.ActBase: void onDestroy()>
[main] INFO soot.jimple.infoflow.android.SetupApplication$InPlaceInfoflow - - $i1 = virtualinvoke $r0.<android.media.AudioManager: int getStreamVolume(int)>($i0) in method <one.me.sdk.ringtone.player.SimpleRingtonePlayer: float getCurrentAudioLevelByStreamType(int)>
[main] INFO soot.jimple.infoflow.android.SetupApplication$InPlaceInfoflow - - $z0 = virtualinvoke $r2.<android.view.inputmethod.InputMethodManager: boolean isActive()>() in method <one.me.sdk.codeinput.ConfirmSmsInputView: boolean isKeyboardOpen$lambda$0(android.content.Context)>
[main] INFO soot.jimple.infoflow.android.SetupApplication$InPlaceInfoflow - - $r2 = virtualinvoke $r0.<android.content.Context: android.content.SharedPreferences getSharedPreferences(java.lang.String,int)>("keyboard_prefs", 0) in method <ku.b: android.content.SharedPreferences j(android.content.Context)>
[main] INFO soot.jimple.infoflow.android.SetupApplication$InPlaceInfoflow - - $r1 = virtualinvoke $r3.<android.content.Context: java.io.File getFilesDir()>() in method <ru.ok.android.onelog.Collector$OneLogFile: java.io.File get()>
[main] INFO soot.jimple.infoflow.android.SetupApplication$InPlaceInfoflow - - $r1 = virtualinvoke $r0.<android.content.res.Resources: android.util.DisplayMetrics getDisplayMetrics()>() in method <one.me.messages.list.ui.view.delegates.views.MessageLinkView: one.me.sdk.uikit.common.utils.CornersOutlineProvider defaultImageOutlineProvider_delegate$lambda$0()>
[main] INFO soot.jimple.infoflow.android.SetupApplication$InPlaceInfoflow - - $i0 = virtualinvoke $r2.<java.lang.Object: int hashCode()>() in method <u9.q: int a(java.util.Set)>
[main] INFO soot.jimple.infoflow.android.SetupApplication$InPlaceInfoflow - - $i2 = virtualinvoke $r0.<java.lang.Object: int hashCode()>() in method <u9.e: int hashCode()>
[main] INFO soot.jimple.infoflow.android.SetupApplication$InPlaceInfoflow - - $r0 = virtualinvoke $r1.<android.content.pm.InstallSourceInfo: java.lang.String getInstallingPackageName()>() in method <m80.c: java.lang.String a(android.content.pm.InstallSourceInfo)>
[main] INFO soot.jimple.infoflow.android.SetupApplication$InPlaceInfoflow - - $r1 = virtualinvoke $r0.<android.content.Intent: android.net.Uri getData()>() in method <com.my.tracker.core.o.k: java.lang.String a(android.content.Intent)>
[main] INFO soot.jimple.infoflow.android.SetupApplication$InPlaceInfoflow - - $i0 = virtualinvoke $r0.<java.lang.Object: int hashCode()>() in method <one.video.gl.RendererHandler$d: int hashCode()>
[main] INFO soot.jimple.infoflow.android.SetupApplication$InPlaceInfoflow - - $r1 = virtualinvoke $r0.<android.content.res.Resources: android.util.DisplayMetrics getDisplayMetrics()>() in method <ru.ok.tamtam.shared.p: float o()>
[main] INFO soot.jimple.infoflow.android.SetupApplication$InPlaceInfoflow - - $i4 = virtualinvoke $r3.<java.lang.Object: int hashCode()>() in method <v0.b0: int hashCode()>
[main] INFO soot.jimple.infoflow.android.SetupApplication$InPlaceInfoflow - - $r2 = virtualinvoke $r1.<android.content.Context: android.content.SharedPreferences getSharedPreferences(java.lang.String,int)>($r0, 0) in method <n50.f: android.content.SharedPreferences e()>
[main] INFO soot.jimple.infoflow.android.SetupApplication$InPlaceInfoflow - - $r3 = virtualinvoke $r0.<android.media.AudioDeviceInfo: java.lang.CharSequence getProductName()>() in method <ru.ok.android.externcalls.sdk.audio.internal.impl3.CallsAudioManagerV3Impl: vc.o mapAndroidDeviceToCallsDevice(android.media.AudioDeviceInfo)>
[main] INFO soot.jimple.infoflow.android.SetupApplication$InPlaceInfoflow - - $r2 = virtualinvoke $r1.<android.content.res.Resources: android.util.DisplayMetrics getDisplayMetrics()>() in method <x00.b: int d(int,x00.b$b)>
[main] INFO soot.jimple.infoflow.android.SetupApplication$InPlaceInfoflow - - $r2 = virtualinvoke $r1.<android.util.Range: java.lang.Comparable getUpper()>() in method <org.webrtc.Camera2Enumerator: java.util.List convertFramerates(android.util.Range[],int)>
[main] INFO soot.jimple.infoflow.android.SetupApplication$InPlaceInfoflow - - $i1 = virtualinvoke $r1.<java.lang.Object: int hashCode()>() in method <re.j0: int hashCode()>
[main] INFO soot.jimple.infoflow.android.SetupApplication$InPlaceInfoflow - - $r3 = virtualinvoke $r0.<android.media.AudioDeviceInfo: java.lang.CharSequence getProductName()>() in method <ru.ok.android.externcalls.sdk.audio.internal.impl3.CallsAudioManagerV3Impl: vc.o mapAndroidDeviceToCallsDevice(android.media.AudioDeviceInfo)>
[main] INFO soot.jimple.infoflow.android.SetupApplication$InPlaceInfoflow - - $i1 = virtualinvoke $r1.<java.lang.Object: int hashCode()>() in method <v0.a$d: int hashCode()>
[main] INFO soot.jimple.infoflow.android.SetupApplication$InPlaceInfoflow - - $r2 = staticinvoke <android.provider.DocumentsContract: java.lang.String getDocumentId(android.net.Uri)>($r14) in method <ej0.d: java.lang.String p(android.content.Context,android.net.Uri,ej0.n)>
[main] INFO soot.jimple.infoflow.android.SetupApplication$InPlaceInfoflow - - $i1 = virtualinvoke $r0.<java.lang.Object: int hashCode()>() in method <kotlinx.coroutines.b0: int hashCode()>
[main] INFO soot.jimple.infoflow.android.SetupApplication$InPlaceInfoflow - - $r2 = virtualinvoke $r1.<android.content.Intent: android.net.Uri getData()>() in method <one.me.android.deeplink.LinkInterceptorActivity: void onCreate(android.os.Bundle)>
[main] INFO soot.jimple.infoflow.android.SetupApplication$InPlaceInfoflow - - $r10 = virtualinvoke $r1.<android.media.AudioDeviceInfo: java.lang.CharSequence getProductName()>() in method <ru.ok.android.externcalls.sdk.audio.internal.impl3.CallsAudioManagerV3Impl$onCommunicationDeviceChanged$1: void invoke()>
[main] INFO soot.jimple.infoflow.android.SetupApplication$InPlaceInfoflow - - $r3 = virtualinvoke $r2.<android.content.res.Resources: android.util.DisplayMetrics getDisplayMetrics()>() in method <one.me.sdk.uikit.common.textlayout.TextLayoutManager: android.util.Size p(one.me.sdk.uikit.common.textlayout.TextLayoutManager)>
[main] INFO soot.jimple.infoflow.android.SetupApplication$InPlaceInfoflow - - $z2 = virtualinvoke $r2.<android.media.AudioManager: boolean isMusicActive()>() in method <org.webrtc.audio.WebRtcAudioUtils: void logAudioStateBasic(java.lang.String,android.content.Context,android.media.AudioManager)>
[main] INFO soot.jimple.infoflow.android.SetupApplication$InPlaceInfoflow - - $r2 = virtualinvoke $r1.<android.net.Uri: java.util.Set getQueryParameterNames()>() in method <one.me.android.deeplink.LinkInterceptorActivity: java.lang.String clearMyTrackerLinkIfNeed(java.lang.String)>
[main] INFO soot.jimple.infoflow.android.SetupApplication$InPlaceInfoflow - - $r0 = staticinvoke <android.content.res.Resources: android.content.res.Resources getSystem()>() in method <ru.ok.tamtam.shared.p: android.content.res.Resources p()>
[main] INFO soot.jimple.infoflow.android.SetupApplication$InPlaceInfoflow - - $r2 = virtualinvoke $r1.<android.content.Intent: android.os.Bundle getExtras()>() in method <one.me.calls.impl.media.broadcast.PhoneStateReceiver: void onReceive(android.content.Context,android.content.Intent)>
[main] INFO soot.jimple.infoflow.android.SetupApplication$InPlaceInfoflow - - $i1 = virtualinvoke $r0.<java.lang.Object: int hashCode()>() in method <ru.CryptoPro.ssl.cl_98: int hashCode()>
[main] INFO soot.jimple.infoflow.android.SetupApplication$InPlaceInfoflow - - $r7 = virtualinvoke $r0.<android.media.AudioDeviceInfo: java.lang.CharSequence getProductName()>() in method <ru.ok.android.externcalls.sdk.audio.internal.impl3.CallsAudioManagerV3Impl: ru.ok.android.externcalls.sdk.audio.CallsAudioDeviceInfo getDeviceForAndroidDevice(android.media.AudioDeviceInfo)>
[main] INFO soot.jimple.infoflow.android.SetupApplication$InPlaceInfoflow - - $r1 = virtualinvoke $r0.<java.lang.Object: java.lang.String toString()>() in method <u9.w0: java.lang.String toString()>
[main] INFO soot.jimple.infoflow.android.SetupApplication$InPlaceInfoflow - - $r2 = virtualinvoke $r1.<android.media.AudioManager: android.media.AudioDeviceInfo[] getDevices(int)>(2) in method <ru.ok.android.externcalls.sdk.audio.internal.impl.CallsWiredHeadsetManager: ru.ok.android.externcalls.sdk.audio.internal.impl.CallsWiredHeadsetManager$WiredHeadsetState getWiredHeadsetStateSdk28(java.lang.String)>
[main] INFO soot.jimple.infoflow.android.SetupApplication$InPlaceInfoflow - - $i0 = virtualinvoke $r0.<java.lang.Object: int hashCode()>() in method <n7.a: int a(int,java.lang.Object)>
[main] INFO soot.jimple.infoflow.android.SetupApplication$InPlaceInfoflow - - $r0 = virtualinvoke $r2.<android.content.Context: java.lang.Object getSystemService(java.lang.String)>("audio") in method <one.me.sdk.android.tools.AudioFocusRegulator: android.media.AudioManager f(one.me.sdk.android.tools.AudioFocusRegulator)>
[main] INFO soot.jimple.infoflow.android.SetupApplication$InPlaceInfoflow - - $r16 = virtualinvoke $r15.<android.util.Range: java.lang.Comparable getUpper()>() in method <hc0.o: void a()>
[main] INFO soot.jimple.infoflow.android.SetupApplication$InPlaceInfoflow - - $r1 = virtualinvoke $r0.<android.bluetooth.BluetoothDevice: java.lang.String getName()>() in method <ru.ok.android.externcalls.sdk.audio.internal.impl.CallsBluetoothManager: java.lang.String getBluetoothDeviceName(android.bluetooth.BluetoothDevice)>
[main] INFO soot.jimple.infoflow.android.SetupApplication$InPlaceInfoflow - - $r5 = virtualinvoke $r3.<android.media.AudioDeviceInfo: int[] getSampleRates()>() in method <org.webrtc.audio.WebRtcAudioUtils: void logAudioDeviceInfo(java.lang.String,android.media.AudioManager)>
[main] INFO soot.jimple.infoflow.android.SetupApplication$InPlaceInfoflow - - $r0 = virtualinvoke $r2.<android.content.Context: android.content.ContentResolver getContentResolver()>() in method <sn0.b: android.content.ContentResolver i(sn0.b)>
[main] INFO soot.jimple.infoflow.android.SetupApplication$InPlaceInfoflow - - $r2 = virtualinvoke $r0.<android.hardware.Camera$Parameters: java.util.List getSupportedPreviewFpsRange()>() in method <org.webrtc.Camera1Session: org.webrtc.CameraEnumerationAndroid$CaptureFormat findClosestCaptureFormat(android.hardware.Camera$Parameters,org.webrtc.CameraVideoCapturer$CaptureFormatHelper,int,int,int)>
[main] INFO soot.jimple.infoflow.android.SetupApplication$InPlaceInfoflow - - $z0 = virtualinvoke $r1.<android.media.AudioManager: boolean isVolumeFixed()>() in method <org.webrtc.audio.WebRtcAudioUtils: void logAudioStateVolume(java.lang.String,android.media.AudioManager)>
[main] INFO soot.jimple.infoflow.android.SetupApplication$InPlaceInfoflow - - $r4 = virtualinvoke $r3.<android.content.res.Resources: android.util.DisplayMetrics getDisplayMetrics()>() in method <one.me.sdk.conductor.changehandlers.swipe.SwipeGestureDetector: int K(one.me.sdk.conductor.changehandlers.swipe.SwipeGestureDetector)>
[main] INFO soot.jimple.infoflow.android.SetupApplication$InPlaceInfoflow - - $r0 = virtualinvoke $r2.<android.content.Context: java.lang.Object getSystemService(java.lang.String)>("notification") in method <ig.e: android.app.NotificationManager k(ig.e)>
[main] INFO soot.jimple.infoflow.android.SetupApplication$InPlaceInfoflow - - $r1 = virtualinvoke $r0.<android.content.res.Resources: android.util.DisplayMetrics getDisplayMetrics()>() in method <one.me.calls.ui.view.CallUserView: float[] MAIN_BG_RADIUS_delegate$lambda$0()>
[main] INFO soot.jimple.infoflow.android.SetupApplication$InPlaceInfoflow - - $r3 = virtualinvoke $r0.<android.media.AudioDeviceInfo: java.lang.CharSequence getProductName()>() in method <ru.ok.android.externcalls.sdk.audio.internal.impl3.CallsAudioManagerV3Impl: vc.o mapAndroidDeviceToCallsDevice(android.media.AudioDeviceInfo)>
[main] INFO soot.jimple.infoflow.android.SetupApplication$InPlaceInfoflow - - $i1 = virtualinvoke $r2.<java.lang.Object: int hashCode()>() in method <yn0.a: int hashCode()>
[main] INFO soot.jimple.infoflow.android.SetupApplication$InPlaceInfoflow - - $r1 = virtualinvoke $r0.<android.content.res.Resources: android.util.DisplayMetrics getDisplayMetrics()>() in method <one.me.calls.ui.view.CallSpeakerLabel: float[] BG_RADIUS_delegate$lambda$0()>
[main] INFO soot.jimple.infoflow.android.SetupApplication$InPlaceInfoflow - - $i1 = virtualinvoke $r0.<java.lang.Object: int hashCode()>() in method <jb.d: int f(int,java.lang.Object)>
[main] INFO soot.jimple.infoflow.android.SetupApplication$InPlaceInfoflow - - $i1 = virtualinvoke $r3.<java.lang.Object: int hashCode()>() in method <zj0.c$a: int h(java.util.Map)>
[main] INFO soot.jimple.infoflow.android.SetupApplication$InPlaceInfoflow - - $i1 = virtualinvoke $r0.<java.lang.Object: int hashCode()>() in method <com.fasterxml.jackson.core.f: int hashCode()>
[main] INFO soot.jimple.infoflow.android.SetupApplication$InPlaceInfoflow - - $i0 = virtualinvoke $r0.<java.lang.Object: int hashCode()>() in method <pp0.b: int hashCode()>
[main] INFO soot.jimple.infoflow.android.SetupApplication$InPlaceInfoflow - - $i1 = virtualinvoke $r2.<java.lang.Object: int hashCode()>() in method <yn0.a: int hashCode()>
[main] INFO soot.jimple.infoflow.android.SetupApplication$InPlaceInfoflow - - $r3 = virtualinvoke $r2.<android.content.res.Resources: android.util.DisplayMetrics getDisplayMetrics()>() in method <ru.ok.messages.messages.widgets.g: int k()>
[main] INFO soot.jimple.infoflow.android.SetupApplication$InPlaceInfoflow - - $r2 = virtualinvoke $r1.<android.util.Range: java.lang.Comparable getLower()>() in method <org.webrtc.Camera2Enumerator: java.util.List convertFramerates(android.util.Range[],int)>
[main] INFO soot.jimple.infoflow.android.SetupApplication$InPlaceInfoflow - - $r4 = interfaceinvoke $r0.<android.database.Cursor: byte[] getBlob(int)>(0) in method <ru.ok.android.externcalls.analytics.internal.storage.DatabaseHelper$RecordsQuery: java.lang.String next()>
[main] INFO soot.jimple.infoflow.android.SetupApplication$InPlaceInfoflow - - $r3 = virtualinvoke $r0.<android.media.AudioDeviceInfo: java.lang.CharSequence getProductName()>() in method <ru.ok.android.externcalls.sdk.audio.internal.impl3.CallsAudioManagerV3Impl: vc.o mapAndroidDeviceToCallsDevice(android.media.AudioDeviceInfo)>
[main] INFO soot.jimple.infoflow.android.SetupApplication$InPlaceInfoflow - - $i2 = virtualinvoke $r1.<java.lang.Object: int hashCode()>() in method <xc.c: int i(java.lang.Object[],int,int)>
[main] INFO soot.jimple.infoflow.android.SetupApplication$InPlaceInfoflow - - $r8 = virtualinvoke $r7.<android.content.ClipData$Item: android.net.Uri getUri()>() in method <one.me.webapp.rootscreen.o0$v: java.lang.Object o(java.lang.Object)>
[main] INFO soot.jimple.infoflow.android.SetupApplication$InPlaceInfoflow - - $i0 = virtualinvoke $r0.<java.lang.Object: int hashCode()>() in method <n.p: int hashCode()>
[main] INFO soot.jimple.infoflow.android.SetupApplication$InPlaceInfoflow - - $i2 = virtualinvoke $r4.<java.lang.Object: int hashCode()>() in method <tl0.d: int a(android.text.Spanned)>
[main] INFO soot.jimple.infoflow.android.SetupApplication$InPlaceInfoflow - - $r0 = virtualinvoke $r2.<android.graphics.drawable.BitmapDrawable: android.graphics.Bitmap getBitmap()>() in method <wv.e: android.graphics.Bitmap a(android.graphics.drawable.Drawable)>
[main] INFO soot.jimple.infoflow.android.SetupApplication$InPlaceInfoflow - - $r2 = virtualinvoke $r0.<java.lang.Object: java.lang.String toString()>() in method <gk0.c: java.lang.String g(java.lang.Object,boolean,boolean)>
[main] INFO soot.jimple.infoflow.android.SetupApplication$InPlaceInfoflow - - $i2 = virtualinvoke $r15.<android.app.ActivityManager: int getMemoryClass()>() in method <vg0.x: vg0.w c(android.content.Context)>
[main] INFO soot.jimple.infoflow.android.SetupApplication$InPlaceInfoflow - - $r14 = virtualinvoke $r28.<android.media.MediaCodecInfo: java.lang.String getName()>() in method <hc0.o: void a()>
[main] INFO soot.jimple.infoflow.android.SetupApplication$InPlaceInfoflow - - $l2 = virtualinvoke $r0.<android.animation.Animator: long getTotalDuration()>() in method <one.me.sdk.richvector.EnhancedProgressAnimatedVectorDrawable$a: long c(android.animation.Animator)>
[main] INFO soot.jimple.infoflow.android.SetupApplication$InPlaceInfoflow - - $i4 = virtualinvoke $r3.<java.lang.Object: int hashCode()>() in method <v0.t: int hashCode()>
[main] INFO soot.jimple.infoflow.android.SetupApplication$InPlaceInfoflow - - $i1 = virtualinvoke $r0.<java.lang.Object: int hashCode()>() in method <me.j1$a: int hashCode()>
[main] INFO soot.jimple.infoflow.android.SetupApplication$InPlaceInfoflow - - $r0 = virtualinvoke $r1.<java.lang.Object: java.lang.String toString()>() in method <rk0.g: java.lang.Object invoke(java.lang.Object)>
[main] INFO soot.jimple.infoflow.android.SetupApplication$InPlaceInfoflow - - $r0 = virtualinvoke $r1.<android.media.MediaCodec: android.media.MediaFormat getOutputFormat()>() in method <org.webrtc.MediaCodecWrapperFactoryImpl$MediaCodecWrapperImpl: android.media.MediaFormat getOutputFormat()>
[main] INFO soot.jimple.infoflow.android.SetupApplication$InPlaceInfoflow - - $r2 = virtualinvoke $r1.<android.content.res.Resources: android.util.DisplayMetrics getDisplayMetrics()>() in method <x00.b: int d(int,x00.b$b)>
[main] INFO soot.jimple.infoflow.android.SetupApplication$InPlaceInfoflow - - $r3 = virtualinvoke $r2.<android.content.res.Resources: android.util.DisplayMetrics getDisplayMetrics()>() in method <ru.ok.tamtam.shared.q: android.util.Size a(android.content.Context)>
[main] INFO soot.jimple.infoflow.android.SetupApplication$InPlaceInfoflow - - $r0 = virtualinvoke $r1.<java.lang.Object: java.lang.String toString()>() in method <rk0.o$a: java.lang.String a(java.lang.Object)>
[main] INFO soot.jimple.infoflow.android.SetupApplication$InPlaceInfoflow - - $r15 = virtualinvoke $r1.<android.content.Intent: android.net.Uri getData()>() in method <one.me.android.root.d: void e(android.app.Activity,android.content.Intent)>
[main] INFO soot.jimple.infoflow.android.SetupApplication$InPlaceInfoflow - - $i0 = virtualinvoke $r2.<java.lang.Object: int hashCode()>() in method <v9.b: int a(java.util.Set)>
[main] INFO soot.jimple.infoflow.android.SetupApplication$InPlaceInfoflow - - $i0 = virtualinvoke $r0.<java.lang.Object: int hashCode()>() in method <ap0.v: int hashCode()>
[main] INFO soot.jimple.infoflow.android.SetupApplication$InPlaceInfoflow - - $r3 = virtualinvoke $r2.<android.content.res.Resources: android.util.DisplayMetrics getDisplayMetrics()>() in method <ru.ok.tamtam.shared.q: android.util.Size a(android.content.Context)>
[main] INFO soot.jimple.infoflow.android.SetupApplication$InPlaceInfoflow - - $i1 = virtualinvoke $r2.<java.lang.Object: int hashCode()>() in method <xc.d$b: int j()>
[main] INFO soot.jimple.infoflow.android.SetupApplication$InPlaceInfoflow - - $r1 = virtualinvoke $r2.<android.content.ContextWrapper: android.content.SharedPreferences getSharedPreferences(java.lang.String,int)>("mytracker_prefs", 0) in method <com.my.tracker.core.o.e0: com.my.tracker.core.o.e0 a(android.content.ContextWrapper)>
[main] INFO soot.jimple.infoflow.android.SetupApplication$InPlaceInfoflow - - $r0 = virtualinvoke $r1.<android.content.Context: android.content.SharedPreferences getSharedPreferences(java.lang.String,int)>("one.me.sdk.design.theme", 0) in method <ov.c: android.content.SharedPreferences z(android.content.Context)>
[main] INFO soot.jimple.infoflow.android.SetupApplication$InPlaceInfoflow - - $i0 = virtualinvoke $r0.<java.lang.Object: int hashCode()>() in method <wd.n: int hashCode()>
[main] INFO soot.jimple.infoflow.android.SetupApplication$InPlaceInfoflow - - $r16 = virtualinvoke $r15.<android.util.Range: java.lang.Comparable getUpper()>() in method <hc0.o: void a()>
[main] INFO soot.jimple.infoflow.android.SetupApplication$InPlaceInfoflow - - $i0 = virtualinvoke $r0.<java.lang.Object: int hashCode()>() in method <vc.p: int f(java.lang.Object)>
[main] INFO soot.jimple.infoflow.android.SetupApplication$InPlaceInfoflow - - $i1 = virtualinvoke $r0.<android.media.AudioManager: int getStreamMaxVolume(int)>($i0) in method <one.me.sdk.ringtone.player.SimpleRingtonePlayer: float getCurrentAudioLevelByStreamType(int)>
[main] INFO soot.jimple.infoflow.android.SetupApplication$InPlaceInfoflow - - $r2 = virtualinvoke $r1.<android.content.Context: java.lang.Object getSystemService(java.lang.String)>("vibrator") in method <one.me.webapp.rootscreen.WebAppRootScreen: android.os.Vibrator d5(one.me.webapp.rootscreen.WebAppRootScreen)>
[main] INFO soot.jimple.infoflow.android.SetupApplication$InPlaceInfoflow - - $i0 = virtualinvoke $r0.<java.lang.Object: int hashCode()>() in method <xc.d$c: int hashCode()>
[main] INFO soot.jimple.infoflow.android.SetupApplication$InPlaceInfoflow - - $r2 = virtualinvoke $r1.<android.content.res.Resources: android.util.DisplayMetrics getDisplayMetrics()>() in method <ql.a: int c(android.content.Context)>
[main] INFO soot.jimple.infoflow.android.SetupApplication$InPlaceInfoflow - - $z1 = virtualinvoke $r2.<android.media.AudioManager: boolean isMicrophoneMute()>() in method <org.webrtc.audio.WebRtcAudioUtils: void logAudioStateBasic(java.lang.String,android.content.Context,android.media.AudioManager)>
[main] INFO soot.jimple.infoflow.android.SetupApplication$InPlaceInfoflow - - $r3 = virtualinvoke $r0.<android.media.AudioDeviceInfo: java.lang.CharSequence getProductName()>() in method <ru.ok.android.externcalls.sdk.audio.internal.impl3.CallsAudioManagerV3Impl: vc.o mapAndroidDeviceToCallsDevice(android.media.AudioDeviceInfo)>
[main] INFO soot.jimple.infoflow.android.SetupApplication$InPlaceInfoflow - - $r2 = virtualinvoke $r1.<android.content.res.Resources: android.util.DisplayMetrics getDisplayMetrics()>() in method <x00.b: int d(int,x00.b$b)>
[main] INFO soot.jimple.infoflow.android.SetupApplication$InPlaceInfoflow - - $i3 = virtualinvoke $r3.<java.lang.Object: int hashCode()>() in method <v0.b1: int hashCode()>
[main] INFO soot.jimple.infoflow.android.SetupApplication$InPlaceInfoflow - - $r7 = virtualinvoke $r1.<android.media.MediaCodecInfo: java.lang.String getName()>() in method <ru.ok.android.externcalls.sdk.stat.supportedcodecs.SupportedCodecsStatistics: org.json.JSONObject buildCodecLists()>
[main] INFO soot.jimple.infoflow.android.SetupApplication$InPlaceInfoflow - The sink staticinvoke <android.util.Log: int println(int,java.lang.String,java.lang.String)>($i0, $r1, $r2) in method <e5.b: void l(int,java.lang.String,java.lang.String,java.lang.Throwable)> was called with values from the following sources:
[main] INFO soot.jimple.infoflow.android.SetupApplication$InPlaceInfoflow - - $r0 = staticinvoke <android.util.Log: java.lang.String getStackTraceString(java.lang.Throwable)>($r1) in method <e5.b: java.lang.String i(java.lang.Throwable)>
[main] INFO soot.jimple.infoflow.android.SetupApplication$InPlaceInfoflow - The sink virtualinvoke $r2.<android.content.Context: void startActivity(android.content.Intent)>($r3) in method <one.me.calls.impl.service.f: void a(java.lang.String,long)> was called with values from the following sources:
[main] INFO soot.jimple.infoflow.android.SetupApplication$InPlaceInfoflow - - $r0 = virtualinvoke $r1.<android.content.Context: java.lang.Object getSystemService(java.lang.String)>("audio") in method <one.me.audio.message.player.AudioMessagePlayer: android.media.AudioManager audioManager_delegate$lambda$0(android.content.Context)>
[main] INFO soot.jimple.infoflow.android.SetupApplication$InPlaceInfoflow - - $r0 = virtualinvoke $r1.<android.content.Context: java.io.File getExternalCacheDir()>() in method <ru.ok.messages.utils.f: java.lang.Object invoke()>
[main] INFO soot.jimple.infoflow.android.SetupApplication$InPlaceInfoflow - - $r0 = virtualinvoke $r1.<android.content.Context: java.io.File getCacheDir()>() in method <ru.ok.messages.utils.g: java.lang.Object invoke()>
[main] INFO soot.jimple.infoflow.android.SetupApplication$InPlaceInfoflow - - $r0 = virtualinvoke $r2.<android.content.Context: android.content.SharedPreferences getSharedPreferences(java.lang.String,int)>("permissions_prefs", 0) in method <one.me.sdk.permissions.m: android.content.SharedPreferences f(one.me.sdk.permissions.m)>
[main] INFO soot.jimple.infoflow.android.SetupApplication$InPlaceInfoflow - - $r0 = virtualinvoke $r1.<android.content.Context: android.content.SharedPreferences getSharedPreferences(java.lang.String,int)>("one.me.sdk.design.theme", 0) in method <ov.c: android.content.SharedPreferences z(android.content.Context)>
[main] INFO soot.jimple.infoflow.android.SetupApplication$InPlaceInfoflow - - $r2 = virtualinvoke $r1.<android.content.Context: java.lang.Object getSystemService(java.lang.String)>("audio") in method <p20.i: android.media.AudioManager Q0(p20.i)>
[main] INFO soot.jimple.infoflow.android.SetupApplication$InPlaceInfoflow - - $r2 = virtualinvoke $r1.<android.content.Context: java.lang.Object getSystemService(java.lang.String)>("audio") in method <one.me.sdk.messagewrite.recordcontrols.f: android.media.AudioManager N0(one.me.sdk.messagewrite.recordcontrols.f)>
[main] INFO soot.jimple.infoflow.android.SetupApplication$InPlaceInfoflow - - $r0 = virtualinvoke $r2.<android.content.Context: java.lang.Object getSystemService(java.lang.String)>("audio") in method <vi.g: android.media.AudioManager g(vi.g)>
[main] INFO soot.jimple.infoflow.android.SetupApplication$InPlaceInfoflow - - $r0 = staticinvoke <android.os.Looper: android.os.Looper getMainLooper()>() in method <jf0.c: android.os.Looper d()>
[main] INFO soot.jimple.infoflow.android.SetupApplication$InPlaceInfoflow - - $r2 = virtualinvoke $r1.<android.os.HandlerThread: android.os.Looper getLooper()>() in method <x50.y: android.os.Looper p2()>
[main] INFO soot.jimple.infoflow.android.SetupApplication$InPlaceInfoflow - - $r0 = virtualinvoke $r2.<android.content.Context: android.content.ContentResolver getContentResolver()>() in method <sn0.b: android.content.ContentResolver i(sn0.b)>
[main] INFO soot.jimple.infoflow.android.SetupApplication$InPlaceInfoflow - - $r2 = virtualinvoke $r1.<android.hardware.SensorManager: android.hardware.Sensor getDefaultSensor(int)>(8) in method <one.me.sdk.android.tools.ProximityHelper: android.hardware.Sensor r(one.me.sdk.android.tools.ProximityHelper)>
[main] INFO soot.jimple.infoflow.android.SetupApplication$InPlaceInfoflow - - $r2 = virtualinvoke $r1.<android.content.Context: java.lang.Object getSystemService(java.lang.String)>("vibrator") in method <one.me.webapp.rootscreen.WebAppRootScreen: android.os.Vibrator d5(one.me.webapp.rootscreen.WebAppRootScreen)>
[main] INFO soot.jimple.infoflow.android.SetupApplication$InPlaceInfoflow - - $r0 = virtualinvoke $r2.<android.content.Context: java.lang.Object getSystemService(java.lang.String)>("notification") in method <ig.e: android.app.NotificationManager k(ig.e)>
[main] INFO soot.jimple.infoflow.android.SetupApplication$InPlaceInfoflow - - $r0 = staticinvoke <android.content.res.Resources: android.content.res.Resources getSystem()>() in method <ru.ok.tamtam.shared.p: android.content.res.Resources p()>
[main] INFO soot.jimple.infoflow.android.SetupApplication$InPlaceInfoflow - - $r1 = virtualinvoke $r0.<android.os.Looper: java.lang.Thread getThread()>() in method <vf.i$b: java.lang.Thread j()>
[main] INFO soot.jimple.infoflow.android.SetupApplication$InPlaceInfoflow - - $r0 = virtualinvoke $r2.<android.content.Context: android.content.SharedPreferences getSharedPreferences(java.lang.String,int)>("no_v.prefs", 0) in method <one.me.sdk.vendor.g: android.content.SharedPreferences m(one.me.sdk.vendor.g)>
[main] INFO soot.jimple.infoflow.android.SetupApplication$InPlaceInfoflow - - $r3 = virtualinvoke $r2.<android.content.Context: android.content.res.Resources getResources()>() in method <rf.g$o2: java.lang.Object b(xq0.a)>
[main] INFO soot.jimple.infoflow.android.SetupApplication$InPlaceInfoflow - - $r0 = virtualinvoke $r2.<android.content.Context: java.lang.Object getSystemService(java.lang.String)>("audio") in method <ru.ok.messages.controllers.AudioController: android.media.AudioManager audioManager_delegate$lambda$0(ru.ok.messages.controllers.AudioController)>
[main] INFO soot.jimple.infoflow.android.SetupApplication$InPlaceInfoflow - - $r0 = virtualinvoke $r2.<android.content.Context: java.lang.Object getSystemService(java.lang.String)>("audio") in method <one.me.sdk.android.tools.AudioFocusRegulator: android.media.AudioManager f(one.me.sdk.android.tools.AudioFocusRegulator)>
[main] INFO soot.jimple.infoflow.android.SetupApplication$InPlaceInfoflow - - $r0 = virtualinvoke $r2.<android.content.Context: java.lang.Object getSystemService(java.lang.String)>("vibrator") in method <vi.g: android.os.Vibrator K(vi.g)>
[main] INFO soot.jimple.infoflow.android.SetupApplication$InPlaceInfoflow - The sink staticinvoke <android.util.Log: int d(java.lang.String,java.lang.String)>($r1, $r0) in method <r.s0: void a(java.lang.String,java.lang.String)> was called with values from the following sources:
[main] INFO soot.jimple.infoflow.android.SetupApplication$InPlaceInfoflow - - $r0 = virtualinvoke $r2.<android.os.HandlerThread: android.os.Looper getLooper()>() in method <ru.ok.android.externcalls.analytics.internal.event.EventQueueCollector$LooperProvider: android.os.Looper get()>
[main] INFO soot.jimple.infoflow.android.SetupApplication$InPlaceInfoflow - - $r0 = virtualinvoke $r1.<android.content.Context: java.io.File getExternalCacheDir()>() in method <ru.ok.messages.utils.f: java.lang.Object invoke()>
[main] INFO soot.jimple.infoflow.android.SetupApplication$InPlaceInfoflow - - $r2 = virtualinvoke $r1.<android.content.Context: java.lang.Object getSystemService(java.lang.String)>("audio") in method <one.me.sdk.messagewrite.recordcontrols.f: android.media.AudioManager N0(one.me.sdk.messagewrite.recordcontrols.f)>
[main] INFO soot.jimple.infoflow.android.SetupApplication$InPlaceInfoflow - - $r0 = virtualinvoke $r2.<android.content.Context: java.lang.Object getSystemService(java.lang.String)>("audio") in method <vi.g: android.media.AudioManager g(vi.g)>
[main] INFO soot.jimple.infoflow.android.SetupApplication$InPlaceInfoflow - - $r0 = virtualinvoke $r2.<android.content.Context: android.content.ContentResolver getContentResolver()>() in method <sn0.b: android.content.ContentResolver i(sn0.b)>
[main] INFO soot.jimple.infoflow.android.SetupApplication$InPlaceInfoflow - - $r2 = virtualinvoke $r1.<android.os.HandlerThread: android.os.Looper getLooper()>() in method <x50.y: android.os.Looper p2()>
[main] INFO soot.jimple.infoflow.android.SetupApplication$InPlaceInfoflow - - $r0 = virtualinvoke $r1.<java.lang.Object: java.lang.String toString()>() in method <rk0.j: java.lang.Object apply(java.lang.Object)>
[main] INFO soot.jimple.infoflow.android.SetupApplication$InPlaceInfoflow - - $l1 = virtualinvoke $r0.<android.animation.Animator: long getStartDelay()>() in method <one.me.sdk.richvector.EnhancedProgressAnimatedVectorDrawable$a: long c(android.animation.Animator)>
[main] INFO soot.jimple.infoflow.android.SetupApplication$InPlaceInfoflow - - $r0 = virtualinvoke $r2.<android.content.Context: java.lang.Object getSystemService(java.lang.String)>("notification") in method <ig.e: android.app.NotificationManager k(ig.e)>
[main] INFO soot.jimple.infoflow.android.SetupApplication$InPlaceInfoflow - - $r6 = virtualinvoke $r5.<android.content.res.Configuration: android.os.LocaleList getLocales()>() in method <one.me.android.OneMeApplication: java.lang.String setupLogger$lambda$2(one.me.android.OneMeApplication)>
[main] INFO soot.jimple.infoflow.android.SetupApplication$InPlaceInfoflow - - $r0 = virtualinvoke $r2.<android.content.Context: android.content.SharedPreferences getSharedPreferences(java.lang.String,int)>("no_v.prefs", 0) in method <one.me.sdk.vendor.g: android.content.SharedPreferences m(one.me.sdk.vendor.g)>
[main] INFO soot.jimple.infoflow.android.SetupApplication$InPlaceInfoflow - - $r3 = virtualinvoke $r2.<android.content.Context: android.content.res.Resources getResources()>() in method <rf.g$o2: java.lang.Object b(xq0.a)>
[main] INFO soot.jimple.infoflow.android.SetupApplication$InPlaceInfoflow - - $r0 = virtualinvoke $r1.<android.content.Context: java.lang.Object getSystemService(java.lang.String)>("audio") in method <one.me.audio.message.player.AudioMessagePlayer: android.media.AudioManager audioManager_delegate$lambda$0(android.content.Context)>
[main] INFO soot.jimple.infoflow.android.SetupApplication$InPlaceInfoflow - - $r4 = virtualinvoke $r3.<android.content.res.Resources: android.util.DisplayMetrics getDisplayMetrics()>() in method <one.me.android.OneMeApplication: java.lang.String setupLogger$lambda$2(one.me.android.OneMeApplication)>
[main] INFO soot.jimple.infoflow.android.SetupApplication$InPlaceInfoflow - - $r0 = virtualinvoke $r1.<android.content.Context: java.io.File getCacheDir()>() in method <ru.ok.messages.utils.g: java.lang.Object invoke()>
[main] INFO soot.jimple.infoflow.android.SetupApplication$InPlaceInfoflow - - $r0 = staticinvoke <android.os.Looper: android.os.Looper getMainLooper()>() in method <jf0.c: android.os.Looper d()>
[main] INFO soot.jimple.infoflow.android.SetupApplication$InPlaceInfoflow - - $r2 = virtualinvoke $r1.<android.hardware.SensorManager: android.hardware.Sensor getDefaultSensor(int)>(8) in method <one.me.sdk.android.tools.ProximityHelper: android.hardware.Sensor r(one.me.sdk.android.tools.ProximityHelper)>
[main] INFO soot.jimple.infoflow.android.SetupApplication$InPlaceInfoflow - - $r4 = interfaceinvoke $r0.<android.database.Cursor: byte[] getBlob(int)>(0) in method <ru.ok.android.externcalls.analytics.internal.storage.DatabaseHelper$RecordsQuery: java.lang.String next()>
[main] INFO soot.jimple.infoflow.android.SetupApplication$InPlaceInfoflow - - $l0 = virtualinvoke $r5.<android.animation.ValueAnimator: long getDuration()>() in method <one.me.sdk.richvector.EnhancedProgressAnimatedVectorDrawable$a: long c(android.animation.Animator)>
[main] INFO soot.jimple.infoflow.android.SetupApplication$InPlaceInfoflow - - $r1 = virtualinvoke $r0.<android.media.AudioDeviceInfo: java.lang.CharSequence getProductName()>() in method <ru.ok.android.externcalls.sdk.audio.internal.impl3.CallsAudioManagerV3Impl: java.lang.String androidDeviceToString(android.media.AudioDeviceInfo)>
[main] INFO soot.jimple.infoflow.android.SetupApplication$InPlaceInfoflow - - $r3 = virtualinvoke $r1.<java.lang.Object: java.lang.String toString()>() in method <eh0.g1$c: java.lang.CharSequence a(java.lang.Object)>
[main] INFO soot.jimple.infoflow.android.SetupApplication$InPlaceInfoflow - - $r2 = virtualinvoke $r0.<java.lang.Object: java.lang.String toString()>() in method <gk0.c: java.lang.String g(java.lang.Object,boolean,boolean)>
[main] INFO soot.jimple.infoflow.android.SetupApplication$InPlaceInfoflow - - $l2 = virtualinvoke $r0.<android.animation.Animator: long getTotalDuration()>() in method <one.me.sdk.richvector.EnhancedProgressAnimatedVectorDrawable$a: long c(android.animation.Animator)>
[main] INFO soot.jimple.infoflow.android.SetupApplication$InPlaceInfoflow - - $r0 = virtualinvoke $r1.<java.lang.Object: java.lang.String toString()>() in method <rk0.g: java.lang.Object invoke(java.lang.Object)>
[main] INFO soot.jimple.infoflow.android.SetupApplication$InPlaceInfoflow - - $r0 = virtualinvoke $r2.<android.content.Context: android.content.SharedPreferences getSharedPreferences(java.lang.String,int)>("permissions_prefs", 0) in method <one.me.sdk.permissions.m: android.content.SharedPreferences f(one.me.sdk.permissions.m)>
[main] INFO soot.jimple.infoflow.android.SetupApplication$InPlaceInfoflow - - $r2 = virtualinvoke $r0.<java.lang.Object: java.lang.String toString()>() in method <one.me.sdk.concurrent.LinkedTransferQueue34: java.lang.String toString()>
[main] INFO soot.jimple.infoflow.android.SetupApplication$InPlaceInfoflow - - $z0 = virtualinvoke $r2.<android.view.inputmethod.InputMethodManager: boolean isActive()>() in method <one.me.sdk.codeinput.ConfirmSmsInputView: boolean isKeyboardOpen$lambda$0(android.content.Context)>
[main] INFO soot.jimple.infoflow.android.SetupApplication$InPlaceInfoflow - - $r2 = virtualinvoke $r1.<android.content.Intent: android.os.Bundle getExtras()>() in method <one.me.android.root.d$a: java.lang.CharSequence a(java.lang.String)>
[main] INFO soot.jimple.infoflow.android.SetupApplication$InPlaceInfoflow - - $l1 = virtualinvoke $r0.<android.animation.Animator: long getTotalDuration()>() in method <one.me.sdk.richvector.EnhancedProgressAnimatedVectorDrawable$a: long c(android.animation.Animator)>
[main] INFO soot.jimple.infoflow.android.SetupApplication$InPlaceInfoflow - - $r0 = virtualinvoke this.<android.app.Activity: android.content.Intent getIntent()>() in method <ru.ok.messages.photoeditor.ActPhotoEditor: java.lang.Boolean lambda$new$0()>
[main] INFO soot.jimple.infoflow.android.SetupApplication$InPlaceInfoflow - - $r2 = virtualinvoke $r1.<java.lang.Object: java.lang.String toString()>() in method <ru.ok.android.externcalls.sdk.events.SharedAnalyticsEvent: java.lang.String getName()>
[main] INFO soot.jimple.infoflow.android.SetupApplication$InPlaceInfoflow - - $r2 = virtualinvoke $r5.<java.lang.Object: java.lang.String toString()>() in method <zd.e: java.lang.String toString()>
[main] INFO soot.jimple.infoflow.android.SetupApplication$InPlaceInfoflow - - $r0 = virtualinvoke $r1.<java.lang.Object: java.lang.String toString()>() in method <rk0.o$a: java.lang.String a(java.lang.Object)>
[main] INFO soot.jimple.infoflow.android.SetupApplication$InPlaceInfoflow - - $i0 = virtualinvoke $r1.<android.app.ActivityManager: int getLargeMemoryClass()>() in method <one.me.android.OneMeApplication: int getLargeMemoryClass()>
[main] INFO soot.jimple.infoflow.android.SetupApplication$InPlaceInfoflow - - $r0 = virtualinvoke $r1.<android.content.pm.InstallSourceInfo: java.lang.String getInstallingPackageName()>() in method <m80.c: java.lang.String a(android.content.pm.InstallSourceInfo)>
[main] INFO soot.jimple.infoflow.android.SetupApplication$InPlaceInfoflow - - $r1 = virtualinvoke $r0.<android.content.res.Resources: android.util.DisplayMetrics getDisplayMetrics()>() in method <ru.ok.tamtam.shared.p: float o()>
[main] INFO soot.jimple.infoflow.android.SetupApplication$InPlaceInfoflow - - $r1 = virtualinvoke $r0.<android.os.Looper: java.lang.Thread getThread()>() in method <vf.i$b: java.lang.Thread j()>
[main] INFO soot.jimple.infoflow.android.SetupApplication$InPlaceInfoflow - - $r2 = virtualinvoke $r1.<android.content.Context: java.lang.Object getSystemService(java.lang.String)>("audio") in method <p20.i: android.media.AudioManager Q0(p20.i)>
[main] INFO soot.jimple.infoflow.android.SetupApplication$InPlaceInfoflow - - $r0 = virtualinvoke $r1.<android.content.Context: android.content.SharedPreferences getSharedPreferences(java.lang.String,int)>("one.me.sdk.design.theme", 0) in method <ov.c: android.content.SharedPreferences z(android.content.Context)>
[main] INFO soot.jimple.infoflow.android.SetupApplication$InPlaceInfoflow - - $r2 = virtualinvoke $r1.<android.content.Context: java.lang.Object getSystemService(java.lang.String)>("vibrator") in method <one.me.webapp.rootscreen.WebAppRootScreen: android.os.Vibrator d5(one.me.webapp.rootscreen.WebAppRootScreen)>
[main] INFO soot.jimple.infoflow.android.SetupApplication$InPlaceInfoflow - - $r3 = virtualinvoke $r2.<android.content.res.Resources: android.util.DisplayMetrics getDisplayMetrics()>() in method <one.me.sdk.uikit.common.textlayout.TextLayoutManager: android.util.Size p(one.me.sdk.uikit.common.textlayout.TextLayoutManager)>
[main] INFO soot.jimple.infoflow.android.SetupApplication$InPlaceInfoflow - - $r4 = virtualinvoke $r2.<android.util.Range: java.lang.Comparable getUpper()>() in method <n0.g: androidx.camera.video.internal.audio.a a()>
[main] INFO soot.jimple.infoflow.android.SetupApplication$InPlaceInfoflow - - $r0 = staticinvoke <android.content.res.Resources: android.content.res.Resources getSystem()>() in method <ru.ok.tamtam.shared.p: android.content.res.Resources p()>
[main] INFO soot.jimple.infoflow.android.SetupApplication$InPlaceInfoflow - - $l0 = virtualinvoke $r0.<android.animation.Animator: long getStartDelay()>() in method <one.me.sdk.richvector.EnhancedProgressAnimatedVectorDrawable$a: long c(android.animation.Animator)>
[main] INFO soot.jimple.infoflow.android.SetupApplication$InPlaceInfoflow - - $r2 = virtualinvoke $r1.<java.lang.Object: java.lang.String toString()>() in method <ru.CryptoPro.ssl.ServerSettings: java.lang.String toString()>
[main] INFO soot.jimple.infoflow.android.SetupApplication$InPlaceInfoflow - - $r1 = virtualinvoke $r0.<java.lang.Object: java.lang.String toString()>() in method <u9.w0: java.lang.String toString()>
[main] INFO soot.jimple.infoflow.android.SetupApplication$InPlaceInfoflow - - $r0 = virtualinvoke $r2.<android.content.Context: java.lang.Object getSystemService(java.lang.String)>("audio") in method <one.me.sdk.android.tools.AudioFocusRegulator: android.media.AudioManager f(one.me.sdk.android.tools.AudioFocusRegulator)>
[main] INFO soot.jimple.infoflow.android.SetupApplication$InPlaceInfoflow - - $r0 = virtualinvoke $r2.<android.content.Context: java.lang.Object getSystemService(java.lang.String)>("audio") in method <ru.ok.messages.controllers.AudioController: android.media.AudioManager audioManager_delegate$lambda$0(ru.ok.messages.controllers.AudioController)>
[main] INFO soot.jimple.infoflow.android.SetupApplication$InPlaceInfoflow - - $r0 = virtualinvoke $r2.<android.content.Context: java.lang.Object getSystemService(java.lang.String)>("vibrator") in method <vi.g: android.os.Vibrator K(vi.g)>
[main] INFO soot.jimple.infoflow.android.SetupApplication$InPlaceInfoflow - The sink virtualinvoke $r0.<android.content.Context: void startActivity(android.content.Intent)>($r2) in method <one.me.sdk.android.tools.f: void h(android.content.Context)> was called with values from the following sources:
[main] INFO soot.jimple.infoflow.android.SetupApplication$InPlaceInfoflow - - $r1 = virtualinvoke $r0.<android.content.Context: java.lang.String getPackageName()>() in method <one.me.sdk.android.tools.f: android.content.Intent e(android.content.Context)>
[main] INFO soot.jimple.infoflow.android.SetupApplication$InPlaceInfoflow - The sink virtualinvoke this.<android.content.Context: void startActivity(android.content.Intent)>($r6) in method <one.me.android.deeplink.LinkInterceptorActivity: boolean handleCallIntent(android.content.Intent)> was called with values from the following sources:
[main] INFO soot.jimple.infoflow.android.SetupApplication$InPlaceInfoflow - - $r5 = virtualinvoke $r0.<android.content.Intent: android.net.Uri getData()>() in method <one.me.android.deeplink.LinkInterceptorActivity: boolean handleCallIntent(android.content.Intent)>
[main] INFO soot.jimple.infoflow.android.SetupApplication$InPlaceInfoflow - - $r1 = virtualinvoke $r0.<android.content.Intent: java.lang.String getAction()>() in method <one.me.android.deeplink.LinkInterceptorActivity: boolean handleCallIntent(android.content.Intent)>
[main] INFO soot.jimple.infoflow.android.SetupApplication$InPlaceInfoflow - The sink virtualinvoke $r0.<android.content.Context: void startActivity(android.content.Intent)>($r1) in method <one.me.android.calls.a: boolean b(android.content.Context,android.content.Intent,java.lang.String)> was called with values from the following sources:
[main] INFO soot.jimple.infoflow.android.SetupApplication$InPlaceInfoflow - - $r13 = virtualinvoke $r1.<android.content.Intent: android.os.Bundle getExtras()>() in method <one.me.android.calls.a: boolean b(android.content.Context,android.content.Intent,java.lang.String)>
[main] INFO soot.jimple.infoflow.android.SetupApplication$InPlaceInfoflow - The sink staticinvoke <android.util.Log: int e(java.lang.String,java.lang.String,java.lang.Throwable)>($r0, $r1, $r2) in method <ru.ok.android.externcalls.analytics.internal.log.DefaultCallAnalyticsLogger: void e(java.lang.String,java.lang.String,java.lang.Throwable)> was called with values from the following sources:
[main] INFO soot.jimple.infoflow.android.SetupApplication$InPlaceInfoflow - - $r1 = virtualinvoke $r3.<android.content.Context: java.io.File getFilesDir()>() in method <ru.ok.android.onelog.Collector$OneLogFile: java.io.File get()>
[main] INFO soot.jimple.infoflow.android.SetupApplication$InPlaceInfoflow - - $r1 = virtualinvoke $r3.<android.content.Context: java.io.File getFilesDir()>() in method <ru.ok.android.externcalls.analytics.internal.event.EventQueueCollector$OneLogFile: java.io.File get()>
[main] INFO soot.jimple.infoflow.android.SetupApplication$InPlaceInfoflow - The sink staticinvoke <android.util.Log: int d(java.lang.String,java.lang.String)>("TransformImageView", $r4) in method <one.me.image.crop.view.TransformImageView: void onImageLaidOut()> was called with values from the following sources:
[main] INFO soot.jimple.infoflow.android.SetupApplication$InPlaceInfoflow - - $i0 = virtualinvoke $r0.<android.graphics.drawable.Drawable: int getIntrinsicWidth()>() in method <one.me.sdk.animoji.AnimojiStateDrawable: int getIntrinsicWidth()>
[main] INFO soot.jimple.infoflow.android.SetupApplication$InPlaceInfoflow - - $i0 = specialinvoke this.<android.graphics.drawable.Drawable: int getIntrinsicHeight()>() in method <com.facebook.drawee.drawable.ForwardingDrawable: int getIntrinsicHeight()>
[main] INFO soot.jimple.infoflow.android.SetupApplication$InPlaceInfoflow - - $r0 = virtualinvoke this.<android.graphics.drawable.Drawable: android.graphics.Rect getBounds()>() in method <one.me.calls.ui.animation.MicrophoneActiveDrawable: int getIntrinsicWidth()>
[main] INFO soot.jimple.infoflow.android.SetupApplication$InPlaceInfoflow - - $i0 = specialinvoke this.<com.facebook.drawee.drawable.ForwardingDrawable: int getIntrinsicWidth()>() in method <com.facebook.drawee.drawable.OrientedDrawable: int getIntrinsicHeight()>
[main] INFO soot.jimple.infoflow.android.SetupApplication$InPlaceInfoflow - - $r0 = virtualinvoke this.<android.graphics.drawable.Drawable: android.graphics.Rect getBounds()>() in method <one.me.calls.ui.animation.SmallSpeakerDrawable: int getIntrinsicWidth()>
[main] INFO soot.jimple.infoflow.android.SetupApplication$InPlaceInfoflow - - $i0 = specialinvoke this.<com.facebook.drawee.drawable.ForwardingDrawable: int getIntrinsicWidth()>() in method <com.facebook.drawee.drawable.OrientedDrawable: int getIntrinsicWidth()>
[main] INFO soot.jimple.infoflow.android.SetupApplication$InPlaceInfoflow - - $i0 = virtualinvoke $r1.<android.graphics.drawable.Drawable: int getIntrinsicWidth()>() in method <one.me.sdk.uikit.common.avatar.OneMeAvatarDrawable: int getIntrinsicWidth()>
[main] INFO soot.jimple.infoflow.android.SetupApplication$InPlaceInfoflow - - $i0 = virtualinvoke $r0.<android.graphics.drawable.Drawable: int getIntrinsicWidth()>() in method <com.facebook.drawee.drawable.ForwardingDrawable: int getIntrinsicWidth()>
[main] INFO soot.jimple.infoflow.android.SetupApplication$InPlaceInfoflow - - $r0 = virtualinvoke this.<android.graphics.drawable.Drawable: android.graphics.Rect getBounds()>() in method <one.me.calls.ui.animation.MicrophoneActiveDrawable: int getIntrinsicHeight()>
[main] INFO soot.jimple.infoflow.android.SetupApplication$InPlaceInfoflow - - $r1 = virtualinvoke $r0.<android.content.res.Resources: android.util.DisplayMetrics getDisplayMetrics()>() in method <one.me.common.drawable.SavedMessagesIconDrawable: int getIntrinsicWidth()>
[main] INFO soot.jimple.infoflow.android.SetupApplication$InPlaceInfoflow - - $r0 = virtualinvoke this.<android.graphics.drawable.Drawable: android.graphics.Rect getBounds()>() in method <one.me.calls.ui.animation.RecordIndicatorDrawable: int getIntrinsicWidth()>
[main] INFO soot.jimple.infoflow.android.SetupApplication$InPlaceInfoflow - - $r0 = virtualinvoke this.<android.graphics.drawable.Drawable: android.graphics.Rect getBounds()>() in method <one.me.sdk.uikit.common.drawable.LoadingDrawable: int getIntrinsicWidth()>
[main] INFO soot.jimple.infoflow.android.SetupApplication$InPlaceInfoflow - - $i0 = virtualinvoke $r0.<android.graphics.drawable.Drawable: int getIntrinsicHeight()>() in method <ru.ok.messages.views.animations.WrapperDrawable: int getIntrinsicHeight()>
[main] INFO soot.jimple.infoflow.android.SetupApplication$InPlaceInfoflow - - $i0 = virtualinvoke $r1.<android.graphics.drawable.Drawable: int getIntrinsicHeight()>() in method <com.facebook.drawee.drawable.ArrayDrawable: int getIntrinsicHeight()>
[main] INFO soot.jimple.infoflow.android.SetupApplication$InPlaceInfoflow - - $i0 = virtualinvoke $r0.<one.me.sdk.richvector.EnhancedVectorDrawable: int getIntrinsicHeight()>() in method <one.me.sdk.richvector.EnhancedAnimatedVectorDrawable: int getIntrinsicHeight()>
[main] INFO soot.jimple.infoflow.android.SetupApplication$InPlaceInfoflow - - $i0 = virtualinvoke $r1.<android.graphics.drawable.Drawable: int getIntrinsicHeight()>() in method <one.me.sdk.uikit.common.avatar.OneMeAvatarDrawable: int getIntrinsicHeight()>
[main] INFO soot.jimple.infoflow.android.SetupApplication$InPlaceInfoflow - - $r1 = virtualinvoke $r0.<android.content.res.Resources: android.util.DisplayMetrics getDisplayMetrics()>() in method <one.me.common.drawable.SavedMessagesIconDrawable: int getIntrinsicHeight()>
[main] INFO soot.jimple.infoflow.android.SetupApplication$InPlaceInfoflow - - $i0 = virtualinvoke $r0.<android.graphics.drawable.Drawable: int getIntrinsicHeight()>() in method <one.me.sdk.animoji.AnimojiStateDrawable: int getIntrinsicHeight()>
[main] INFO soot.jimple.infoflow.android.SetupApplication$InPlaceInfoflow - - $r0 = virtualinvoke this.<android.graphics.drawable.Drawable: android.graphics.Rect getBounds()>() in method <one.me.sdk.emoji.sprite.SpriteEmojiDrawable: int getIntrinsicWidth()>
[main] INFO soot.jimple.infoflow.android.SetupApplication$InPlaceInfoflow - - $i0 = virtualinvoke $r0.<one.me.sdk.richvector.EnhancedVectorDrawable: int getIntrinsicWidth()>() in method <one.me.sdk.richvector.EnhancedProgressAnimatedVectorDrawable: int getIntrinsicWidth()>
[main] INFO soot.jimple.infoflow.android.SetupApplication$InPlaceInfoflow - - $r0 = virtualinvoke this.<android.graphics.drawable.Drawable: android.graphics.Rect getBounds()>() in method <one.me.sdk.uikit.common.progressbar.IndeterminateCircleProgressDrawable: int getIntrinsicHeight()>
[main] INFO soot.jimple.infoflow.android.SetupApplication$InPlaceInfoflow - - $r0 = virtualinvoke this.<android.graphics.drawable.Drawable: android.graphics.Rect getBounds()>() in method <one.me.sdk.uikit.common.drawable.LoadingDrawable: int getIntrinsicHeight()>
[main] INFO soot.jimple.infoflow.android.SetupApplication$InPlaceInfoflow - - $i0 = virtualinvoke $r0.<android.graphics.drawable.Drawable: int getIntrinsicWidth()>() in method <com.facebook.drawee.drawable.RoundedDrawable: int getIntrinsicWidth()>
[main] INFO soot.jimple.infoflow.android.SetupApplication$InPlaceInfoflow - - $i0 = specialinvoke this.<com.facebook.drawee.drawable.ForwardingDrawable: int getIntrinsicHeight()>() in method <com.facebook.drawee.drawable.OrientedDrawable: int getIntrinsicHeight()>
[main] INFO soot.jimple.infoflow.android.SetupApplication$InPlaceInfoflow - - $r0 = virtualinvoke this.<android.graphics.drawable.Drawable: android.graphics.Rect getBounds()>() in method <one.me.sdk.uikit.common.progressbar.IndeterminateCircleProgressDrawable: int getIntrinsicWidth()>
[main] INFO soot.jimple.infoflow.android.SetupApplication$InPlaceInfoflow - - $i1 = specialinvoke this.<com.facebook.drawee.drawable.ForwardingDrawable: int getIntrinsicWidth()>() in method <ru.ok.messages.media.attaches.VideoSettingsDrawable: int intrinsicWidthAddition()>
[main] INFO soot.jimple.infoflow.android.SetupApplication$InPlaceInfoflow - - $r0 = virtualinvoke this.<android.graphics.drawable.Drawable: android.graphics.Rect getBounds()>() in method <one.me.calls.ui.drawable.SavedGroupCallIconDrawable: int getIntrinsicWidth()>
[main] INFO soot.jimple.infoflow.android.SetupApplication$InPlaceInfoflow - - $i0 = virtualinvoke $r0.<android.graphics.drawable.Drawable: int getIntrinsicWidth()>() in method <ru.ok.messages.views.animations.WrapperDrawable: int getIntrinsicWidth()>
[main] INFO soot.jimple.infoflow.android.SetupApplication$InPlaceInfoflow - - $i0 = specialinvoke this.<android.graphics.drawable.Drawable: int getIntrinsicWidth()>() in method <com.facebook.fresco.animation.drawable.AnimatedDrawable2: int getIntrinsicWidth()>
[main] INFO soot.jimple.infoflow.android.SetupApplication$InPlaceInfoflow - - $i0 = virtualinvoke $r0.<android.graphics.drawable.Drawable: int getIntrinsicWidth()>() in method <ru.ok.messages.views.widgets.imageview.MessageProgressDrawable: int getIntrinsicWidth()>
[main] INFO soot.jimple.infoflow.android.SetupApplication$InPlaceInfoflow - - $r0 = virtualinvoke $r1.<android.content.res.Resources: android.util.DisplayMetrics getDisplayMetrics()>() in method <one.me.sdk.richvector.EnhancedVectorDrawable: int dp(float)>
[main] INFO soot.jimple.infoflow.android.SetupApplication$InPlaceInfoflow - - $r0 = virtualinvoke this.<android.graphics.drawable.Drawable: android.graphics.Rect getBounds()>() in method <one.me.calls.ui.drawable.SavedGroupCallIconDrawable: int getIntrinsicHeight()>
[main] INFO soot.jimple.infoflow.android.SetupApplication$InPlaceInfoflow - - $i0 = specialinvoke this.<com.facebook.drawee.drawable.ForwardingDrawable: int getIntrinsicWidth()>() in method <ru.ok.messages.media.attaches.VideoSettingsDrawable: int getIntrinsicWidth()>
[main] INFO soot.jimple.infoflow.android.SetupApplication$InPlaceInfoflow - - $r0 = virtualinvoke this.<android.graphics.drawable.Drawable: android.graphics.Rect getBounds()>() in method <one.me.calls.ui.animation.RecordIndicatorDrawable: int getIntrinsicHeight()>
[main] INFO soot.jimple.infoflow.android.SetupApplication$InPlaceInfoflow - - $r0 = virtualinvoke this.<android.graphics.drawable.Drawable: android.graphics.Rect getBounds()>() in method <one.me.sdk.emoji.sprite.SpriteEmojiDrawable: int getIntrinsicHeight()>
[main] INFO soot.jimple.infoflow.android.SetupApplication$InPlaceInfoflow - - $r0 = virtualinvoke this.<android.graphics.drawable.Drawable: android.graphics.Rect getBounds()>() in method <one.me.sdk.emoji.sprite.SpriteEmojiDrawable: int getMinimumHeight()>
[main] INFO soot.jimple.infoflow.android.SetupApplication$InPlaceInfoflow - - $r0 = virtualinvoke this.<android.graphics.drawable.Drawable: android.graphics.Rect getBounds()>() in method <one.me.calls.ui.animation.SmallSpeakerDrawable: int getIntrinsicHeight()>
[main] INFO soot.jimple.infoflow.android.SetupApplication$InPlaceInfoflow - - $i0 = virtualinvoke $r0.<android.graphics.drawable.Drawable: int getIntrinsicWidth()>() in method <ru.ok.messages.utils.Drawables$SupportInsetDrawable: int getIntrinsicWidth()>
[main] INFO soot.jimple.infoflow.android.SetupApplication$InPlaceInfoflow - - $i0 = virtualinvoke $r0.<one.me.sdk.richvector.EnhancedVectorDrawable: int getIntrinsicWidth()>() in method <one.me.sdk.richvector.EnhancedAnimatedVectorDrawable: int getIntrinsicWidth()>
[main] INFO soot.jimple.infoflow.android.SetupApplication$InPlaceInfoflow - - $i0 = virtualinvoke $r0.<android.graphics.drawable.Drawable: int getIntrinsicHeight()>() in method <ru.ok.messages.utils.Drawables$SupportInsetDrawable: int getIntrinsicHeight()>
[main] INFO soot.jimple.infoflow.android.SetupApplication$InPlaceInfoflow - - $i0 = specialinvoke this.<android.graphics.drawable.Drawable: int getIntrinsicHeight()>() in method <com.facebook.fresco.animation.drawable.AnimatedDrawable2: int getIntrinsicHeight()>
[main] INFO soot.jimple.infoflow.android.SetupApplication$InPlaceInfoflow - - $i0 = virtualinvoke $r0.<android.graphics.drawable.Drawable: int getIntrinsicHeight()>() in method <com.facebook.drawee.drawable.RoundedDrawable: int getIntrinsicHeight()>
[main] INFO soot.jimple.infoflow.android.SetupApplication$InPlaceInfoflow - - $i0 = virtualinvoke $r0.<one.me.sdk.richvector.EnhancedVectorDrawable: int getIntrinsicHeight()>() in method <one.me.sdk.richvector.EnhancedProgressAnimatedVectorDrawable: int getIntrinsicHeight()>
[main] INFO soot.jimple.infoflow.android.SetupApplication$InPlaceInfoflow - - $i0 = specialinvoke this.<android.graphics.drawable.Drawable: int getIntrinsicWidth()>() in method <com.facebook.drawee.drawable.ForwardingDrawable: int getIntrinsicWidth()>
[main] INFO soot.jimple.infoflow.android.SetupApplication$InPlaceInfoflow - - $i0 = virtualinvoke $r0.<android.graphics.drawable.Drawable: int getIntrinsicHeight()>() in method <one.me.image.crop.view.TransformImageView: void onImageLaidOut()>
[main] INFO soot.jimple.infoflow.android.SetupApplication$InPlaceInfoflow - - $i0 = virtualinvoke $r0.<android.graphics.drawable.Drawable: int getIntrinsicWidth()>() in method <one.me.image.crop.view.TransformImageView: void onImageLaidOut()>
[main] INFO soot.jimple.infoflow.android.SetupApplication$InPlaceInfoflow - - $i0 = virtualinvoke $r1.<android.graphics.drawable.Drawable: int getIntrinsicWidth()>() in method <com.facebook.drawee.drawable.ArrayDrawable: int getIntrinsicWidth()>
[main] INFO soot.jimple.infoflow.android.SetupApplication$InPlaceInfoflow - - $i0 = virtualinvoke $r0.<android.graphics.drawable.Drawable: int getIntrinsicHeight()>() in method <com.facebook.drawee.drawable.ForwardingDrawable: int getIntrinsicHeight()>
[main] INFO soot.jimple.infoflow.android.SetupApplication$InPlaceInfoflow - - $i0 = specialinvoke this.<com.facebook.drawee.drawable.ForwardingDrawable: int getIntrinsicHeight()>() in method <com.facebook.drawee.drawable.OrientedDrawable: int getIntrinsicWidth()>
[main] INFO soot.jimple.infoflow.android.SetupApplication$InPlaceInfoflow - The sink staticinvoke <android.util.Log: int d(java.lang.String,java.lang.String)>("[myTracker]", $r1) in method <com.my.tracker.core.Tracer: void d(java.lang.String)> was called with values from the following sources:
[main] INFO soot.jimple.infoflow.android.SetupApplication$InPlaceInfoflow - - $r1 = virtualinvoke $r0.<android.content.Context: java.lang.String getPackageName()>() in method <com.my.tracker.core.o.s0: boolean c(android.app.Application)>
[main] INFO soot.jimple.infoflow.android.SetupApplication$InPlaceInfoflow - - $l0 = interfaceinvoke $r0.<android.database.Cursor: long getLong(int)>(0) in method <com.my.tracker.core.o.q0$a: long a()>
[main] INFO soot.jimple.infoflow.android.SetupApplication$InPlaceInfoflow - - $r2 = virtualinvoke $r1.<android.content.Intent: android.os.Bundle getExtras()>() in method <com.my.tracker.campaign.CampaignReceiver: void a(android.content.Context,android.content.Intent)>
[main] INFO soot.jimple.infoflow.android.SetupApplication$InPlaceInfoflow - - $l0 = interfaceinvoke $r3.<android.database.Cursor: long getLong(int)>(0) in method <com.my.tracker.core.o.r0: long a(long)>
[main] INFO soot.jimple.infoflow.android.SetupApplication$InPlaceInfoflow - - $l0 = interfaceinvoke $r3.<android.database.Cursor: long getLong(int)>(0) in method <com.my.tracker.core.o.m0: long a(long)>
[main] INFO soot.jimple.infoflow.android.SetupApplication$InPlaceInfoflow - - $r1 = virtualinvoke $r0.<android.content.Intent: android.net.Uri getData()>() in method <com.my.tracker.core.o.k: java.lang.String a(android.content.Intent)>
[main] INFO soot.jimple.infoflow.android.SetupApplication$InPlaceInfoflow - - $l0 = virtualinvoke $r0.<android.content.pm.PackageInfo: long getLongVersionCode()>() in method <com.my.tracker.applifecycle.o.i: long a(android.content.pm.PackageInfo)>
[main] INFO soot.jimple.infoflow.android.SetupApplication$InPlaceInfoflow - - $l0 = interfaceinvoke $r3.<android.database.Cursor: long getLong(int)>(0) in method <com.my.tracker.core.o.o0: java.lang.Long a(java.lang.String)>
[main] INFO soot.jimple.infoflow.android.SetupApplication$InPlaceInfoflow - - $r0 = interfaceinvoke $r1.<android.database.Cursor: java.lang.String getString(int)>(1) in method <com.my.tracker.core.o.q0$a: java.lang.String getName()>
[main] INFO soot.jimple.infoflow.android.SetupApplication$InPlaceInfoflow - The sink staticinvoke <android.util.Log: int w(java.lang.String,java.lang.String)>("ACSP", $r0) in method <ru.cprocsp.ACSP.tools.config.DeviceCache: void cache(java.util.Map)> was called with values from the following sources:
[main] INFO soot.jimple.infoflow.android.SetupApplication$InPlaceInfoflow - - $r0 = virtualinvoke $r1.<android.content.Context: java.io.File getFilesDir()>() in method <ru.cprocsp.ACSP.tools.config.DeviceCache: void <init>(android.content.Context)>
[main] INFO soot.jimple.infoflow.android.SetupApplication$InPlaceInfoflow - The sink virtualinvoke $r6.<android.content.ContentResolver: int update(android.net.Uri,android.content.ContentValues,java.lang.String,java.lang.String[])>($r7, $r4, null, null) in method <sn0.b: android.net.Uri a(un0.e,java.lang.String)> was called with values from the following sources:
[main] INFO soot.jimple.infoflow.android.SetupApplication$InPlaceInfoflow - - $r0 = virtualinvoke $r1.<android.content.Context: java.lang.Object getSystemService(java.lang.String)>("audio") in method <one.me.audio.message.player.AudioMessagePlayer: android.media.AudioManager audioManager_delegate$lambda$0(android.content.Context)>
[main] INFO soot.jimple.infoflow.android.SetupApplication$InPlaceInfoflow - - $r4 = virtualinvoke $r3.<android.content.res.Resources: android.util.DisplayMetrics getDisplayMetrics()>() in method <one.me.android.OneMeApplication: java.lang.String setupLogger$lambda$2(one.me.android.OneMeApplication)>
[main] INFO soot.jimple.infoflow.android.SetupApplication$InPlaceInfoflow - - $r0 = virtualinvoke $r1.<android.content.Context: java.io.File getCacheDir()>() in method <ru.ok.messages.utils.g: java.lang.Object invoke()>
[main] INFO soot.jimple.infoflow.android.SetupApplication$InPlaceInfoflow - - $r0 = virtualinvoke $r1.<android.content.Context: java.io.File getExternalCacheDir()>() in method <ru.ok.messages.utils.f: java.lang.Object invoke()>
[main] INFO soot.jimple.infoflow.android.SetupApplication$InPlaceInfoflow - - $r0 = virtualinvoke $r2.<android.content.Context: android.content.SharedPreferences getSharedPreferences(java.lang.String,int)>("permissions_prefs", 0) in method <one.me.sdk.permissions.m: android.content.SharedPreferences f(one.me.sdk.permissions.m)>
[main] INFO soot.jimple.infoflow.android.SetupApplication$InPlaceInfoflow - - $r0 = virtualinvoke $r1.<android.content.Context: android.content.SharedPreferences getSharedPreferences(java.lang.String,int)>("one.me.sdk.design.theme", 0) in method <ov.c: android.content.SharedPreferences z(android.content.Context)>
[main] INFO soot.jimple.infoflow.android.SetupApplication$InPlaceInfoflow - - $r2 = virtualinvoke $r1.<android.content.Context: java.lang.Object getSystemService(java.lang.String)>("audio") in method <one.me.sdk.messagewrite.recordcontrols.f: android.media.AudioManager N0(one.me.sdk.messagewrite.recordcontrols.f)>
[main] INFO soot.jimple.infoflow.android.SetupApplication$InPlaceInfoflow - - $r2 = virtualinvoke $r1.<android.content.Context: java.lang.Object getSystemService(java.lang.String)>("audio") in method <p20.i: android.media.AudioManager Q0(p20.i)>
[main] INFO soot.jimple.infoflow.android.SetupApplication$InPlaceInfoflow - - $r0 = virtualinvoke $r2.<android.content.Context: java.lang.Object getSystemService(java.lang.String)>("audio") in method <vi.g: android.media.AudioManager g(vi.g)>
[main] INFO soot.jimple.infoflow.android.SetupApplication$InPlaceInfoflow - - $r0 = virtualinvoke $r2.<android.content.Context: android.content.ContentResolver getContentResolver()>() in method <sn0.b: android.content.ContentResolver i(sn0.b)>
[main] INFO soot.jimple.infoflow.android.SetupApplication$InPlaceInfoflow - - $r2 = virtualinvoke $r1.<android.hardware.SensorManager: android.hardware.Sensor getDefaultSensor(int)>(8) in method <one.me.sdk.android.tools.ProximityHelper: android.hardware.Sensor r(one.me.sdk.android.tools.ProximityHelper)>
[main] INFO soot.jimple.infoflow.android.SetupApplication$InPlaceInfoflow - - $r2 = virtualinvoke $r1.<android.content.Context: java.lang.Object getSystemService(java.lang.String)>("vibrator") in method <one.me.webapp.rootscreen.WebAppRootScreen: android.os.Vibrator d5(one.me.webapp.rootscreen.WebAppRootScreen)>
[main] INFO soot.jimple.infoflow.android.SetupApplication$InPlaceInfoflow - - $r0 = staticinvoke <android.content.res.Resources: android.content.res.Resources getSystem()>() in method <ru.ok.tamtam.shared.p: android.content.res.Resources p()>
[main] INFO soot.jimple.infoflow.android.SetupApplication$InPlaceInfoflow - - $r0 = virtualinvoke $r2.<android.content.Context: java.lang.Object getSystemService(java.lang.String)>("notification") in method <ig.e: android.app.NotificationManager k(ig.e)>
[main] INFO soot.jimple.infoflow.android.SetupApplication$InPlaceInfoflow - - $i0 = virtualinvoke $r1.<android.app.ActivityManager: int getLargeMemoryClass()>() in method <one.me.android.OneMeApplication: int getLargeMemoryClass()>
[main] INFO soot.jimple.infoflow.android.SetupApplication$InPlaceInfoflow - - $r0 = virtualinvoke $r1.<android.content.pm.InstallSourceInfo: java.lang.String getInstallingPackageName()>() in method <m80.c: java.lang.String a(android.content.pm.InstallSourceInfo)>
[main] INFO soot.jimple.infoflow.android.SetupApplication$InPlaceInfoflow - - $r6 = virtualinvoke $r5.<android.content.res.Configuration: android.os.LocaleList getLocales()>() in method <one.me.android.OneMeApplication: java.lang.String setupLogger$lambda$2(one.me.android.OneMeApplication)>
[main] INFO soot.jimple.infoflow.android.SetupApplication$InPlaceInfoflow - - $r1 = virtualinvoke $r0.<android.os.Looper: java.lang.Thread getThread()>() in method <vf.i$b: java.lang.Thread j()>
[main] INFO soot.jimple.infoflow.android.SetupApplication$InPlaceInfoflow - - $r0 = virtualinvoke $r2.<android.content.Context: android.content.SharedPreferences getSharedPreferences(java.lang.String,int)>("no_v.prefs", 0) in method <one.me.sdk.vendor.g: android.content.SharedPreferences m(one.me.sdk.vendor.g)>
[main] INFO soot.jimple.infoflow.android.SetupApplication$InPlaceInfoflow - - $r0 = virtualinvoke $r2.<android.content.Context: java.lang.Object getSystemService(java.lang.String)>("audio") in method <ru.ok.messages.controllers.AudioController: android.media.AudioManager audioManager_delegate$lambda$0(ru.ok.messages.controllers.AudioController)>
[main] INFO soot.jimple.infoflow.android.SetupApplication$InPlaceInfoflow - - $r3 = virtualinvoke $r2.<android.content.Context: android.content.res.Resources getResources()>() in method <rf.g$o2: java.lang.Object b(xq0.a)>
[main] INFO soot.jimple.infoflow.android.SetupApplication$InPlaceInfoflow - - $r0 = virtualinvoke $r2.<android.content.Context: java.lang.Object getSystemService(java.lang.String)>("audio") in method <one.me.sdk.android.tools.AudioFocusRegulator: android.media.AudioManager f(one.me.sdk.android.tools.AudioFocusRegulator)>
[main] INFO soot.jimple.infoflow.android.SetupApplication$InPlaceInfoflow - - $r0 = virtualinvoke $r2.<android.content.Context: java.lang.Object getSystemService(java.lang.String)>("vibrator") in method <vi.g: android.os.Vibrator K(vi.g)>
[main] INFO soot.jimple.infoflow.android.SetupApplication$InPlaceInfoflow - The sink virtualinvoke $r4.<android.content.ContentResolver: android.net.Uri insert(android.net.Uri,android.content.ContentValues)>($r5, $r6) in method <me.leolin.shortcutbadger.impl.EverythingMeHomeBadger: void executeBadge(android.content.Context,android.content.ComponentName,int)> was called with values from the following sources:
[main] INFO soot.jimple.infoflow.android.SetupApplication$InPlaceInfoflow - - $r4 = virtualinvoke $r0.<android.content.Context: android.content.ContentResolver getContentResolver()>() in method <me.leolin.shortcutbadger.impl.EverythingMeHomeBadger: void executeBadge(android.content.Context,android.content.ComponentName,int)>
[main] INFO soot.jimple.infoflow.android.SetupApplication$InPlaceInfoflow - Data flow solver took 1837 seconds. Maximum memory consumption: 170985 MB
[main] INFO soot.jimple.infoflow.android.SetupApplication - Found 51 leaks from 991 sources
