region,ads,ads,analytics,analytics,anti_fraud,anti_fraud,crash,crash,networking,networking,other,other,payments,payments,push,push
,mean,median,mean,median,mean,median,mean,median,mean,median,mean,median,mean,median,mean,median
eu,165.05263157894737,4.0,337.3157894736842,67.0,12.68421052631579,0.0,32.31578947368421,20.0,37.94736842105263,34.0,1291.5263157894738,725.0,430.05263157894734,3.0,53.73684210526316,18.0
ru,1090.3,10.5,1547.75,1709.0,16.9,2.5,46.45,23.5,56.05,43.5,1729.25,1229.0,811.85,99.0,277.25,163.0
